Age,Geography_Germany,Balance,IsActiveMember,EstimatedSalary,NumOfProducts,CreditScore,Tenure,Gender,Exited
42,0,0.0,1,101348.88,1,619,2,0,1
41,0,83807.86,1,112542.58,1,608,1,0,0
42,0,159660.8,0,113931.57,3,502,8,0,1
39,0,0.0,0,93826.63,2,699,1,0,0
43,0,125510.82,1,79084.1,1,850,2,0,0
44,0,113755.78,0,149756.71,2,645,8,1,1
50,0,0.0,1,10062.8,2,822,7,1,0
29,1,115046.74,0,119346.88,4,376,4,0,1
44,0,142051.07,1,74940.5,2,501,4,1,0
27,0,134603.88,1,71725.73,1,684,2,1,0
31,0,102016.72,0,80181.12,2,528,6,1,0
24,0,0.0,0,76390.01,2,497,3,1,0
34,0,0.0,0,26260.98,2,476,10,0,0
25,0,0.0,0,190857.79,2,549,5,0,0
35,0,0.0,1,65951.65,2,635,7,0,0
45,1,143129.41,1,64327.26,2,616,3,1,0
58,1,132602.88,0,5097.67,1,653,1,1,1
24,0,0.0,1,14406.41,2,549,9,0,0
45,0,0.0,0,158684.81,1,587,6,1,0
24,0,0.0,1,54724.03,2,726,6,0,0
41,0,0.0,1,170886.17,2,732,8,1,0
32,0,0.0,0,138555.46,2,636,8,0,0
38,0,0.0,0,118913.53,1,510,4,0,1
46,0,0.0,1,8487.75,2,669,3,1,0
38,0,0.0,1,187616.16,1,846,5,0,0
25,0,0.0,1,124508.29,2,577,3,1,0
36,1,136815.64,1,170041.95,1,756,2,1,0
44,0,0.0,0,38433.35,2,571,9,1,0
43,1,141349.43,1,100187.43,1,574,3,0,0
29,0,59697.17,1,53483.21,2,411,0,1,0
39,0,0.0,0,140469.38,3,591,3,0,1
36,0,85311.7,1,156731.91,1,533,7,1,0
41,1,110112.54,0,81898.81,2,553,9,1,0
42,0,0.0,1,34410.55,2,520,6,0,0
29,0,0.0,1,142033.07,2,722,9,0,0
45,0,134264.04,0,27822.99,1,475,0,0,1
31,0,145260.23,1,114066.77,1,490,3,1,0
33,0,76548.6,1,98453.45,1,804,7,1,0
36,0,0.0,1,40812.9,1,850,7,1,0
41,1,70349.48,1,178074.04,2,582,6,1,0
40,0,0.0,0,70154.22,1,472,4,1,0
51,0,122522.32,0,181297.65,1,465,8,0,1
61,0,117419.35,1,94153.83,1,556,2,0,0
49,0,131394.56,0,194365.76,1,834,2,0,1
61,0,155931.11,1,158338.39,1,660,5,0,0
32,1,109421.13,1,126517.46,2,776,4,0,0
27,1,112045.67,1,119708.21,1,829,9,0,1
39,1,137843.8,1,117622.8,1,637,9,0,1
38,1,103391.38,1,90878.13,1,550,2,1,0
37,1,103769.22,0,194099.12,2,776,2,0,0
44,1,116363.37,0,198059.16,2,698,10,1,0
36,1,146050.97,0,86424.57,2,585,5,1,0
33,0,0.0,0,116978.19,2,788,5,0,0
41,1,125561.97,0,164040.94,1,655,8,1,1
42,1,98495.72,0,40014.76,1,601,1,1,1
43,0,125211.92,1,113410.49,1,619,1,1,0
45,0,127864.4,0,87107.57,1,656,5,1,0
19,1,75888.2,0,45613.75,1,725,0,1,0
66,0,0.0,0,1643.11,1,511,4,0,1
51,0,40685.92,1,46775.28,1,614,4,1,0
35,1,136857.0,0,84509.57,1,742,5,1,0
27,1,152328.88,0,126494.82,2,687,9,0,0
33,0,56084.69,0,178798.13,2,555,1,1,0
56,0,78707.16,1,99398.36,1,684,8,1,0
26,1,109166.37,1,92840.67,1,603,4,1,0
36,1,169831.46,1,27758.36,2,751,6,0,0
34,1,101633.04,0,110431.51,1,581,1,0,0
43,1,123180.01,1,196673.28,2,735,10,1,0
35,1,150725.53,1,113656.85,2,661,5,0,0
21,0,98373.26,0,18203.0,1,675,8,0,0
58,1,133745.44,0,28373.86,4,738,2,1,1
29,0,0.0,0,33953.87,1,813,6,1,0
37,0,163607.18,1,44203.55,1,657,0,0,0
25,1,157780.84,1,58426.81,2,604,5,0,0
36,0,0.0,1,145562.4,2,519,9,1,0
21,0,178718.19,0,22388.0,2,735,1,0,0
55,0,0.0,1,139161.64,2,664,8,1,0
32,0,0.0,1,148210.64,1,678,9,0,0
33,0,77253.22,1,194239.63,1,757,5,1,0
41,1,122189.66,0,98301.61,2,416,10,0,0
34,0,96645.54,0,171413.66,2,665,1,0,0
32,0,0.0,0,136458.19,1,777,2,0,1
36,0,0.0,0,26019.59,2,543,3,0,0
34,0,90307.62,1,159235.29,1,506,4,0,0
46,0,0.0,0,1907.66,2,493,4,0,0
75,0,0.0,1,114675.75,2,652,10,0,0
22,0,121681.82,0,128643.35,1,750,3,1,1
30,0,0.0,0,151869.35,2,729,9,1,0
46,0,0.0,0,93251.42,3,646,4,0,1
28,1,81623.67,1,156791.36,2,635,3,0,0
44,0,0.0,1,174205.22,3,647,5,0,1
45,0,118626.55,0,147132.46,2,808,7,1,0
36,0,0.0,0,109614.57,2,524,10,0,0
29,0,0.0,1,172290.61,2,769,8,1,0
42,0,0.0,1,85982.47,2,730,4,1,0
35,0,176273.95,1,121277.78,1,515,10,1,0
41,0,102827.44,1,64595.25,1,773,9,1,0
29,1,97086.4,1,197276.13,2,814,8,1,0
22,0,0.0,0,99645.04,2,710,8,1,0
34,0,0.0,0,6534.18,2,413,9,1,0
40,0,0.0,1,161848.03,1,665,6,0,0
44,0,0.0,0,167162.43,2,623,6,0,0
31,0,82674.15,0,41970.72,1,738,9,1,0
36,0,0.0,0,60536.56,2,528,7,1,0
65,0,0.0,1,177655.68,1,670,1,0,1
46,0,107073.27,1,30984.59,2,622,4,0,1
32,1,88938.62,1,10054.53,1,582,1,1,0
36,1,99806.85,1,36976.52,1,785,2,0,0
33,0,150092.8,0,71862.79,1,605,5,1,0
35,1,92833.89,0,99449.86,1,479,9,1,1
30,1,90536.81,1,63082.88,1,685,3,1,0
39,1,108055.1,0,27231.26,2,538,7,1,0
42,0,100238.35,0,86797.41,1,562,2,1,0
36,0,106190.55,1,22994.32,1,675,9,1,0
28,1,154475.54,1,101300.94,2,721,9,1,1
30,1,132351.29,1,74169.13,2,628,9,0,0
37,1,167864.4,0,115638.29,1,668,6,0,0
41,0,0.0,0,31766.3,2,506,1,0,0
31,1,107818.63,0,199725.39,1,524,8,0,1
34,1,185173.81,0,120834.48,2,699,4,1,0
34,0,129433.34,0,38131.77,2,828,8,1,0
39,0,120193.42,0,100130.95,1,674,6,1,0
39,0,0.0,0,141069.88,2,656,6,0,0
48,1,126384.42,1,198129.36,1,684,10,0,0
28,0,0.0,0,183646.41,1,625,3,0,0
42,0,152603.45,0,110265.24,1,432,9,1,1
52,0,0.0,1,8636.05,1,549,1,0,1
56,1,148507.24,0,46824.08,1,625,0,1,1
41,0,0.0,0,171378.77,2,828,7,0,0
24,0,101827.07,0,167256.35,1,770,9,1,0
34,0,0.0,1,124226.16,2,758,3,0,0
33,1,130862.43,1,114935.21,1,795,9,0,0
38,0,122570.87,1,35608.88,1,687,9,1,0
25,0,0.0,1,16459.37,2,686,1,1,0
39,1,124828.46,1,124411.08,2,789,7,1,0
50,1,144895.05,1,34941.23,2,589,5,0,0
34,1,63663.93,1,167784.28,1,461,5,0,0
40,0,133463.1,1,93165.34,1,637,2,1,0
48,0,213146.2,0,75161.25,1,584,2,0,1
35,0,129490.36,1,8590.83,2,579,1,0,1
44,1,137452.09,0,189543.9,1,756,10,1,0
34,0,0.0,1,180427.24,2,663,7,1,0
43,0,125851.93,1,193318.33,1,682,5,0,0
52,0,0.0,0,159123.82,1,793,2,1,1
31,0,40915.55,0,126213.84,1,691,5,0,1
21,0,113157.22,1,54141.5,1,485,5,0,0
29,0,138296.94,0,141075.51,2,635,8,0,0
37,0,106967.18,0,24495.03,1,650,5,1,0
44,0,120681.63,0,74836.34,1,735,9,1,0
32,0,0.0,1,878.87,2,416,0,1,0
32,0,0.0,0,89520.75,2,754,7,0,0
48,0,0.0,0,149892.79,1,535,9,0,1
42,0,0.0,0,180800.42,2,716,8,1,0
37,0,127609.59,0,98646.22,1,539,2,1,0
43,0,0.0,1,109041.53,2,614,6,0,0
57,0,0.0,0,17941.16,1,706,7,1,1
33,0,0.0,0,82996.47,2,758,7,0,0
28,0,0.0,1,92067.35,2,586,2,0,0
73,0,97259.25,1,104719.66,1,646,6,0,0
33,1,123246.7,0,112687.57,1,631,4,0,0
22,0,101060.25,1,84699.56,1,717,6,0,0
30,0,0.0,0,83473.82,2,684,2,1,0
49,0,108007.36,0,47125.11,1,800,7,0,0
36,0,0.0,1,106977.8,2,721,2,0,0
29,0,133702.89,0,55582.54,1,683,0,1,1
31,1,125189.75,1,139874.43,2,660,9,1,0
24,1,113034.22,0,162503.48,1,704,7,0,1
41,0,109013.23,0,196499.96,1,615,9,0,0
39,0,0.0,0,40721.24,2,667,2,0,1
24,1,57929.81,0,53134.3,2,682,9,1,0
29,0,130114.39,0,164017.89,1,484,4,0,0
27,1,95826.49,0,155996.96,2,628,5,1,0
44,1,129608.57,0,5472.7,1,480,10,1,1
30,0,169462.09,0,112187.11,1,578,4,1,0
40,0,0.0,1,146457.83,2,512,5,1,0
35,0,133868.21,1,27286.1,1,484,7,0,0
30,0,0.0,1,130553.47,2,510,0,0,0
36,1,190479.48,0,179351.89,2,606,5,1,0
40,0,101993.12,1,94774.12,1,597,8,0,0
55,1,161608.81,0,8080.85,1,754,3,0,1
45,0,122311.21,1,19482.5,1,850,2,0,0
65,0,0.0,1,48071.61,2,510,2,1,0
45,1,162150.42,0,174531.27,2,778,1,0,0
42,0,0.0,1,55470.78,2,636,2,1,0
50,0,0.0,1,8546.87,1,804,4,0,1
32,0,0.0,0,95857.18,2,514,8,1,0
39,0,99010.67,0,194945.8,1,730,1,0,0
37,0,0.0,1,131521.72,1,525,0,0,0
30,0,0.0,1,196108.51,2,616,5,1,0
34,1,111388.18,0,148564.76,2,687,7,0,0
41,0,56214.85,0,92982.61,2,715,8,0,1
36,0,84327.77,0,17675.36,2,512,3,0,0
40,0,0.0,0,114996.43,2,479,1,1,0
32,0,93012.89,0,86957.42,1,601,8,1,0
29,0,61710.44,0,128077.8,2,580,9,1,0
35,0,174790.15,1,600.36,1,807,3,1,0
32,0,0.0,1,43001.46,2,616,6,0,0
37,1,107720.64,1,158591.12,1,721,3,1,0
57,0,0.0,1,47847.19,2,501,10,1,0
35,0,96423.84,0,10488.44,1,521,6,1,0
30,0,141040.01,1,5978.2,1,850,2,1,0
42,0,105420.18,1,121409.06,1,759,4,1,0
50,0,0.0,1,146145.93,1,516,5,1,1
38,0,129022.06,1,14374.86,2,711,2,0,1
33,0,176666.62,0,94670.77,1,512,3,1,0
37,0,0.0,1,179670.31,1,550,3,1,0
41,0,89763.84,0,199304.74,1,608,3,0,1
34,0,134954.53,1,151954.39,1,618,5,1,0
45,0,0.0,0,142513.5,1,643,5,1,1
45,0,106376.85,1,158264.62,1,671,2,1,0
33,1,161814.64,0,169381.9,2,689,2,1,0
31,0,0.0,1,169915.02,2,603,8,1,0
41,0,0.0,0,88852.47,2,620,9,0,0
34,0,63095.01,1,40645.81,1,676,1,0,0
26,1,118287.01,0,60427.3,2,572,4,1,0
47,1,106854.21,1,157959.02,1,668,7,1,1
46,0,49512.55,0,133007.34,1,695,7,1,0
33,0,0.0,0,176576.62,2,730,9,0,0
43,0,105799.32,0,34888.04,2,807,1,1,1
54,0,0.0,1,28737.71,1,592,8,1,1
31,0,114722.05,1,98178.57,2,726,9,0,0
30,0,0.0,1,125010.24,1,514,7,1,0
42,0,0.0,1,167984.61,2,567,2,1,0
33,0,0.0,0,4861.72,1,850,10,1,1
45,1,99564.22,1,108872.45,1,671,6,1,1
37,0,170557.91,0,198252.88,2,670,4,1,0
30,0,0.0,1,26960.31,2,694,9,0,0
39,1,74596.15,1,85746.52,3,547,6,0,1
50,1,96888.39,0,77206.25,1,751,2,1,1
29,1,130830.22,0,61048.53,1,594,3,0,0
72,0,0.0,1,111981.19,2,673,1,1,0
40,0,0.0,0,62232.6,2,610,0,1,0
37,0,0.0,1,156105.03,2,512,1,0,0
20,1,119714.25,1,150135.38,2,767,3,1,0
67,0,113978.97,1,93146.11,2,585,5,0,0
42,1,100160.75,0,33462.94,1,763,6,1,1
29,0,0.0,1,144375.0,1,712,2,0,0
43,1,116220.5,0,55803.96,3,539,3,0,1
46,0,0.0,0,89048.46,3,668,2,0,1
28,0,81173.83,1,162812.16,2,703,2,1,0
38,0,0.0,0,136259.65,2,662,4,1,0
39,1,116803.8,0,124052.97,1,725,5,0,0
37,0,105961.68,1,74158.8,2,703,8,1,0
67,1,117411.6,1,45071.09,1,659,6,1,1
34,0,0.0,0,62030.06,2,523,7,1,0
40,0,123497.58,0,131953.23,1,635,10,0,1
26,1,152400.51,0,79414.0,2,772,7,1,0
26,0,0.0,1,199638.56,2,545,1,0,0
24,1,103097.85,1,157577.29,1,634,8,1,0
54,1,126418.14,0,134420.75,1,739,8,1,1
36,1,77846.9,0,99805.99,1,771,5,0,0
34,0,0.0,1,97932.68,2,587,1,0,0
79,0,0.0,1,170968.99,2,681,0,0,0
37,1,79731.91,1,57558.95,1,544,2,1,0
28,0,0.0,0,176713.47,1,696,8,1,0
41,0,0.0,1,34283.23,2,766,0,1,0
34,0,0.0,1,198637.34,2,727,10,1,0
34,1,37266.67,0,156917.12,2,671,6,0,0
30,0,127992.25,1,50457.2,1,693,6,0,0
38,1,54901.01,1,140075.55,1,850,3,1,0
42,1,108748.08,1,65323.11,2,732,9,1,0
48,0,99906.19,0,64323.24,1,726,6,0,0
32,0,184686.41,0,14956.44,2,557,6,0,0
26,0,110654.02,1,111879.21,1,682,0,0,0
31,0,79019.8,1,18606.23,1,738,9,1,0
36,0,99240.51,0,123137.01,1,531,9,0,0
34,0,0.0,1,148528.24,2,498,2,1,0
36,0,0.0,0,13898.31,2,651,7,1,0
39,0,0.0,0,81259.25,1,549,7,0,1
35,1,52436.2,0,161051.75,1,791,7,0,0
41,0,0.0,1,191599.67,2,650,9,1,0
34,1,100337.96,0,48559.19,3,733,3,1,1
34,1,149297.19,1,186339.74,2,811,1,0,0
30,0,0.0,0,33159.37,2,707,8,1,0
28,1,145605.44,1,93883.53,1,712,4,1,0
37,0,0.0,1,110899.3,2,706,7,0,0
62,0,0.0,1,11199.04,1,756,3,1,1
53,0,0.0,0,189992.97,2,777,10,0,0
35,0,84026.86,1,164255.69,1,646,6,1,0
46,0,0.0,0,152167.79,1,714,1,1,1
39,0,0.0,1,33949.67,2,782,8,1,0
29,0,0.0,1,68143.93,2,775,10,1,0
35,1,138718.92,1,47251.79,1,479,4,1,1
42,0,118274.71,1,25885.72,1,807,7,1,0
22,0,174185.98,1,192633.85,2,799,8,0,0
40,0,113208.86,0,34577.36,2,675,7,1,0
29,0,103907.28,0,161229.84,1,602,5,1,0
32,0,119023.28,0,100816.29,1,475,8,0,0
26,0,166297.89,1,181694.44,1,744,5,0,0
34,0,0.0,0,79078.91,2,588,10,1,0
42,1,63227.0,1,137316.32,1,703,9,1,0
41,0,94521.17,0,194926.86,2,747,5,0,0
27,0,0.0,0,51285.49,2,583,7,1,0
34,0,112822.26,0,150401.53,1,750,9,0,1
38,0,0.0,1,112491.96,2,681,3,1,0
25,0,135903.33,0,73656.38,1,773,2,1,0
31,0,125169.26,1,106636.89,1,714,4,0,0
44,0,0.0,0,155853.52,3,687,7,0,1
58,0,149117.31,1,162599.51,1,511,0,1,0
33,0,0.0,1,103737.82,2,627,5,1,0
31,0,0.0,0,160990.27,2,694,10,0,0
36,0,132311.71,0,15462.84,1,616,6,0,0
35,0,0.0,0,10334.05,2,687,8,1,0
33,0,0.0,1,190686.16,2,712,6,0,0
33,0,118082.89,0,94440.45,1,553,4,1,0
31,0,119266.69,1,28257.63,1,667,1,1,0
43,0,0.0,1,170034.95,1,731,2,1,1
35,1,156847.29,0,31824.29,2,629,7,1,0
50,0,137104.47,0,127166.49,1,614,4,1,1
31,1,78398.69,0,44937.01,1,438,8,1,0
80,0,0.0,1,188603.07,2,652,4,0,0
30,1,63669.42,0,145111.37,1,729,6,1,0
38,0,0.0,0,171463.83,2,642,3,1,0
59,1,135296.33,0,182822.5,1,806,0,0,0
36,0,153804.44,1,87213.33,1,744,2,1,0
37,0,0.0,0,57175.32,2,474,3,1,0
49,0,147069.78,0,120540.83,1,559,2,1,1
42,0,0.0,1,28714.34,2,706,9,1,0
22,0,0.0,0,85426.28,1,628,3,0,0
24,0,95741.75,0,46170.75,1,429,4,1,0
57,0,145965.33,1,64448.36,1,525,2,0,0
30,0,141441.75,1,16278.97,1,680,8,0,0
40,0,139290.41,0,182855.42,1,749,1,1,1
31,0,0.0,0,50404.72,2,763,4,0,0
30,0,0.0,0,107640.25,2,734,3,1,0
35,0,144428.87,0,134132.65,1,716,4,1,0
35,0,0.0,0,103480.69,2,594,2,1,0
46,0,95441.27,0,108761.05,1,644,9,0,1
35,1,144848.74,1,179012.3,1,671,1,1,0
26,1,116244.14,1,95145.14,2,664,7,1,0
50,0,0.0,1,72143.44,2,656,7,1,0
40,0,146502.07,0,19162.89,1,667,1,0,0
44,1,117028.6,1,144680.18,2,663,2,1,0
30,1,112013.81,0,177772.03,1,584,8,0,1
37,0,108269.37,0,5597.94,1,626,6,0,0
29,0,182123.79,0,116828.51,1,485,7,1,1
32,1,150923.74,1,174652.51,2,659,3,0,0
33,0,0.0,0,2010.98,2,649,2,1,0
39,0,165272.13,0,14109.85,1,805,5,0,1
39,1,115301.31,0,43527.4,1,716,10,0,1
40,1,129502.49,1,86099.23,2,642,6,0,1
31,0,118342.26,0,161574.19,1,659,4,1,0
47,0,0.0,1,38970.14,2,545,5,0,0
22,0,0.0,0,127587.22,2,543,8,1,0
25,0,0.0,0,30380.12,2,718,7,0,0
43,0,0.0,0,90908.95,2,840,7,0,0
34,1,106937.05,0,138275.01,2,630,9,0,0
59,1,170331.37,1,32171.79,1,643,3,1,0
32,1,114510.85,1,126143.23,1,654,1,0,0
39,0,0.0,1,129892.93,2,582,5,1,0
32,0,107594.11,1,102416.84,2,659,3,1,0
39,0,81273.13,1,18719.67,1,762,2,1,0
32,0,169399.6,0,61936.22,1,568,7,0,0
25,0,0.0,1,78358.94,2,670,6,1,0
45,0,187841.99,1,147224.27,2,613,1,0,0
30,0,0.0,0,160979.66,2,539,0,1,0
57,0,126776.3,1,132298.49,2,850,8,0,0
34,0,126436.29,0,174248.52,1,522,9,1,1
41,0,101960.74,1,123547.28,1,737,1,1,0
58,0,0.0,1,32790.02,2,520,3,1,0
28,0,0.0,1,181543.67,2,706,3,1,0
45,1,150842.93,1,2319.96,1,643,2,0,1
50,0,102535.57,1,189543.19,1,648,9,0,0
29,1,99027.61,0,10940.4,2,443,9,0,0
68,0,0.0,1,199493.38,2,640,9,1,0
33,0,0.0,1,188193.25,1,628,3,0,0
42,1,87271.41,0,172572.64,2,540,9,0,0
35,1,102742.91,1,189339.6,2,460,8,0,0
34,1,40105.51,1,53512.16,2,636,2,1,0
29,0,152265.43,0,34004.44,1,593,2,0,0
42,0,141947.67,1,10598.29,1,801,4,1,0
75,1,106307.91,1,113428.77,2,640,1,0,0
31,1,107884.81,1,183487.98,2,611,0,1,0
31,1,125013.72,1,187658.09,1,802,1,1,0
35,1,58469.37,1,172459.39,2,717,7,1,0
39,0,0.0,1,21016.0,1,769,8,0,0
45,1,117231.63,1,122381.02,3,745,10,1,1
35,0,152390.26,0,128123.66,1,572,4,1,0
30,0,34013.63,0,19570.63,1,629,2,0,0
39,0,0.0,0,188150.6,3,687,2,0,1
50,0,0.0,1,111020.24,2,483,9,0,0
36,0,101583.11,0,123775.15,2,690,7,1,0
30,1,77168.87,1,146700.22,2,492,10,0,0
28,1,124695.72,0,145251.35,2,709,8,1,0
44,1,105934.96,0,82463.69,1,705,3,1,0
66,0,0.0,1,15928.49,1,560,9,0,0
46,0,0.0,0,45886.33,2,611,6,1,0
62,0,0.0,1,186489.95,2,730,2,1,0
45,0,0.0,1,162922.65,2,709,2,0,0
21,0,161525.96,0,9262.77,2,544,10,0,0
29,1,147199.07,1,84932.4,1,712,7,0,0
38,1,183102.29,1,71557.12,1,752,3,1,0
46,0,127209.0,0,77405.95,2,648,9,1,1
38,0,0.0,0,417.41,2,556,8,1,1
24,0,97378.54,1,71405.17,1,594,0,0,0
37,1,136925.09,1,153400.24,2,645,2,0,0
33,0,54503.55,1,371.05,1,557,3,1,0
32,1,155726.85,0,67789.99,1,547,8,1,0
39,0,0.0,1,145894.9,2,701,9,0,0
66,0,135842.41,0,183840.51,1,616,1,0,1
52,0,63349.75,0,108887.44,1,605,1,1,0
38,1,129499.42,1,154071.27,1,593,4,0,0
52,0,0.0,1,179291.85,2,751,8,1,0
36,0,70438.01,1,56937.43,2,443,6,1,0
23,0,0.0,1,112239.03,2,685,8,1,0
36,0,0.0,0,45909.87,1,718,9,1,0
49,0,141434.04,0,173779.25,1,538,9,0,1
37,0,0.0,0,125696.26,2,611,4,0,0
37,1,152958.29,1,159585.61,2,668,10,1,0
41,1,138306.34,0,106761.47,1,537,3,0,0
23,0,0.0,0,129590.18,2,709,10,1,0
38,0,0.0,1,80006.65,2,850,1,1,0
31,0,124328.84,1,140451.52,1,745,3,0,0
41,1,181461.48,1,187929.43,3,693,9,0,1
35,0,0.0,0,167155.36,2,795,8,1,0
26,0,0.0,0,191420.71,2,626,8,1,0
61,1,110368.03,0,11384.45,1,487,5,0,1
39,0,89588.35,1,94898.1,1,556,9,0,0
46,0,0.0,0,106781.59,2,643,6,0,0
28,0,0.0,0,159508.52,2,605,6,0,0
60,1,115924.89,0,93524.19,1,756,3,0,1
38,0,0.0,0,87168.46,2,586,2,0,0
40,1,111756.5,0,8128.32,1,535,7,1,1
35,0,0.0,0,125518.32,1,678,4,0,0
39,0,0.0,0,48963.59,1,596,9,1,0
26,0,162923.85,0,98368.24,1,648,9,1,0
39,1,124576.65,0,148584.61,2,492,10,1,0
45,0,80793.58,1,27474.81,1,702,0,1,0
40,1,71340.09,0,76192.21,1,486,9,0,0
40,1,99282.63,0,134600.94,1,568,1,1,1
57,1,137946.39,1,72467.99,1,619,3,1,1
41,1,127892.57,1,199645.45,2,724,2,1,0
33,1,101084.36,0,42749.85,1,548,0,0,0
37,1,114754.08,0,136050.44,1,545,8,0,1
33,0,0.0,0,73564.44,1,683,8,1,0
51,0,99286.98,1,85578.63,1,762,3,0,0
30,1,79871.02,0,129826.89,2,627,4,0,0
35,0,104088.59,0,119666.0,2,516,10,1,0
38,0,168190.33,0,68052.08,2,800,2,0,0
42,1,85679.25,1,164104.74,1,464,3,0,0
35,0,0.0,0,80190.36,1,626,3,0,0
31,0,0.0,0,84126.75,2,790,9,0,0
34,0,121551.58,1,70179.0,2,534,7,0,0
46,0,122220.19,1,118024.1,1,745,2,1,0
47,0,116528.15,0,145704.19,1,553,3,1,1
26,0,77780.29,1,183049.41,1,748,1,0,0
37,0,0.0,0,120906.83,1,722,2,1,0
40,0,125832.2,1,100433.83,1,501,4,1,0
38,0,68065.8,0,138777.0,1,675,6,0,1
47,0,127299.34,0,124694.99,2,778,6,0,0
38,1,174937.64,0,40084.32,1,494,7,0,0
40,0,0.0,1,119232.33,2,850,9,1,0
31,0,110071.1,0,43921.36,1,592,7,1,0
44,0,139432.37,0,62222.81,1,590,3,0,0
39,0,127357.76,1,56577.0,1,758,6,0,0
36,0,0.0,0,164253.35,2,506,5,1,0
33,0,0.0,1,7666.73,1,733,3,1,0
38,0,0.0,0,68487.51,2,711,3,1,0
43,1,95556.31,1,199273.98,1,514,1,1,1
37,0,0.0,1,186062.36,1,637,8,1,0
29,1,111681.98,1,195711.16,2,468,1,1,0
39,0,0.0,0,36692.17,2,539,3,1,0
25,0,108738.71,0,106920.57,2,509,3,0,0
32,0,133950.37,1,48725.68,1,662,4,0,1
26,0,0.0,1,167036.94,2,818,4,1,0
33,0,89968.69,0,68777.26,1,608,9,1,0
32,0,0.0,1,18924.92,2,850,9,0,0
38,1,130878.75,0,71905.77,3,816,5,0,1
35,0,0.0,0,64833.28,2,536,8,1,0
35,0,0.0,1,184843.77,2,753,3,1,0
27,0,134169.62,1,176730.02,1,631,10,1,0
37,0,149762.08,0,20629.4,1,703,1,1,1
26,0,93844.69,0,28415.36,1,774,2,1,0
28,0,0.0,0,77231.27,2,785,8,1,0
33,0,0.0,0,102750.7,2,571,1,0,0
46,1,141078.37,0,34580.8,1,621,6,1,1
31,1,117992.59,1,183598.77,1,605,1,0,0
40,0,100812.33,0,147358.27,2,611,8,0,0
38,0,0.0,1,108469.2,1,569,7,1,0
29,0,80262.6,1,20612.82,1,658,4,1,0
34,0,156478.62,1,181196.76,1,788,6,1,0
23,0,0.0,0,160249.1,2,525,5,0,0
37,0,0.0,0,110783.28,3,798,8,1,0
37,1,115217.99,0,144995.33,2,486,9,1,0
61,0,0.0,0,150227.85,2,615,9,1,1
35,0,155470.55,1,53718.28,1,730,0,0,0
37,0,0.0,0,75248.3,2,641,7,1,0
39,0,135096.77,1,14353.43,1,542,3,1,1
30,0,0.0,1,130486.57,2,692,2,1,0
55,1,180075.22,1,100127.71,1,714,9,0,0
29,0,97541.24,1,196356.17,1,591,1,1,0
41,0,156067.05,1,9983.88,1,710,2,0,0
38,0,81550.94,1,118974.77,2,639,4,0,0
47,0,0.0,0,194998.34,1,531,6,0,1
38,0,170061.92,0,134901.34,2,673,2,0,1
36,1,92310.54,1,72924.56,2,765,8,1,0
32,0,169089.38,0,101057.95,2,622,6,0,0
40,0,80613.93,1,142838.64,1,806,5,1,0
26,1,121581.56,1,127059.04,2,757,8,1,0
58,0,0.0,1,116503.92,1,570,8,0,1
32,0,0.0,1,54405.79,2,555,4,1,0
54,0,0.0,1,88721.84,2,692,5,1,0
60,0,85891.55,0,74135.48,1,774,5,1,1
44,0,77637.35,1,111346.22,2,638,9,1,0
41,0,0.0,0,194902.16,1,543,4,0,0
31,0,0.0,0,31474.27,2,584,5,1,0
30,1,116927.89,0,21198.39,1,691,7,1,0
40,1,137326.65,0,186976.6,1,684,6,0,0
22,0,0.0,1,117202.19,2,733,5,1,0
37,0,0.0,1,143739.29,2,599,2,0,0
31,1,67238.98,1,161811.23,2,524,10,0,0
38,1,86569.76,0,98090.91,2,632,6,0,0
34,0,0.0,0,71095.41,2,735,5,1,0
34,0,133598.4,1,13107.24,1,734,6,1,0
51,0,136188.78,1,67110.59,1,605,3,0,1
38,0,0.0,0,88225.02,2,793,9,1,0
56,0,0.0,1,62256.87,3,468,10,0,1
37,1,120092.52,0,135925.72,2,779,7,1,0
48,0,101238.24,1,177815.87,2,698,4,1,1
58,0,89685.92,1,126471.13,1,707,6,1,0
35,0,211774.31,0,188574.12,1,850,1,0,1
56,0,131317.48,1,119175.45,1,850,7,1,0
37,0,93722.73,1,139093.73,2,527,5,1,0
32,1,101160.99,1,115916.55,1,696,8,1,0
48,0,120320.54,0,96463.25,1,661,3,1,0
31,0,0.0,1,112349.51,2,776,2,0,0
43,0,0.0,1,165303.79,2,701,2,1,0
26,0,0.0,0,166031.08,2,610,8,1,0
48,1,152827.99,0,38411.79,1,572,3,0,1
30,0,64097.75,1,77783.35,1,673,1,1,0
57,0,119035.35,1,29871.79,2,519,2,0,0
26,0,135219.57,1,59747.63,1,702,4,0,0
32,0,93694.42,1,79919.13,1,729,6,1,0
35,0,59408.63,0,76773.53,1,543,10,1,0
40,0,114354.95,0,54018.93,1,550,7,0,0
59,0,0.0,0,70649.64,1,608,1,1,1
35,1,128173.9,0,59093.39,2,639,10,1,0
34,0,0.0,0,127569.8,2,686,9,1,0
62,1,114931.35,1,18260.98,3,564,5,0,1
28,1,111071.36,0,73275.96,1,745,1,0,1
37,0,151226.18,1,136129.49,2,833,8,1,0
26,0,0.0,1,153237.59,2,622,9,1,0
42,0,64740.12,1,106841.12,1,597,4,0,0
51,0,169312.13,0,109078.35,1,721,0,1,1
49,0,0.0,1,87822.14,3,504,7,0,1
44,0,112652.08,0,126644.98,2,842,2,0,0
38,0,0.0,0,47414.15,2,587,0,1,0
30,1,143964.36,0,41879.99,2,479,7,0,0
49,0,122451.46,1,75808.1,2,508,7,1,0
24,0,0.0,1,47911.03,3,749,1,1,0
36,1,65253.07,0,28737.78,2,721,3,0,0
47,1,106901.94,1,2079.2,1,674,6,1,1
25,0,128509.63,0,121562.33,1,685,10,0,0
34,0,0.0,0,55003.79,2,417,7,1,0
33,1,129834.67,0,193131.42,1,574,3,1,0
51,0,154962.99,1,191932.27,3,590,3,0,1
40,1,138241.9,0,159418.1,2,587,5,1,0
41,1,91536.93,0,191468.78,1,598,3,1,1
53,0,0.0,1,38913.68,2,741,3,1,0
70,0,0.0,1,705.18,1,850,5,0,0
29,1,105204.01,1,138490.03,1,584,7,0,0
61,0,152968.73,1,82970.69,1,650,1,1,0
36,0,158261.68,1,76744.72,1,607,8,1,0
46,0,0.0,0,71244.59,1,509,1,0,1
38,0,121021.05,1,12182.15,1,689,6,0,0
36,0,0.0,1,141210.5,2,543,4,1,0
54,0,0.0,0,191763.07,1,438,2,0,1
63,0,137715.66,1,37938.74,1,687,1,0,0
31,1,121192.22,1,74890.58,2,737,5,1,0
31,0,0.0,1,166698.18,3,761,7,1,0
44,0,100486.18,1,62678.53,2,601,1,1,0
45,0,0.0,0,67740.08,1,651,1,1,1
35,0,92566.53,0,161519.77,2,745,9,1,0
49,0,0.0,1,159835.78,2,648,10,0,1
40,0,110929.96,1,30876.84,1,848,3,1,0
27,0,0.0,1,14858.1,2,546,8,0,0
32,0,138901.61,0,75685.97,1,439,3,0,0
30,0,123217.66,1,144183.1,2,755,4,1,0
41,0,0.0,0,65170.66,1,593,6,0,0
39,0,0.0,1,82526.92,2,701,2,1,0
36,0,0.0,0,169161.46,2,701,8,1,0
33,0,108431.87,1,109291.39,2,607,2,0,1
57,0,0.0,1,6057.81,2,586,3,0,0
30,1,72392.41,0,77077.14,1,547,9,0,0
51,1,119741.77,0,54954.51,2,647,1,0,1
51,0,100946.71,0,179614.8,1,760,2,0,1
53,0,170491.84,0,35588.07,1,621,9,1,1
44,0,0.0,1,117356.14,1,725,5,1,0
36,0,0.0,0,160696.72,1,526,1,1,0
47,0,157296.02,0,147278.43,2,519,6,0,1
38,1,144606.22,1,56594.36,1,713,7,0,1
38,0,134811.3,0,1299.75,1,700,8,1,0
34,0,115897.12,1,25095.03,1,666,9,0,0
32,0,82034.0,0,146326.45,1,630,4,1,0
26,0,174318.13,1,38296.21,2,779,4,0,0
41,1,114206.84,0,164061.6,1,611,2,0,0
43,0,0.0,0,107811.28,2,685,9,1,0
39,1,111574.41,1,30838.51,1,646,9,1,0
57,1,162448.69,0,9221.78,1,683,5,0,1
34,1,148249.54,1,33738.27,1,484,4,0,0
43,0,0.0,1,110916.15,3,601,8,0,1
26,0,123709.46,1,169654.57,2,762,7,0,0
72,0,0.0,1,69829.4,1,687,9,0,0
30,0,0.0,0,54926.51,1,566,5,1,1
37,0,150525.8,1,94728.49,1,702,10,1,0
29,0,0.0,1,80393.27,1,601,9,1,0
53,0,0.0,1,111307.98,2,699,4,1,0
28,0,0.0,0,19834.32,2,584,10,1,0
35,0,0.0,1,78397.24,2,699,5,1,0
51,1,111018.98,0,86410.28,1,698,2,0,0
30,0,129755.99,0,172749.65,1,495,10,1,0
27,0,0.0,0,1002.39,2,650,6,0,0
64,0,129555.7,1,13601.79,1,605,2,0,0
38,0,87202.38,1,77866.91,1,667,1,1,0
26,1,146133.39,1,175296.76,1,688,8,1,0
31,0,0.0,0,121751.04,1,727,0,0,1
39,0,170184.99,0,89593.26,2,754,6,1,0
62,1,140745.33,0,193437.89,1,612,8,0,1
42,0,139070.51,1,86945.0,1,546,7,1,0
37,0,0.0,1,183318.79,2,673,8,0,0
35,0,114193.24,0,71154.1,1,593,9,1,0
40,0,167878.5,1,151887.16,1,656,10,0,0
53,1,141616.55,1,75888.65,2,535,5,0,0
36,1,145747.67,1,89566.74,2,678,3,1,0
48,0,129120.64,1,26475.79,1,477,2,0,0
35,0,110349.82,0,126355.8,1,850,7,1,0
29,0,141325.56,1,93839.3,1,427,1,1,0
49,0,78653.84,0,7698.6,1,752,2,1,0
47,0,0.0,1,145593.85,2,649,1,1,0
28,0,142253.65,0,45042.56,1,799,3,0,0
61,0,0.0,0,61108.56,1,589,1,0,1
54,1,115988.86,0,57553.98,1,583,6,0,1
33,0,75592.43,0,62674.42,1,839,10,0,0
44,1,164113.04,1,12120.79,2,540,3,1,0
31,0,67996.23,0,50129.87,2,850,6,1,1
51,0,0.0,0,55022.43,2,696,5,0,0
33,0,0.0,0,117834.91,2,660,1,0,0
48,0,138778.15,1,168840.23,1,682,1,1,0
43,0,147832.15,1,24234.11,1,744,10,0,0
36,0,135438.4,0,190627.01,1,785,4,0,0
48,0,116060.08,0,156618.38,1,752,5,1,1
29,0,112564.62,0,42334.38,1,706,5,0,0
27,0,125406.58,1,110784.42,1,583,1,0,0
39,1,135134.99,0,173683.0,1,660,5,0,1
39,0,133102.92,0,27046.46,1,819,9,0,1
34,0,42157.08,0,20598.59,1,673,8,0,1
30,0,0.0,1,104991.28,2,752,3,0,0
38,0,82259.29,0,8996.97,1,578,7,1,0
36,0,0.0,0,64420.5,2,438,4,0,0
38,0,0.0,1,145700.22,2,652,6,1,0
49,0,0.0,1,196335.48,2,629,4,0,0
52,0,0.0,1,14781.12,1,720,7,1,0
42,0,150461.07,0,108139.23,1,668,3,1,0
48,1,133994.52,1,19287.06,1,459,4,1,1
31,0,164870.81,1,9567.39,2,729,8,1,0
25,1,121702.73,1,132210.49,1,498,8,1,0
25,0,193858.2,1,21600.11,1,549,6,1,0
54,1,131039.97,1,199661.5,2,601,1,0,0
64,0,113829.45,1,124341.49,1,544,9,1,0
30,0,0.0,0,15766.1,2,751,6,0,0
41,1,81877.38,1,33642.21,1,632,3,0,0
57,0,116326.07,1,117704.65,1,694,8,1,0
31,0,0.0,1,58803.28,2,678,2,1,0
46,0,0.0,1,137537.22,2,695,4,1,0
41,0,0.0,1,131300.68,2,661,1,0,0
33,0,0.0,1,84174.81,2,661,9,1,0
31,0,127070.73,1,160941.78,1,559,3,0,0
29,0,0.0,1,143954.99,2,503,3,1,0
46,0,122549.64,1,56297.85,1,695,3,1,0
42,0,176099.13,1,8404.73,1,640,5,0,0
48,1,122388.38,0,30020.09,2,624,3,0,0
42,0,0.0,1,58137.42,2,667,9,1,0
26,0,0.0,0,47472.68,1,642,0,1,0
32,0,118879.35,1,19131.71,2,640,6,0,0
35,0,0.0,1,187288.5,2,529,5,1,0
39,0,0.0,1,17603.81,2,563,5,0,0
38,0,88736.44,0,67020.03,2,593,4,0,0
45,1,102703.62,1,147802.94,1,739,7,1,1
70,0,0.0,1,41610.62,2,788,1,0,0
38,0,0.0,0,44255.65,2,684,3,0,0
55,0,97318.25,1,78416.14,1,482,5,1,0
58,0,128468.69,1,137254.55,1,591,5,1,0
41,1,133432.59,1,151303.48,1,651,4,0,0
40,1,141782.57,0,86333.63,2,749,8,0,0
24,0,135125.28,0,89801.9,1,583,9,1,0
42,0,178820.91,0,29358.57,1,661,2,1,1
31,0,112212.14,1,181600.72,2,715,2,0,0
45,1,126674.81,0,124118.71,1,769,5,0,1
51,0,136294.97,0,38867.46,1,625,7,0,1
36,0,66392.64,0,31106.67,1,641,5,0,0
27,1,122552.34,0,67611.36,2,716,1,1,0
43,0,76408.85,0,77837.63,2,767,1,1,0
36,1,145071.24,0,6078.46,1,745,8,1,0
34,0,0.0,1,177896.92,2,589,6,1,0
45,0,109730.22,1,123882.73,1,796,2,0,0
57,0,0.0,1,15304.08,2,664,6,1,0
62,0,64119.38,1,76569.64,1,445,1,1,1
57,1,106138.33,1,120657.32,2,543,1,0,1
36,0,0.0,1,16436.56,2,746,2,1,0
33,1,181656.51,1,107667.91,1,742,0,1,0
32,0,0.0,0,95611.47,2,750,5,0,0
30,0,95128.86,0,19799.26,1,669,7,1,0
49,0,126615.94,1,123214.74,2,594,2,0,0
36,0,0.0,1,71709.12,2,574,1,1,0
36,1,76190.48,1,149066.14,2,659,2,1,0
40,1,168286.81,0,20451.99,3,750,5,1,1
35,1,88109.81,1,32825.5,1,626,4,1,0
42,0,0.0,0,6232.31,2,620,4,1,0
35,0,0.0,1,10357.03,2,580,8,0,0
34,0,123971.51,0,147794.63,2,686,3,0,0
48,0,148116.48,0,116973.48,1,540,0,1,0
35,1,116269.01,0,129964.94,1,634,6,1,0
38,0,120599.21,0,92816.86,1,632,1,1,0
41,0,144260.5,0,172114.67,1,501,3,0,0
25,0,86605.5,0,16649.31,3,650,3,0,1
34,0,0.0,0,144517.19,2,786,9,1,0
37,1,58629.97,0,182038.6,1,554,4,0,0
42,0,0.0,0,24210.56,2,701,5,0,0
45,0,0.0,0,172175.9,2,474,10,1,0
43,0,0.0,1,47578.45,1,621,5,0,0
56,0,209767.31,1,150694.42,2,672,2,0,1
42,0,129634.25,1,177683.02,2,459,6,0,1
23,0,0.0,0,66088.83,2,669,1,1,0
38,0,169824.46,0,169291.7,1,776,2,0,0
36,0,97530.25,1,117140.41,1,694,3,1,0
42,0,145988.65,1,79510.37,2,787,10,0,0
37,0,0.0,1,77108.66,2,580,9,1,0
25,0,0.0,1,9679.28,3,711,7,0,0
40,0,137494.28,0,81753.92,1,673,5,0,0
57,0,0.0,0,131372.38,1,499,1,0,1
24,0,147360.0,1,25310.82,1,591,6,1,0
25,0,0.0,0,187925.75,2,769,10,0,0
31,0,125167.02,0,98820.39,1,657,3,1,0
43,1,121152.05,0,64166.7,2,738,9,1,1
60,1,128981.07,1,176924.21,1,545,7,0,1
47,0,0.0,1,90055.08,1,497,6,1,0
67,0,151858.98,1,72814.31,1,816,6,1,0
36,0,114628.4,1,168290.06,1,525,2,1,0
46,0,0.0,0,161767.38,2,725,6,1,0
28,0,95059.02,0,44420.18,2,692,8,0,0
24,0,128736.39,1,37147.61,1,618,7,0,0
24,0,156325.38,1,125381.02,1,546,8,1,0
29,0,105405.97,1,149853.89,1,635,7,1,0
49,0,88915.37,0,161435.02,3,611,2,0,1
60,0,0.0,1,102925.76,2,650,8,1,0
40,0,0.0,1,70899.27,2,606,5,1,0
18,0,160980.03,0,145936.28,1,844,2,1,0
46,0,177619.71,0,54227.06,1,450,5,0,0
38,0,62276.99,1,59280.79,1,727,2,1,0
46,1,127559.97,1,126952.5,2,460,4,1,0
41,0,0.0,1,130567.02,2,649,0,1,0
47,1,95523.16,0,73294.48,1,758,9,0,0
35,0,107749.03,1,3937.37,1,490,7,0,0
37,1,110777.26,0,2383.59,2,815,2,1,0
39,0,166733.92,0,14279.44,2,838,5,0,0
31,0,157120.86,0,141300.53,2,803,9,1,0
36,1,127160.78,0,78140.75,2,664,2,0,0
28,0,0.0,1,117431.1,2,736,2,0,0
37,0,156091.97,0,72008.61,1,633,9,0,0
58,0,98668.18,1,60887.58,1,664,5,1,0
43,0,134022.06,0,194764.83,1,600,5,0,0
35,0,124151.09,0,88705.14,1,693,5,0,1
36,1,77253.5,0,35817.97,1,663,6,0,1
21,1,114292.48,0,31520.4,1,742,1,0,0
43,1,140080.32,1,157908.19,3,710,2,1,1
27,0,135277.96,0,142200.15,1,710,2,0,0
82,0,0.0,1,182055.36,2,700,2,0,0
60,1,115920.62,0,157552.08,2,720,9,1,1
41,0,119782.72,0,120284.67,2,684,2,1,0
63,0,114715.71,1,24506.95,1,531,1,0,1
36,1,129748.54,0,47271.61,2,742,2,0,1
31,0,129722.57,0,41176.6,1,717,4,1,0
32,0,0.0,1,9468.64,2,589,2,1,0
36,0,139180.2,0,123880.19,1,767,3,1,0
49,1,113599.74,0,158887.09,2,636,6,1,1
33,0,134944.0,1,117036.38,1,648,7,1,0
58,1,116922.25,0,120415.61,1,622,7,0,1
28,0,118945.09,0,16064.25,1,692,9,1,1
28,0,0.0,1,52615.62,2,754,8,1,0
35,0,119182.73,0,121210.09,1,679,8,0,0
27,0,0.0,0,192247.35,2,639,8,1,0
28,0,71264.02,1,68759.57,2,774,1,0,0
41,0,0.0,1,75937.47,2,517,2,1,0
35,0,0.0,0,84569.13,2,571,8,0,0
58,1,116313.57,1,190696.35,1,747,7,1,1
36,0,92140.15,1,67468.67,1,792,5,1,0
26,0,0.0,1,104435.94,2,688,1,1,0
42,1,177640.09,1,47166.55,1,714,2,1,0
35,0,0.0,0,119899.52,2,562,0,0,0
48,0,167997.6,1,173498.45,1,704,8,1,0
36,0,82275.35,1,93249.26,2,698,2,1,0
49,0,0.0,1,142917.54,2,611,3,1,0
48,1,111962.99,0,111755.8,1,850,6,0,0
34,1,131736.88,1,108543.21,1,743,1,0,0
29,0,0.0,0,180345.44,1,654,1,1,0
36,1,108239.11,0,99444.02,2,761,8,1,0
46,0,98444.19,1,109563.28,1,702,9,0,0
32,1,114540.38,0,92568.07,1,488,3,1,0
35,0,187530.66,1,37976.36,2,683,6,0,0
42,1,133636.16,1,103315.74,1,601,9,0,0
52,0,0.0,1,173952.5,2,605,7,1,0
44,1,84745.03,1,34673.98,2,671,0,0,0
31,1,120599.38,1,46163.44,2,614,7,0,0
29,0,0.0,1,140676.98,2,511,9,0,0
39,0,127771.35,1,151738.54,2,850,4,1,0
46,0,0.0,0,14679.81,1,790,9,0,1
33,0,0.0,0,175544.02,1,793,0,0,0
69,0,0.0,1,181964.6,2,628,5,1,0
53,1,167772.96,1,136886.86,1,598,10,1,0
37,0,95845.6,0,122218.23,1,657,6,0,0
35,0,0.0,0,180439.75,2,618,10,0,0
65,0,134714.7,1,190419.81,2,681,7,1,0
33,0,0.0,1,58685.59,2,516,3,0,0
28,1,122384.22,1,89017.38,3,421,8,1,1
26,0,0.0,0,50051.42,2,700,2,0,0
25,0,157993.15,0,146041.45,2,745,5,1,0
29,0,0.0,0,191166.09,2,696,8,1,0
42,1,123331.36,0,103516.08,1,580,2,0,1
27,0,75263.16,1,164825.04,1,497,9,1,0
43,0,137824.03,0,172557.77,2,720,6,0,0
36,1,132578.92,0,84320.94,2,659,4,1,0
36,0,156021.31,0,122662.98,1,841,5,0,0
34,0,0.0,0,72085.1,1,642,8,1,0
69,0,137453.43,1,110932.24,1,732,9,0,1
36,0,0.0,0,143635.36,2,600,4,1,0
33,1,164284.72,1,3710.34,2,464,8,1,0
47,0,0.0,1,179843.33,2,680,5,0,0
56,0,0.0,1,10643.38,2,758,1,1,0
31,1,112373.49,1,131167.98,2,630,2,0,0
39,0,0.0,0,10553.31,2,577,10,0,0
34,0,0.0,1,130928.22,2,684,6,0,0
41,0,0.0,1,157003.99,1,708,5,0,0
29,1,154333.82,1,138527.56,1,732,1,0,0
37,1,111432.77,1,167032.49,2,634,3,1,0
30,0,0.0,0,41642.29,2,633,6,0,0
34,0,137390.11,0,9677.0,2,559,2,1,0
37,0,0.0,1,147012.22,2,694,3,0,0
56,1,111642.08,1,80553.87,1,686,5,0,0
48,0,0.0,1,30730.95,1,553,3,0,1
36,0,83543.37,0,140134.43,1,507,4,1,0
50,1,145338.76,0,91936.1,1,732,6,1,1
31,0,186796.37,0,178252.63,1,818,1,0,0
35,1,58641.43,1,198674.08,1,660,8,1,0
41,0,0.0,0,28266.9,1,773,5,0,1
44,0,137148.68,0,92381.01,1,640,3,1,0
49,0,80001.23,0,135180.11,1,505,7,1,0
21,1,86402.52,0,27330.59,2,714,6,1,0
42,0,0.0,0,125305.34,2,468,5,0,0
51,0,122874.74,1,149648.45,1,611,1,1,0
25,0,97544.29,1,59887.15,1,705,0,1,0
46,1,170826.55,0,45041.32,2,646,1,1,0
48,1,97133.92,0,113316.77,2,667,1,0,1
41,1,153895.65,1,39087.42,1,511,8,0,0
43,0,0.0,1,7330.59,2,653,6,0,0
57,0,0.0,1,95463.29,2,675,8,0,0
32,0,0.0,0,167848.02,2,523,4,1,0
49,1,134956.02,0,93953.84,1,567,5,0,1
39,0,143637.58,1,174227.66,2,741,7,1,0
32,0,147506.25,1,135399.21,1,456,9,1,0
64,0,0.0,0,195635.3,2,598,1,1,1
43,0,190227.46,0,97508.04,1,667,8,1,1
32,0,172448.77,0,188083.77,1,548,2,0,1
41,0,113980.21,1,116704.25,1,725,7,1,0
53,0,0.0,1,97614.87,2,717,6,1,0
38,0,0.0,0,186884.04,2,594,4,1,0
25,1,76968.12,1,131501.72,2,678,10,0,0
38,0,88293.13,1,24302.95,2,545,1,1,0
48,0,170833.46,0,110510.28,1,636,1,0,1
44,1,108122.39,0,108488.33,2,603,6,1,1
36,0,0.0,1,197015.2,1,435,4,1,0
40,0,0.0,1,27689.77,1,535,8,0,0
45,1,129818.39,0,9217.55,3,629,7,0,1
35,0,163943.89,1,15068.18,2,722,2,0,0
28,0,0.0,0,7797.01,2,561,7,1,0
38,0,101430.3,1,4400.32,2,645,5,0,0
39,0,117301.66,0,182025.95,1,501,9,0,0
32,1,173340.83,1,122763.95,1,502,1,0,0
42,0,0.0,1,38152.01,2,652,4,0,0
33,0,134348.57,0,63163.99,1,574,3,0,0
45,0,105525.65,1,73418.29,2,518,9,0,0
60,0,0.0,0,17978.68,1,749,6,0,1
43,0,0.0,0,115136.51,3,679,4,0,1
36,0,106192.1,0,149575.59,1,565,6,1,0
45,0,45144.43,0,60917.24,1,643,4,0,1
65,0,92113.61,1,142548.33,1,515,7,1,0
25,0,0.0,1,157878.67,2,521,7,1,0
38,0,128366.44,0,12796.43,1,739,0,1,0
42,0,0.0,1,18657.77,2,585,2,1,0
74,1,106545.53,1,134589.58,1,733,3,1,0
43,0,145618.37,1,10350.74,1,542,8,0,0
37,0,141541.25,0,66013.27,1,788,8,1,0
32,1,57017.06,1,5907.11,2,435,2,1,0
42,0,0.0,0,74077.91,1,577,9,1,0
51,0,0.0,1,77294.56,3,703,3,0,1
35,1,125884.95,0,54359.02,2,728,8,0,1
32,1,61825.5,1,156124.93,1,728,5,1,0
35,0,0.0,0,94820.85,2,718,8,1,0
40,0,0.0,0,155155.25,1,621,6,0,0
40,0,102967.41,0,128702.1,1,523,2,0,1
25,1,171770.55,0,22745.5,1,657,2,1,0
40,1,93051.64,0,71865.31,2,727,1,1,1
36,0,161064.64,1,84294.82,2,643,7,1,0
48,0,90612.34,1,149139.13,1,645,7,0,0
28,0,145105.64,0,185489.11,2,568,5,1,0
58,0,0.0,0,176407.15,1,599,4,1,1
45,0,0.0,1,92027.69,1,672,9,0,1
33,0,174912.72,1,43932.54,1,685,6,1,0
46,0,104947.72,0,115789.25,1,516,1,0,1
31,0,135213.71,1,125777.28,1,685,10,1,0
25,0,0.0,0,18461.9,2,806,7,1,0
36,0,116229.85,1,79633.38,2,604,6,1,0
53,0,111201.41,1,121542.29,1,648,6,0,0
32,0,0.0,0,94739.2,1,545,4,0,0
27,1,131899.0,0,93302.29,1,756,1,1,0
35,0,124525.52,1,193793.78,1,569,10,1,0
47,0,0.0,0,74835.65,1,596,6,1,0
39,0,0.0,1,56999.9,1,475,6,1,1
45,0,47134.75,1,57236.44,1,646,3,0,0
35,0,0.0,0,81483.64,2,784,3,1,0
45,0,0.0,0,26752.56,2,552,9,1,0
44,0,0.0,1,9200.54,2,729,5,1,0
61,0,0.0,0,22447.85,1,609,1,1,1
51,0,0.0,0,189122.89,3,555,5,1,1
19,1,138657.08,1,16161.82,1,572,1,0,0
34,0,70302.48,1,68600.36,1,785,9,0,0
36,1,101609.01,1,447.73,2,714,1,0,0
35,0,0.0,1,15650.73,1,738,3,1,0
38,1,130170.82,1,149599.62,1,639,5,1,0
61,1,133802.29,1,90304.01,2,520,8,1,0
24,0,106234.02,0,115676.38,1,764,7,0,0
39,0,132628.98,0,38812.67,1,661,6,1,0
41,1,103522.75,1,34338.21,2,564,9,1,0
42,1,192390.52,0,823.36,2,708,8,0,0
36,0,0.0,1,135482.26,1,512,1,1,1
37,0,0.0,1,10656.89,3,592,9,1,0
38,0,0.0,1,116467.35,2,619,3,0,0
52,0,109922.61,1,96823.32,1,775,8,1,1
44,1,128605.32,1,171096.2,1,850,5,0,0
37,0,0.0,1,79881.39,1,577,4,0,0
37,0,68598.56,0,157862.82,1,724,10,0,0
35,0,106518.52,1,127951.81,1,710,1,1,0
31,0,0.0,0,191074.11,2,696,8,0,0
46,0,0.0,0,157333.69,1,376,6,0,1
29,1,121326.42,0,133457.52,1,675,8,0,0
36,0,67226.37,0,130789.6,1,745,8,1,0
25,0,82931.85,1,128373.88,2,697,5,0,0
39,0,0.0,0,194273.2,1,599,4,0,1
38,0,118590.41,1,5684.17,1,715,5,0,1
67,0,145981.87,1,131043.2,1,659,4,1,0
48,0,73309.38,0,21228.34,1,684,3,0,1
48,0,130796.33,1,43250.3,2,635,8,0,0
33,1,151607.56,0,4389.4,1,789,8,1,0
66,1,111577.01,1,189271.9,1,571,9,0,0
39,0,107042.74,1,102284.2,1,694,0,1,0
42,0,156371.61,1,156774.94,2,665,2,0,1
44,0,129605.99,0,69865.49,1,706,4,0,0
43,0,0.0,1,85523.24,2,807,0,0,0
67,0,0.0,1,51219.8,2,771,8,0,0
27,0,132576.25,0,7222.92,1,531,8,1,0
37,0,129101.3,1,23971.33,1,629,6,0,0
31,1,108822.4,1,132173.31,1,850,1,0,0
35,0,137948.51,0,113639.64,1,685,4,1,0
32,0,100433.8,1,39768.59,1,642,7,1,0
63,0,96134.11,0,108732.96,3,529,4,1,1
43,1,115888.04,1,117349.19,1,683,4,0,1
42,0,124626.07,1,78004.5,1,663,5,0,0
34,0,139810.34,1,152417.79,1,563,6,0,0
34,0,0.0,0,26057.08,2,637,9,0,0
37,0,84496.71,0,79972.09,1,544,3,1,0
70,1,116854.71,1,107125.79,2,649,9,1,0
48,0,138333.03,1,47679.14,1,638,10,0,0
25,0,0.0,1,134509.47,2,723,3,1,0
43,1,78992.75,0,153265.31,2,635,5,1,0
38,0,97257.41,1,179883.04,2,750,7,0,0
34,0,122453.37,0,138882.98,2,730,5,1,0
36,0,112940.07,1,9855.81,1,750,8,0,0
43,0,132558.26,0,67046.83,1,586,8,0,1
38,0,0.0,0,56388.63,2,520,4,0,0
48,0,133297.24,0,77764.37,1,652,8,0,0
46,0,0.0,0,130590.35,2,550,7,0,0
27,0,197041.8,0,151912.49,1,594,0,1,0
44,1,71497.79,0,151083.8,2,749,0,0,0
32,0,0.0,1,777.37,2,668,7,1,0
35,1,128100.28,0,69454.24,1,614,6,0,1
25,0,124532.78,1,11723.57,2,773,1,1,0
31,1,82293.82,1,91565.25,2,551,9,1,0
36,0,142120.91,0,79616.37,1,566,1,1,0
34,0,151839.26,0,102299.81,1,569,0,1,1
31,0,149620.88,1,104533.51,2,659,7,1,0
49,0,168197.66,0,140765.57,1,722,3,0,1
37,0,93147.0,0,66214.13,2,655,5,1,0
35,0,97440.02,1,139816.1,2,615,2,0,0
42,1,65046.08,1,140139.28,2,752,3,0,0
28,0,95357.49,0,102297.15,1,661,7,0,0
43,0,123105.88,0,145765.83,2,838,9,1,0
29,0,0.0,1,83912.24,3,610,9,1,0
44,0,0.0,1,78439.73,2,811,3,1,0
62,0,121286.27,1,6776.92,1,587,7,1,0
28,1,167738.82,1,9903.42,2,811,4,0,0
38,0,104091.29,0,91561.91,1,759,1,0,0
42,1,121980.56,0,4027.02,2,648,8,0,0
43,0,0.0,1,116111.51,2,788,10,0,0
39,1,50880.98,1,184023.54,2,725,1,1,0
42,0,175159.9,0,67124.48,2,646,3,0,1
26,1,105514.69,0,50070.59,2,601,7,0,0
52,1,116497.31,0,53793.1,3,521,5,1,1
33,0,0.0,0,45261.47,2,561,6,0,0
42,0,99824.45,1,36721.4,1,564,7,1,0
45,0,0.0,0,130009.85,1,444,6,1,1
71,0,0.0,1,175380.77,1,650,0,1,0
40,0,0.0,0,127847.25,1,724,10,1,1
35,0,122964.88,1,138231.7,1,719,3,1,0
29,0,0.0,1,48673.18,2,548,4,0,0
24,0,0.0,1,70668.77,2,635,4,1,0
43,0,0.0,1,199505.53,2,496,3,0,0
37,0,89634.69,1,169583.18,1,676,5,0,1
40,1,95710.11,0,49063.42,2,541,7,1,0
41,1,139706.31,0,63337.19,1,778,7,1,0
45,1,103909.86,0,60083.11,1,850,5,0,1
31,0,0.0,0,48606.71,1,633,1,1,0
49,0,173434.9,0,165580.93,1,625,6,1,1
32,0,102238.01,1,194010.12,2,485,6,1,0
48,0,179380.74,1,69263.1,2,547,1,0,0
32,0,0.0,1,88698.83,2,642,3,1,0
25,0,108691.95,0,63030.97,1,718,4,0,0
32,0,0.0,0,59668.81,2,582,4,0,0
33,0,0.0,0,184230.23,2,628,6,1,0
35,1,133377.8,1,64050.19,1,737,0,1,0
34,0,0.0,1,81853.98,2,828,9,1,0
53,0,0.0,1,154642.91,1,609,10,1,0
39,0,116537.6,0,145679.6,1,730,1,1,0
22,0,0.0,0,30781.77,2,631,3,0,0
40,0,0.0,1,81622.52,2,830,4,1,0
29,0,130131.08,1,196474.35,2,645,1,1,0
46,0,0.0,1,176276.1,2,663,3,1,0
30,0,0.0,0,35113.08,1,678,0,1,0
30,0,107316.09,0,64299.82,1,521,2,1,0
24,0,0.0,1,180969.55,2,625,1,0,0
30,0,83181.29,1,138176.78,1,523,1,1,0
72,0,0.0,1,86733.61,1,714,3,0,0
67,0,153946.14,1,7418.92,1,580,3,1,0
30,0,0.0,0,166376.54,2,722,5,1,0
39,0,135483.17,0,140881.2,1,630,7,0,1
35,0,0.0,0,4460.2,2,579,1,1,0
38,0,119624.54,1,110472.12,2,670,4,0,0
34,0,121132.26,0,86460.28,2,588,6,1,0
42,0,0.0,0,16500.66,1,807,1,0,1
48,0,0.0,0,114020.06,1,726,4,0,1
25,1,54817.55,0,131660.31,1,812,5,1,0
40,1,107949.45,0,52449.62,1,631,3,1,1
30,0,0.0,1,161465.31,1,682,4,1,0
49,0,80816.45,1,20018.79,1,625,2,0,0
38,1,98205.77,0,176318.27,1,607,3,1,0
50,0,94684.27,1,50488.91,1,600,6,0,0
22,0,141604.76,0,30379.6,1,602,7,0,0
74,0,0.0,1,161326.73,2,545,3,0,0
33,0,0.0,0,45348.08,2,675,3,1,0
47,0,122949.14,0,180251.68,1,581,1,0,1
33,1,81677.22,0,34925.56,2,640,8,1,0
38,0,80293.98,0,126555.74,1,850,7,1,0
48,0,155413.06,0,187921.3,1,490,8,0,0
38,0,0.0,1,136390.88,2,710,4,0,0
38,1,67111.65,0,78566.64,1,613,9,1,1
34,0,103818.43,1,166038.27,1,812,5,1,0
20,0,0.0,1,140385.33,2,723,4,0,0
36,0,152169.12,0,38629.3,2,512,4,1,1
52,0,0.0,1,24998.75,1,731,10,0,1
26,1,214346.96,0,128815.33,2,650,4,1,0
57,0,0.0,0,19376.56,1,594,6,1,1
40,0,113348.14,0,31904.31,1,844,7,1,1
47,1,170935.94,0,173179.79,1,686,5,0,1
52,1,103023.26,1,22485.64,1,695,8,1,0
23,0,0.0,1,196668.51,2,624,6,0,0
37,0,0.0,0,136506.86,2,503,6,1,0
31,0,111855.04,1,36278.89,2,535,7,0,0
32,1,140348.56,1,163254.39,2,743,6,0,0
39,0,0.0,0,99654.13,2,702,8,1,0
29,0,145512.84,0,20207.02,1,658,3,1,0
41,1,146720.98,1,4195.84,2,677,8,0,0
32,0,107209.73,1,112340.2,1,664,10,1,0
38,1,130933.74,1,2035.94,1,766,7,0,0
35,0,0.0,0,132295.95,1,461,8,0,0
36,0,89772.3,0,177383.68,1,688,0,1,1
32,0,0.0,0,90284.47,2,678,5,0,0
24,0,0.0,0,61349.37,2,796,8,1,0
42,0,0.0,0,196466.83,1,803,5,1,1
36,0,100749.5,0,70758.37,3,712,2,1,1
31,0,0.0,0,13892.57,2,498,10,0,0
22,0,0.0,1,9684.52,2,850,2,1,0
51,0,123981.31,1,40546.15,2,628,3,0,0
34,1,91622.42,1,136603.42,1,539,4,0,0
36,0,126195.81,1,133172.48,1,732,7,1,0
41,0,94267.9,1,152821.12,1,715,4,1,1
40,0,0.0,1,147715.83,2,651,4,1,0
34,0,0.0,0,43169.15,2,813,0,1,0
29,0,0.0,0,76755.99,1,692,4,1,1
39,1,100717.85,1,73406.04,3,756,3,0,1
36,0,0.0,0,176728.28,2,543,6,1,0
26,0,141581.71,0,98309.27,2,790,4,0,0
38,0,0.0,1,6203.66,2,494,7,1,0
39,0,148586.64,1,176791.27,1,850,2,0,0
29,0,0.0,0,50679.48,2,703,9,1,0
38,0,0.0,0,150580.88,2,432,7,1,0
32,1,123403.85,0,80120.19,2,512,2,0,0
28,0,0.0,0,151645.96,2,589,7,1,0
46,0,106511.85,0,55072.32,1,514,3,0,0
38,0,0.0,0,115068.99,2,678,2,0,0
34,1,135549.9,0,149471.13,1,420,1,0,1
38,1,110555.37,0,46522.68,2,679,7,1,0
31,0,0.0,0,189995.86,2,595,4,1,0
52,0,185891.54,1,46369.57,1,713,0,0,1
59,1,130854.59,1,30722.52,1,833,1,1,1
42,0,92578.14,0,70810.6,2,690,3,0,0
21,1,132312.06,0,106663.46,1,731,8,0,1
62,0,144976.5,0,175836.03,1,608,8,0,1
48,0,87070.23,1,85646.41,1,479,5,1,0
42,0,0.0,1,101485.72,2,519,8,1,0
47,0,115414.19,0,191734.67,3,731,1,0,1
61,0,91070.43,1,101839.77,1,617,7,1,0
29,0,117412.19,0,4888.91,2,756,2,1,0
31,1,90018.45,0,193132.98,2,848,4,1,0
24,0,0.0,0,193518.76,2,809,4,0,0
56,1,112414.81,0,93982.02,2,698,1,1,1
33,1,158456.76,1,197000.92,1,779,1,1,1
35,0,0.0,0,106837.06,1,606,7,1,1
58,1,149641.53,1,115161.28,1,612,1,0,0
33,0,122528.18,0,196260.3,1,663,8,0,0
45,1,143734.01,1,96404.38,2,549,3,0,0
32,0,155663.31,0,97658.66,1,675,2,0,0
35,0,0.0,1,49108.23,1,669,7,0,1
34,1,101736.66,1,195651.66,1,571,1,0,0
37,0,125822.21,0,111698.0,1,500,9,1,0
37,0,0.0,1,171707.93,2,628,0,1,0
34,0,0.0,1,66721.98,2,559,4,1,0
27,0,0.0,1,57876.05,1,769,2,0,0
31,1,157791.07,0,177994.81,2,733,6,1,0
22,0,0.0,1,105125.65,2,750,5,1,0
42,0,0.0,0,17439.66,2,583,4,0,0
42,1,181627.14,0,172668.39,2,468,9,1,0
57,0,109679.72,1,753.37,1,727,1,0,0
37,0,96652.86,0,98686.4,1,618,5,0,1
40,0,190008.32,1,107047.92,2,617,5,1,0
41,0,0.0,0,152153.74,2,793,9,1,0
43,0,0.0,1,34338.04,2,630,9,1,0
43,1,148962.76,1,173878.87,1,765,4,1,1
28,0,0.0,0,159254.29,1,546,8,1,0
30,1,131344.52,0,54776.64,2,614,3,0,0
29,1,101713.84,0,134594.99,3,593,5,0,0
34,0,0.0,1,41724.72,1,613,3,1,0
38,0,0.0,0,110527.71,2,655,4,1,0
27,0,137963.07,0,8996.79,1,700,6,0,0
29,0,129938.07,1,190200.53,1,826,4,0,0
45,1,151421.44,1,115333.43,1,652,2,1,0
45,1,135643.0,0,143619.52,1,755,7,0,1
39,0,122773.5,1,58467.08,2,538,2,1,0
34,0,152303.8,0,12128.69,1,729,3,1,0
49,0,0.0,1,49872.33,2,615,3,1,0
54,0,79415.67,1,139735.54,1,700,1,1,0
58,1,125801.03,0,60891.8,2,434,9,0,1
37,0,0.0,0,100862.54,2,729,10,1,0
35,0,0.0,0,76640.29,1,513,8,1,1
41,0,104817.41,0,126013.58,1,755,6,1,1
30,0,0.0,0,87347.82,1,615,9,0,0
32,1,67495.04,1,77370.37,2,747,5,0,0
36,0,164850.54,1,62722.44,1,850,0,0,0
49,1,154776.42,0,196257.68,2,712,5,0,0
28,1,143124.63,0,81723.8,2,622,1,0,0
35,0,0.0,1,31299.71,1,548,10,0,0
27,0,0.0,0,63495.86,2,607,2,0,0
38,0,102133.38,1,166520.96,1,653,8,0,0
26,0,79932.41,0,150242.44,1,699,6,1,0
40,1,120711.73,0,27345.18,1,693,0,1,1
43,1,122717.53,1,87000.39,2,647,3,0,0
36,0,92363.3,0,44912.7,2,478,3,0,0
40,0,203715.15,0,179978.68,1,705,5,0,1
39,0,0.0,0,145759.7,2,719,5,1,0
34,0,0.0,0,14121.61,2,726,9,1,0
21,0,0.0,0,66232.23,2,626,1,1,0
49,0,0.0,1,190296.76,1,552,4,1,1
31,1,93460.47,0,172782.69,2,807,1,0,0
34,0,0.0,1,99128.13,2,621,6,1,0
24,1,40224.7,1,178341.33,1,651,7,0,0
43,0,168069.73,1,146992.24,1,673,5,0,1
36,0,0.0,1,151314.98,2,652,1,1,0
47,1,130538.77,0,92915.84,1,584,7,1,0
37,0,132623.6,1,58974.0,1,756,3,1,0
35,0,103465.02,1,174627.06,2,670,3,0,0
50,0,126547.8,1,79579.94,1,765,9,0,1
30,0,128262.72,0,50771.16,2,528,2,1,0
40,0,169742.64,1,153537.55,1,701,5,1,1
29,0,0.0,1,132975.39,2,797,1,0,0
27,1,150795.81,1,85208.93,1,639,3,1,0
61,0,129855.72,0,170214.82,2,785,4,0,1
28,0,146098.43,0,100615.14,3,363,6,0,1
24,0,0.0,0,186105.99,2,764,7,0,0
43,0,0.0,1,55119.53,1,676,2,0,0
28,1,65643.3,0,28760.99,1,718,4,1,0
34,0,0.0,0,171021.44,2,590,6,0,0
38,0,104584.16,0,176678.72,1,584,9,1,0
41,0,0.0,1,28667.56,1,645,7,1,0
30,1,99785.28,0,197238.03,2,772,6,1,0
46,1,127655.22,0,139994.68,1,399,2,1,1
22,0,0.0,0,151169.83,1,529,5,1,0
35,0,101257.16,1,118113.64,1,463,2,1,0
40,0,0.0,1,34453.17,2,630,7,0,0
76,0,121313.88,1,64872.33,1,780,10,1,0
32,0,0.0,0,10956.82,2,584,5,1,0
30,1,81523.38,1,36885.85,1,752,4,1,0
47,0,128252.66,1,168053.4,1,697,6,0,0
32,0,0.0,0,155227.0,2,850,7,0,0
51,0,0.0,0,38409.79,3,711,7,1,1
32,0,0.0,1,75279.39,2,452,5,0,0
42,0,0.0,0,158302.59,2,610,6,1,1
22,0,0.0,1,11525.72,2,694,4,0,0
33,0,0.0,0,94993.04,1,579,6,1,1
54,0,0.0,0,173912.29,1,745,8,0,1
33,0,0.0,1,41139.05,1,572,5,1,0
29,1,145541.56,1,58019.95,2,505,3,1,0
23,0,0.0,0,164128.41,1,706,5,0,1
44,1,124601.58,1,46998.13,2,693,5,1,1
33,1,115182.84,1,177279.41,2,725,7,0,0
37,0,163789.49,0,75832.53,2,791,2,1,0
46,0,65733.41,0,61094.53,1,536,1,1,0
47,0,0.0,1,30117.44,2,699,1,1,0
47,0,128486.11,0,179227.12,1,500,8,0,0
53,0,109663.47,1,52110.45,1,707,6,0,0
42,1,88324.31,0,75248.75,2,531,6,0,0
28,0,146445.24,0,184317.74,2,557,7,0,0
38,0,0.0,0,158553.1,2,659,3,0,0
31,0,0.0,1,95686.42,2,575,6,0,0
36,1,109949.05,1,71682.54,2,775,2,1,0
30,0,78653.05,0,1790.48,1,772,4,1,0
46,1,107850.82,0,139431.0,1,587,9,1,1
39,1,83765.35,0,118358.54,2,667,4,0,0
66,0,143773.07,1,130827.88,1,771,7,0,0
63,1,116227.27,1,119404.63,1,523,6,1,0
33,1,103471.52,1,162703.0,1,662,0,1,0
42,0,0.0,0,172665.21,2,717,5,1,0
24,0,137492.35,1,170142.09,2,746,3,1,0
28,0,0.0,0,73977.23,2,569,7,1,0
36,0,129829.59,1,60906.12,1,579,9,1,0
21,0,146329.57,1,194867.27,2,519,1,0,0
30,1,114027.7,1,193716.56,1,696,4,1,0
25,1,146580.69,1,14633.35,1,693,6,1,0
38,1,132122.42,0,31730.32,2,587,0,0,0
44,0,81553.93,0,20063.63,1,626,10,0,1
66,0,0.0,1,99792.82,2,666,7,0,0
24,0,0.0,0,37654.31,2,512,6,1,0
28,0,0.0,1,192449.02,2,689,3,0,0
26,0,0.0,1,181208.47,2,803,4,0,0
32,1,175214.71,1,155165.61,1,548,5,1,0
40,1,125534.51,0,121504.18,1,588,10,0,1
68,0,97705.99,1,61569.07,1,693,4,1,0
55,1,126817.65,0,123269.71,2,499,4,0,0
46,0,46870.43,0,31272.14,4,628,1,0,1
46,0,0.0,1,62825.03,2,624,3,1,0
42,0,120094.93,0,184056.45,1,733,9,1,0
38,0,0.0,1,48924.73,2,628,3,0,0
33,0,0.0,0,191111.02,2,633,3,0,0
36,1,104356.94,1,54184.06,2,559,1,0,0
27,1,147004.34,0,64381.33,1,704,5,1,1
38,1,73023.17,0,78770.86,2,744,6,1,0
40,0,173432.55,1,116766.79,1,665,1,0,0
42,0,165679.92,0,32916.29,1,638,7,0,0
31,0,104678.62,1,50972.6,1,837,9,1,0
55,0,116973.26,0,122066.5,3,534,8,0,1
36,0,0.0,0,65996.9,1,548,3,0,0
38,1,126732.85,1,79577.38,1,837,2,1,0
44,0,148481.09,0,130529.13,1,658,6,0,0
38,0,137654.05,1,172629.67,2,554,4,0,0
30,1,115315.04,0,15216.53,1,724,7,1,0
42,0,99095.73,1,17512.53,1,723,2,1,0
39,1,165610.41,0,131852.01,2,585,7,0,0
33,0,0.0,0,181945.52,2,474,5,1,1
32,0,161628.66,0,91482.5,1,562,6,1,0
32,0,146605.27,1,77119.45,1,719,9,1,0
37,1,113488.68,0,95611.74,1,635,5,1,1
42,0,77002.2,1,80428.42,2,743,7,1,0
67,0,0.0,1,163714.92,2,681,7,1,0
39,0,0.0,1,27375.15,2,521,6,0,0
25,0,0.0,1,73873.65,2,741,4,1,0
46,0,182364.53,0,139266.48,1,790,8,1,1
35,0,0.0,1,131772.51,2,622,8,1,0
45,0,149364.58,1,173454.07,1,669,7,1,0
59,0,127450.14,1,67552.71,1,583,7,1,0
63,0,162278.32,1,34765.33,1,520,5,0,0
37,0,152212.88,0,120219.14,2,579,5,1,0
39,0,161993.89,0,90212.38,1,698,9,0,0
39,0,131468.44,0,164975.82,1,548,7,1,0
40,1,102980.44,0,1285.81,1,672,10,1,1
31,1,143321.97,0,83679.46,1,653,9,1,0
37,0,130404.92,0,34548.74,1,734,2,0,0
41,0,0.0,1,74275.08,2,794,7,0,0
30,0,87505.47,1,7278.57,2,641,2,1,0
30,0,133634.02,1,162053.92,1,824,0,1,0
33,0,151233.62,0,199336.63,1,534,3,0,0
55,0,70263.83,1,62347.71,1,653,2,1,0
34,0,0.0,1,91711.66,2,498,5,1,0
30,0,57657.49,0,79240.9,1,683,10,1,0
42,1,153572.31,1,76679.6,2,618,8,1,0
37,0,134752.08,0,162511.55,1,538,1,1,0
34,0,83132.09,1,21360.88,1,643,3,1,0
31,0,0.0,0,54487.43,2,428,2,0,0
32,1,134096.53,0,53931.05,2,593,9,0,1
31,0,118100.59,0,103165.15,2,718,0,0,0
52,1,76915.4,0,146359.81,1,811,10,1,1
46,0,81576.75,1,28370.95,1,823,3,0,1
49,0,0.0,0,10023.15,2,645,2,1,0
33,0,118327.17,1,192928.82,2,710,10,1,0
30,0,124857.69,0,50485.7,2,591,8,1,0
27,1,90971.85,1,131662.47,1,748,2,0,0
37,0,153147.75,1,152235.3,1,850,7,0,0
38,0,65942.26,1,68093.23,1,542,8,1,1
38,0,0.0,1,80061.31,2,809,3,1,0
54,0,0.0,0,149583.67,1,675,2,1,1
27,0,100912.19,0,7631.27,1,607,5,0,0
31,0,0.0,1,33082.81,2,850,4,0,0
37,0,0.0,0,121883.87,1,789,3,1,1
43,0,0.0,1,100722.72,3,598,5,0,1
41,1,124439.49,1,47093.11,2,756,2,1,0
47,0,0.0,1,177624.01,2,687,7,0,0
40,0,0.0,0,106149.48,2,724,6,1,0
44,0,58781.76,0,16874.92,1,700,2,0,0
50,0,159453.64,0,54560.79,2,635,7,1,1
26,1,142721.52,1,153605.75,1,687,2,1,0
46,0,167795.6,1,44390.38,1,613,8,0,0
38,0,128345.69,0,63218.85,2,781,3,0,0
20,0,165260.98,1,41626.78,1,703,3,1,0
62,1,118233.81,1,24765.53,1,593,3,0,1
40,0,0.0,0,28280.8,1,743,6,0,1
46,0,0.0,0,89043.19,2,640,8,0,0
37,1,143452.74,1,17294.12,2,849,7,1,0
38,0,145018.49,1,126702.41,2,778,3,1,0
38,1,82407.51,0,13123.41,1,539,8,0,0
28,1,79460.98,1,167973.63,2,489,1,1,0
43,0,0.0,0,125870.79,1,568,9,0,1
38,0,126473.99,0,91972.49,1,618,5,1,0
30,1,133537.1,0,155593.74,2,710,10,0,0
52,0,164978.01,1,67788.49,1,625,5,1,0
46,0,128029.72,1,62615.35,1,682,7,1,0
43,0,97403.18,1,107415.02,1,727,2,1,1
41,0,176845.41,0,166526.26,3,794,7,0,1
71,0,0.0,1,120107.1,1,652,4,1,0
42,0,81589.04,0,188227.8,1,670,3,1,0
40,1,119507.58,0,91560.63,2,460,6,0,1
26,0,0.0,0,166495.2,2,568,6,0,0
30,0,94443.77,1,165614.4,1,643,5,1,0
37,0,0.0,1,86372.24,2,521,2,1,0
32,0,92199.84,1,2755.53,1,615,7,1,0
43,0,0.0,0,83594.51,1,575,3,1,0
41,0,135756.96,1,103706.41,1,717,3,0,0
54,0,120633.42,0,5924.38,1,648,9,0,1
48,1,134542.73,1,58203.67,1,535,5,1,1
29,0,0.0,0,49361.84,2,626,7,1,0
52,0,0.0,1,73585.18,1,611,7,1,1
39,0,0.0,1,95135.27,1,734,6,1,0
49,0,154344.49,1,38794.57,2,709,4,1,0
43,0,0.0,1,198926.36,2,591,3,1,0
43,0,189026.53,1,56099.86,2,664,9,1,0
37,0,120764.08,1,117023.08,1,431,0,1,0
22,1,97975.82,1,62083.0,2,647,3,0,0
32,0,0.0,1,141822.8,2,578,4,1,0
41,1,113270.2,1,185387.14,2,555,10,1,0
30,0,0.0,1,57461.13,2,775,4,1,0
39,1,124548.99,1,120380.12,2,850,3,1,0
43,0,201696.07,0,133020.9,1,625,8,1,1
37,0,0.0,0,13589.93,2,645,7,0,0
44,1,114203.47,1,77830.36,1,608,7,1,1
31,0,0.0,1,136610.02,2,689,4,0,0
50,1,125437.64,1,17160.94,1,652,8,1,1
26,0,0.0,0,176843.53,2,769,7,0,0
43,0,64897.75,0,114996.33,1,611,8,0,0
38,0,0.0,1,196990.79,2,489,8,1,0
46,1,135555.66,0,133146.03,1,528,9,0,1
44,0,107764.75,0,185667.72,1,632,3,1,0
27,0,117307.44,1,24020.49,2,429,6,0,0
41,0,73700.12,1,185750.02,3,457,8,1,1
44,0,60603.4,1,178045.97,1,768,6,0,0
35,0,40169.88,1,199857.47,2,715,4,0,0
32,1,92041.87,1,43595.9,1,668,10,0,0
26,1,130483.95,0,122810.53,1,625,3,1,0
41,0,0.0,0,3440.47,3,846,5,0,1
42,0,0.0,0,35989.41,2,661,3,0,0
23,0,151097.28,1,17163.75,1,571,10,0,0
46,0,67563.31,0,44506.09,1,582,8,0,1
35,0,112808.18,1,17848.3,1,716,8,0,0
42,0,0.0,1,76209.56,2,758,7,0,0
66,0,86459.8,1,141476.56,1,725,4,1,0
40,0,118633.08,1,60032.46,1,630,0,0,1
55,0,159441.27,0,100686.11,1,627,2,0,1
27,0,0.0,0,96429.29,2,653,9,0,0
38,1,125212.65,1,15795.88,2,775,4,0,1
45,0,88656.37,0,116547.31,2,794,8,1,0
32,0,146033.62,0,191260.74,1,831,2,0,0
29,0,120268.13,1,173870.39,1,561,9,1,0
46,0,0.0,0,117273.35,2,705,7,1,0
33,0,0.0,0,92277.47,1,636,0,0,1
46,1,135070.58,1,44244.49,2,487,4,0,1
38,0,0.0,0,78133.48,2,693,3,0,1
29,0,0.0,0,103402.88,2,517,5,0,0
27,0,122550.05,1,137835.82,2,684,9,0,0
43,0,0.0,0,20670.1,2,620,2,0,0
29,0,130306.49,0,77469.38,1,757,8,1,0
27,0,0.0,1,57572.38,1,739,6,0,0
41,0,90350.77,0,75884.65,1,662,4,0,1
44,0,128747.69,0,146955.71,1,359,6,0,1
23,0,126873.52,1,67040.12,1,572,2,1,0
69,0,108424.19,1,178418.35,1,721,2,1,0
32,0,0.0,0,30807.02,2,707,9,1,0
40,0,84350.07,0,143835.76,1,444,5,0,0
73,0,0.0,0,130883.9,2,523,7,0,1
30,1,84958.6,1,194343.72,2,685,4,0,0
29,1,99097.36,1,9796.69,1,673,4,0,0
30,1,136622.55,0,47310.24,2,503,10,1,0
30,1,156771.68,1,141148.21,1,485,5,0,0
28,1,167658.33,1,111138.25,2,799,7,1,0
33,0,0.0,0,114182.07,2,585,8,0,0
24,1,109483.54,1,127560.77,2,607,2,0,0
40,1,134504.78,0,18082.06,1,521,9,0,0
44,0,114427.86,1,136330.26,1,535,2,0,0
45,0,83888.54,1,34121.81,1,724,5,1,0
32,1,110029.77,0,56246.69,1,520,5,1,0
41,0,127523.75,1,191417.42,1,696,9,1,0
30,1,139762.13,1,23317.88,2,657,1,1,0
42,0,91611.12,0,144675.3,1,603,8,0,1
42,0,109471.79,1,175161.05,1,726,2,0,0
39,0,150500.64,0,14928.8,1,591,4,0,0
59,1,101609.77,0,161479.19,1,792,9,0,1
57,0,0.0,1,133501.94,1,550,5,1,0
26,0,78892.23,1,23703.52,1,601,8,0,0
29,0,82344.84,1,115985.38,1,820,3,0,0
48,0,0.0,0,43229.2,1,667,2,1,0
44,0,0.0,1,94862.93,1,573,4,0,0
62,0,127706.33,1,142377.69,2,755,1,1,0
41,0,124349.34,0,135635.25,1,552,9,0,0
44,0,0.0,0,148487.9,2,598,8,1,0
28,1,119336.29,1,58976.85,2,576,1,1,0
31,0,0.0,1,76254.83,1,670,9,0,0
56,1,104217.3,0,55857.48,1,504,9,1,1
65,0,0.0,1,77867.23,1,778,7,0,0
39,1,144757.02,0,22878.16,1,558,10,1,1
44,0,0.0,1,114469.55,1,627,6,1,0
43,0,0.0,0,96754.8,1,683,8,1,0
43,0,0.0,0,125154.57,3,556,6,0,1
38,0,0.0,1,113597.64,2,583,10,0,0
24,0,100169.51,0,121408.55,1,705,7,0,0
33,0,145731.83,1,109219.43,1,637,2,1,0
56,0,110802.03,1,50230.31,1,697,5,1,1
46,1,120392.99,0,177719.88,1,555,4,0,1
26,1,135067.52,0,131211.86,2,594,6,0,0
31,0,136556.44,0,82152.83,1,632,3,1,1
38,0,0.0,1,216.27,2,551,10,0,0
35,0,99587.43,1,1713.1,1,687,3,0,1
53,0,0.0,1,136910.18,1,672,7,0,0
34,0,70731.07,1,20243.97,1,521,7,0,1
35,1,109342.82,1,86043.27,2,686,2,1,0
28,0,0.0,0,126561.07,2,639,8,1,0
66,0,0.0,1,64350.8,2,850,4,1,0
25,0,78247.31,1,10472.31,2,465,2,1,0
55,0,117561.49,0,95941.55,1,817,10,0,1
23,0,88980.32,1,125222.36,1,578,10,1,0
34,0,0.0,0,170950.58,2,611,4,1,0
41,1,103560.57,0,236.45,1,616,1,0,1
37,0,113308.84,1,31517.16,1,517,5,1,0
40,0,0.0,1,181610.6,2,637,6,0,0
32,0,63763.49,0,156593.09,1,806,3,0,0
29,0,169988.35,0,4272.0,1,633,7,0,0
35,1,180303.24,0,163587.9,2,624,0,0,0
52,0,0.0,0,175843.68,1,691,3,1,1
49,1,120656.86,0,166164.3,4,819,1,0,1
31,1,61592.14,1,61796.64,2,568,1,0,0
48,0,164701.68,1,21439.49,1,806,4,1,0
26,0,80780.16,1,19225.85,1,726,1,0,0
36,0,0.0,0,132547.02,2,552,8,1,0
30,1,154221.37,1,62688.55,2,755,6,0,0
26,0,0.0,0,21760.96,1,634,8,1,0
26,0,101641.14,1,154460.68,2,756,5,0,0
37,0,0.0,1,8065.0,1,776,2,1,0
45,0,92786.66,0,173365.9,1,649,5,0,1
32,1,131081.66,1,69428.79,2,595,8,1,0
30,0,98014.74,1,12757.14,1,646,5,1,0
38,0,0.0,0,180426.2,2,592,8,1,0
26,0,97460.1,1,43093.67,1,574,8,1,0
36,0,104077.19,1,68594.0,2,850,1,1,0
29,0,0.0,1,197996.65,2,850,1,0,0
46,0,0.0,0,122953.0,2,475,10,0,1
39,0,0.0,1,76821.24,1,642,4,0,0
51,0,93656.95,1,141400.51,1,710,4,0,1
30,0,121345.88,0,41921.75,4,596,6,1,1
39,0,141675.23,1,175664.25,1,609,8,0,0
31,0,0.0,0,117916.63,2,797,8,0,0
43,1,102365.49,0,194690.77,1,504,7,0,1
50,0,0.0,0,166677.35,1,735,9,1,1
30,0,0.0,0,160131.58,1,680,3,0,0
52,0,0.0,1,123622.0,2,449,6,1,0
57,1,101868.51,1,113483.96,1,685,7,1,0
38,0,0.0,0,79618.79,2,569,8,1,0
35,0,112392.45,0,24472.23,2,631,9,1,0
25,1,106570.34,1,177025.79,2,595,7,0,0
28,0,0.0,1,103349.74,1,461,8,0,0
50,0,81947.76,1,63606.22,1,630,1,1,1
31,0,144162.3,1,14490.79,2,661,7,0,0
39,1,86350.87,0,105080.53,2,796,5,1,0
47,0,158623.14,0,83499.89,1,710,5,1,1
32,0,0.0,0,143598.7,2,741,8,1,0
48,1,132403.56,0,36091.91,1,606,4,1,1
27,0,0.0,0,13007.89,2,747,10,1,0
43,1,134985.66,0,6101.41,1,549,3,0,0
36,0,0.0,1,48314.0,2,576,6,1,0
37,0,103772.45,0,197111.99,1,528,6,1,0
33,0,133040.32,1,110299.78,1,535,2,1,0
37,0,0.0,0,30114.32,2,575,0,0,0
39,0,0.0,1,98894.64,2,656,10,1,0
42,0,0.0,0,49826.68,2,440,2,1,0
38,0,71460.67,1,10074.05,2,539,8,1,0
39,0,133214.13,1,20769.88,1,850,6,1,0
37,0,96558.66,0,163427.18,1,646,7,0,0
54,0,93806.31,1,140068.77,2,744,6,1,0
36,0,0.0,0,83206.19,2,710,8,0,0
64,0,124043.8,1,111402.97,1,544,3,0,1
52,1,131694.97,1,92873.5,1,723,5,1,1
29,0,0.0,1,94780.9,2,507,6,0,0
35,0,106266.8,1,16607.15,1,787,1,0,0
41,0,0.0,1,161954.43,2,598,8,1,0
51,0,0.0,1,194733.28,2,796,6,1,0
41,0,139840.36,1,163524.7,1,569,4,0,0
34,0,0.0,0,48260.19,2,711,8,1,0
35,1,124098.54,0,86678.48,1,661,8,1,0
32,0,145807.59,1,3064.65,1,415,5,1,0
23,0,0.0,0,112124.98,2,578,8,1,0
26,0,107508.93,1,120801.65,2,611,2,0,0
28,0,0.0,1,52193.23,2,600,6,0,0
32,1,145980.23,1,56636.28,1,661,1,0,0
37,0,212778.2,1,69372.88,1,850,3,0,0
47,1,152522.47,1,164038.07,1,573,4,0,1
33,0,168964.77,1,118982.51,1,764,9,0,0
34,0,0.0,0,27472.07,2,838,8,0,0
28,0,0.0,1,36754.13,1,821,8,0,0
36,0,98266.3,1,46416.36,1,607,4,0,0
38,0,113000.92,1,152872.39,1,558,8,1,0
23,1,137060.88,1,165227.23,2,530,1,1,0
37,1,112146.12,0,75927.35,1,654,5,1,0
33,0,129307.32,1,172930.28,1,530,4,0,0
69,0,163975.09,1,36108.5,1,656,6,1,0
43,0,0.0,1,36202.74,2,520,7,1,0
42,1,158414.85,1,131886.46,1,602,6,0,0
48,1,92072.68,1,133992.36,1,701,1,0,0
30,0,88243.29,1,96658.26,2,653,2,0,0
25,0,0.0,1,135112.09,2,668,8,1,0
48,0,59486.31,0,163944.18,1,652,4,1,1
54,0,0.0,1,53843.71,2,639,2,0,0
52,0,0.0,1,122398.84,2,730,7,0,0
34,0,0.0,1,64804.04,1,780,1,1,0
38,0,119278.01,1,19370.73,2,592,8,0,0
34,0,158741.43,1,126192.54,2,628,4,1,0
40,0,140596.95,1,135459.02,1,658,7,0,1
29,0,0.0,1,94815.04,2,850,10,0,0
37,1,90432.92,1,188366.04,1,515,2,1,1
35,0,104783.81,1,178512.52,2,571,1,0,0
42,1,77992.97,1,97906.38,2,760,0,1,0
43,1,110822.9,0,72861.94,1,720,10,0,0
42,1,119624.6,1,195978.86,2,632,4,1,0
31,1,109052.59,1,19448.93,2,694,6,1,1
40,0,139129.44,1,32635.54,1,559,5,0,0
42,1,152324.66,0,171733.22,2,773,8,0,0
38,0,0.0,0,46176.22,2,581,1,1,0
37,1,127480.58,0,179634.69,2,524,9,0,0
53,0,115029.4,0,191521.32,1,713,6,1,1
40,0,114005.78,1,67998.45,1,676,8,1,0
42,1,116646.76,0,44731.8,1,651,1,0,1
49,0,110864.38,1,124532.9,2,717,1,0,1
23,0,156267.59,0,160968.44,1,594,5,1,0
44,0,109528.28,0,27341.63,1,716,3,0,1
35,0,102482.76,1,53994.64,1,668,6,0,0
23,1,115563.71,1,91633.53,1,678,10,1,0
23,0,0.0,0,189613.12,2,545,2,1,0
40,0,95624.36,1,60706.33,2,613,9,0,0
21,0,0.0,1,154767.34,2,687,8,0,0
28,0,160376.61,0,196853.11,1,715,7,1,0
41,1,37702.79,1,195775.48,1,618,8,1,0
35,0,118273.83,1,3086.89,1,721,6,0,0
34,1,131082.17,1,70618.0,2,445,7,0,0
38,0,94456.0,1,55034.02,2,690,1,1,0
43,0,0.0,0,168035.62,2,709,8,0,1
42,0,0.0,1,128449.33,2,671,3,0,0
33,0,93791.38,1,199249.29,1,538,6,1,0
33,0,0.0,0,149474.69,2,735,4,0,0
37,0,0.0,1,126726.33,2,592,7,0,0
61,0,155973.13,1,147554.26,1,747,7,1,0
36,1,89409.95,1,149399.7,1,675,7,1,0
39,0,97854.37,0,93536.38,2,632,5,0,0
39,0,0.0,1,58883.91,2,621,6,1,0
29,0,60280.62,0,154271.41,1,521,3,1,0
36,0,135216.8,1,122022.89,1,591,7,1,0
28,1,124923.35,1,50299.14,2,706,6,0,0
38,0,0.0,0,187800.63,2,677,4,1,0
27,1,188614.07,0,171344.09,1,769,7,1,0
32,0,62321.62,1,40920.59,1,771,5,1,0
48,1,120782.7,0,63940.68,1,601,8,0,1
42,0,115961.58,1,29483.87,2,670,1,0,0
28,0,115062.61,0,179056.23,1,517,2,1,0
49,0,160602.25,0,129273.94,2,834,8,0,0
42,0,108825.34,0,55558.51,3,571,4,0,1
36,1,166287.85,1,23305.85,1,576,8,0,0
31,0,152663.77,1,17128.64,1,718,1,0,0
31,1,80844.69,1,74641.9,2,636,9,0,0
40,1,97001.36,0,154486.01,2,566,2,0,0
64,0,0.0,1,3185.67,2,711,4,1,0
39,0,122524.61,0,88463.63,2,574,2,0,0
35,0,132292.63,0,65682.93,1,619,8,0,0
24,0,0.0,1,140586.08,2,588,0,0,0
49,1,91502.99,0,117232.9,1,760,9,0,1
52,0,0.0,0,116137.01,1,665,3,1,1
29,1,59385.98,1,105533.96,2,739,3,1,0
77,0,0.0,1,81514.06,3,641,9,1,0
21,1,97956.5,1,164966.27,1,685,6,0,0
49,0,0.0,1,23631.55,2,594,4,0,0
40,0,0.0,1,105433.53,2,557,4,0,0
27,0,141223.68,0,90591.15,2,697,8,1,0
18,0,151762.74,1,127014.32,1,656,10,1,0
43,1,141749.74,1,90905.26,2,712,1,1,0
38,0,75075.14,1,8651.92,1,689,5,1,1
25,0,165686.11,0,15467.98,2,697,4,0,0
38,0,0.0,0,79915.28,1,589,2,1,0
25,0,0.0,0,69361.95,2,525,10,0,0
44,0,0.0,0,86935.08,2,680,3,1,0
28,0,0.0,1,7597.83,2,617,0,0,1
32,0,92961.61,0,116957.6,1,680,5,1,0
30,0,0.0,1,157884.83,2,662,9,0,0
46,1,130812.91,1,77981.54,1,736,5,1,1
57,1,107174.58,1,126369.55,1,657,8,1,1
54,0,152677.48,1,191973.49,1,350,1,1,1
30,0,132005.77,0,142940.39,1,617,3,1,0
35,0,0.0,0,48869.67,1,562,7,1,0
23,0,0.0,1,73131.73,2,705,5,0,0
33,0,127305.5,1,120037.36,1,516,7,0,0
37,0,0.0,0,193995.37,2,573,6,0,0
31,0,0.0,0,179453.66,2,538,0,0,0
39,0,0.0,0,80963.92,1,699,9,1,0
32,1,170291.22,1,15658.99,2,504,8,1,0
47,0,102562.23,0,92708.1,1,583,5,1,0
53,0,111061.01,0,26542.17,2,712,2,1,0
62,0,0.0,1,65010.74,1,626,3,1,0
34,0,124379.14,0,106892.91,1,631,4,0,0
37,0,0.0,1,185210.63,1,663,7,0,0
41,1,57745.76,0,4035.46,1,506,3,0,0
50,1,129293.74,0,177805.44,1,570,5,0,1
45,0,0.0,1,68831.72,2,703,7,0,0
40,1,150777.1,0,114732.62,1,698,8,0,0
41,0,0.0,0,22299.27,2,731,4,1,0
34,0,0.0,0,197283.2,2,625,6,1,0
31,0,108632.48,1,179485.96,1,634,9,1,1
59,0,153861.1,1,17699.48,1,616,5,1,0
56,0,100374.58,0,118490.8,1,500,1,1,1
32,0,0.0,0,133292.94,2,446,8,1,0
47,0,61196.54,0,58170.24,1,669,9,0,0
31,1,116891.72,0,107137.3,1,581,6,1,0
54,1,133656.91,0,145071.33,3,704,6,0,1
44,0,92911.52,1,85495.24,1,748,2,1,0
31,0,119825.75,1,101139.3,2,680,9,0,0
37,0,111852.84,0,10511.13,2,655,7,0,0
32,1,106683.52,1,137916.49,2,690,0,1,0
40,1,139022.24,1,193383.13,1,695,7,1,0
40,1,148571.07,0,189826.96,1,700,4,0,1
52,0,0.0,1,144113.42,1,773,4,1,0
42,0,129776.72,1,143538.51,2,749,1,1,0
46,0,0.0,0,77677.14,1,611,5,0,1
46,0,0.0,1,183717.94,2,606,8,0,0
24,0,0.0,0,92180.62,1,554,10,1,0
37,0,0.0,1,28690.9,2,567,7,0,0
24,0,114739.92,0,85891.02,1,559,3,1,1
41,1,122545.65,1,42050.24,2,594,2,1,0
37,0,0.0,0,110142.34,2,513,6,0,0
26,1,131908.35,1,179269.79,1,652,1,0,0
42,1,105722.69,1,90558.24,1,680,7,0,1
33,0,0.0,0,162022.47,2,784,10,1,0
44,0,0.0,0,66926.83,3,812,8,0,1
40,0,0.0,0,108891.3,2,784,8,0,0
18,0,82767.42,0,71811.9,1,570,4,0,0
42,0,87842.98,0,92223.59,1,712,1,0,0
39,0,133261.13,1,78065.9,1,705,6,1,0
32,0,0.0,1,59679.9,2,681,3,0,0
41,0,97925.11,0,85000.32,1,620,0,1,0
52,0,0.0,1,159808.95,1,711,5,1,0
24,0,140453.91,0,129001.3,1,613,7,0,0
20,1,117356.19,0,113557.7,1,613,0,0,1
36,0,0.0,1,147758.51,2,682,5,1,0
37,0,137204.77,1,28865.59,1,850,4,1,0
41,0,0.0,1,160607.06,2,601,1,0,0
35,0,0.0,0,100015.79,1,595,8,1,1
36,0,54098.18,1,54478.52,2,675,3,1,0
31,0,0.0,1,141677.33,1,591,8,1,0
23,0,113758.48,0,84077.6,2,602,7,1,0
34,0,0.0,1,106981.03,1,554,8,0,0
37,0,118636.92,1,73551.44,1,541,9,1,0
34,0,0.0,0,115842.1,2,506,7,1,0
44,1,95488.82,0,107013.59,2,814,8,1,0
30,0,110829.52,0,24938.84,2,683,8,1,0
51,1,144244.59,0,51113.14,2,485,7,1,0
31,1,122021.92,0,33828.64,2,696,8,0,0
30,0,0.0,0,128875.86,2,608,8,0,0
50,0,0.0,1,194700.81,4,792,9,1,1
22,0,0.0,0,158974.45,2,686,5,1,0
42,1,85839.62,0,198182.73,1,790,1,1,0
29,0,96974.97,1,141404.07,1,654,4,0,0
35,0,148172.44,1,4175.68,1,452,4,1,0
38,0,0.0,0,126876.47,1,719,0,1,0
40,0,0.0,0,41052.82,2,707,5,0,0
49,0,0.0,0,105760.01,1,699,2,0,0
30,0,0.0,1,27937.12,2,850,2,1,0
28,0,134766.85,0,79355.87,1,828,8,1,0
30,1,123210.56,1,102180.27,2,850,5,1,0
47,0,139887.01,1,95719.73,1,712,1,1,0
44,0,149961.11,0,57121.51,1,634,9,1,0
45,1,152880.97,0,162478.11,1,730,6,1,0
43,1,108589.47,1,194808.51,2,685,9,1,0
33,0,0.0,1,124045.65,1,809,9,1,0
35,0,56674.48,0,17987.4,1,707,3,0,1
32,0,0.0,0,133653.38,1,648,8,1,0
57,0,0.0,1,25101.17,2,760,1,0,0
33,1,105663.56,1,33330.89,2,805,3,0,0
39,0,0.0,0,2401.26,2,585,7,0,0
30,0,100683.54,1,178361.04,1,595,5,0,0
42,0,0.0,0,162697.93,2,630,6,1,0
29,1,139541.58,0,80607.33,2,627,5,1,0
37,1,121801.72,1,23146.62,2,631,2,0,0
38,1,112281.7,1,89893.6,1,776,5,1,0
36,0,0.0,1,3173.31,2,676,4,0,0
40,0,93499.82,0,123218.81,2,758,5,0,0
33,0,132255.99,1,74588.41,2,637,0,1,0
20,0,0.0,0,31288.77,2,850,7,1,0
44,0,0.0,0,58561.31,2,601,4,0,0
49,0,121973.28,0,148804.36,1,735,5,1,0
32,1,99462.8,1,51117.06,2,614,7,1,0
21,1,165878.76,1,164537.17,2,672,3,0,0
30,0,117494.27,0,61977.82,1,642,8,1,0
29,1,138577.34,0,193362.99,1,633,0,0,0
39,0,0.0,1,47722.79,1,769,9,1,0
41,0,107525.07,0,18510.41,1,796,8,1,0
23,0,139224.92,0,65057.71,2,715,7,1,0
42,0,121453.63,0,46374.64,1,695,7,0,0
25,0,0.0,1,42039.67,2,747,4,0,0
54,1,77354.37,0,138192.98,1,584,1,0,1
40,0,0.0,1,22735.45,1,476,6,1,0
39,0,79259.99,1,186910.74,1,850,7,0,0
30,0,116295.29,0,75285.47,1,529,2,1,0
59,0,0.0,1,130260.11,1,584,1,0,1
34,1,74309.81,0,15034.93,1,586,9,1,0
34,1,152797.9,0,175709.4,1,674,2,1,1
42,0,133701.07,0,101069.71,2,552,9,1,1
33,1,114430.18,1,153012.13,2,601,7,0,0
29,0,127504.57,0,86173.92,1,541,7,1,0
41,1,84113.41,0,197548.63,1,744,2,0,0
23,0,101126.66,0,37042.8,2,595,10,0,0
33,1,103564.83,0,121085.72,2,724,5,1,0
52,0,0.0,1,194113.99,1,533,7,0,1
37,0,168178.21,1,101273.23,2,618,2,1,0
39,1,143903.11,1,118711.75,1,523,1,0,1
30,1,129753.69,0,582.53,1,642,5,0,0
35,0,0.0,0,192381.21,2,584,9,1,0
38,0,110641.18,1,136507.69,1,521,5,1,1
36,0,166909.2,0,138871.12,2,662,4,0,1
34,0,154139.45,1,60728.89,1,758,1,0,0
38,0,97459.06,0,189175.71,1,717,7,1,0
40,0,0.0,1,102547.56,2,611,1,1,0
43,1,112088.04,1,36706.56,2,766,6,1,0
34,0,0.0,1,44756.25,2,636,3,0,0
48,0,0.0,1,132870.15,2,814,7,0,0
28,0,141038.57,0,16287.38,2,760,1,1,0
39,1,84468.67,1,121945.42,2,607,2,1,0
36,0,118520.26,0,131173.9,1,725,4,0,1
37,0,142663.46,1,88669.89,1,600,1,1,0
27,1,118627.16,1,160835.3,2,656,4,1,0
34,0,137523.02,0,24761.36,1,640,1,1,0
28,0,110976.23,0,138526.96,2,439,7,1,0
38,0,107283.4,0,157442.75,1,549,8,0,0
38,0,0.0,0,105295.77,2,622,5,1,0
34,0,124314.45,0,97782.92,1,715,4,1,0
41,0,95858.37,1,68255.88,1,657,5,0,0
36,0,0.0,0,108790.95,2,703,2,1,0
33,0,0.0,0,143706.18,2,802,8,1,0
36,0,0.0,0,148993.47,1,793,0,0,0
35,0,117707.18,0,95277.15,2,554,6,0,1
38,0,135289.33,1,152956.33,2,533,1,1,0
36,0,174060.46,1,94925.62,1,658,8,1,0
40,1,114446.84,1,87308.18,2,713,3,1,0
37,0,0.0,0,83978.86,2,711,2,1,1
25,0,157848.53,0,37543.93,1,669,1,1,1
43,0,0.0,1,104889.3,1,439,8,0,0
37,0,0.0,1,149705.25,2,763,6,0,0
74,1,108071.36,1,16445.79,2,697,3,0,0
35,0,14262.8,0,54689.16,2,702,8,0,0
41,0,102749.72,1,194913.86,1,686,7,1,0
36,0,161757.87,1,146371.72,2,629,1,1,0
38,0,0.0,0,156603.7,2,823,1,1,0
35,1,95698.79,1,182566.76,1,683,5,0,0
37,0,124969.13,0,60194.05,1,555,9,1,0
44,1,93960.35,0,36579.53,1,647,4,1,1
51,0,88308.87,0,5862.53,3,714,4,0,1
39,0,0.0,1,143030.09,2,850,10,0,0
59,0,0.0,1,62700.08,2,713,3,0,0
30,0,112935.87,1,99017.34,1,452,7,1,0
24,0,98567.1,0,187987.01,1,683,8,0,0
26,0,180530.51,0,123454.62,1,577,1,0,0
33,0,140931.57,1,10921.5,1,552,5,1,0
31,1,148913.72,0,53817.23,2,769,7,0,0
38,0,0.0,0,81617.4,2,691,7,1,0
49,0,0.0,1,192298.84,1,818,2,0,1
41,0,0.0,0,143882.25,2,739,5,1,0
50,0,115335.32,1,53130.41,2,639,6,0,0
65,0,0.0,1,190454.04,2,651,0,0,0
26,0,0.0,1,111906.0,2,779,0,0,0
33,1,134678.13,0,113177.95,1,850,7,0,0
38,0,0.0,0,30529.88,2,829,9,1,0
31,1,90547.48,1,18800.13,2,579,2,1,0
32,0,103324.78,1,46127.7,1,510,9,1,0
29,0,114590.58,0,75585.48,1,531,3,1,0
36,1,91286.51,0,63085.94,1,628,3,0,0
32,0,163340.12,1,74415.2,2,633,5,1,0
45,0,150900.29,1,139889.15,2,714,8,1,0
23,0,124577.33,1,7267.25,1,604,9,1,0
35,0,0.0,0,186826.22,2,630,1,1,0
31,0,91292.7,1,162149.07,1,850,4,0,0
57,1,93716.72,1,180150.49,1,788,8,0,1
37,0,111723.08,1,83478.12,1,798,4,0,0
45,1,110765.68,0,26163.74,1,770,4,1,1
25,1,173459.45,1,44381.06,2,569,9,1,0
22,0,169649.73,1,136365.0,2,425,7,0,1
31,0,0.0,0,99294.22,2,547,9,0,0
45,1,116917.07,0,173464.43,1,725,8,1,1
37,0,0.0,1,127543.81,2,506,5,1,0
36,0,0.0,1,52526.65,2,632,7,0,0
22,0,0.0,0,32589.45,1,620,0,1,0
32,1,130627.66,0,47161.25,1,663,8,1,1
46,0,56580.95,1,45424.13,2,700,5,0,0
38,1,142316.14,1,8018.49,1,696,6,1,0
31,0,0.0,1,195668.0,2,767,6,1,0
56,0,152759.0,0,133167.11,2,561,7,1,1
39,1,109733.2,0,123602.11,2,350,0,1,1
54,0,117444.51,1,186238.85,1,706,9,1,0
34,0,76001.57,1,158668.87,1,464,5,0,0
34,0,107747.57,0,9249.36,1,501,3,0,0
35,0,0.0,1,116581.1,2,745,8,0,0
36,0,134997.49,0,44688.08,2,587,1,0,0
48,0,0.0,1,148608.39,2,667,2,0,0
36,0,0.0,1,188670.9,1,737,9,1,1
30,0,0.0,0,107067.37,1,485,7,0,0
37,0,64345.21,1,61759.33,1,590,0,0,1
35,1,141665.63,1,192776.64,1,518,8,0,0
29,0,0.0,0,46735.19,2,581,8,0,0
33,1,136624.6,1,169117.74,2,785,5,0,0
52,0,161209.66,1,89081.41,1,799,4,0,0
38,0,95010.92,1,105227.86,1,698,10,1,0
41,0,167545.32,0,128246.81,1,730,4,0,0
36,1,109044.6,0,94554.74,1,740,4,0,1
47,0,122031.55,1,33823.5,1,785,9,0,1
29,0,27755.97,0,97468.44,1,527,2,0,1
29,0,118560.55,1,164137.36,1,544,1,0,0
61,0,0.0,1,191313.7,2,705,4,1,0
34,0,0.0,1,65257.57,2,684,9,1,0
28,0,97840.72,1,178222.77,1,639,8,0,0
38,1,158651.29,1,179445.28,2,565,2,0,0
44,0,175303.06,0,65500.53,1,481,9,1,1
25,0,96950.21,0,97877.92,1,731,8,1,0
45,0,123859.6,1,113051.57,1,607,7,1,0
32,0,0.0,1,105969.05,2,760,7,0,0
70,0,0.0,1,122996.76,1,559,9,0,0
33,0,85227.84,1,68087.15,1,715,3,0,0
36,0,97786.08,1,21478.36,2,656,8,1,0
33,1,128135.99,0,158437.73,1,652,7,1,0
33,0,0.0,0,76551.7,2,624,6,1,0
36,0,85996.19,0,15887.68,1,634,2,1,0
50,0,0.0,1,33741.84,2,850,10,0,0
39,1,104502.11,0,20652.69,1,659,1,0,0
35,0,95772.97,1,112781.5,1,529,5,1,0
31,0,98108.79,1,119996.95,1,572,5,1,0
39,1,131607.28,1,6981.43,4,640,9,1,1
55,0,63127.41,0,185211.28,2,770,9,1,1
35,0,0.0,1,78436.36,2,648,7,1,0
31,0,0.0,1,139048.0,1,579,9,1,0
36,1,140355.56,0,136329.96,2,589,9,0,0
36,0,0.0,1,14721.8,2,530,2,0,0
30,0,0.0,1,3430.38,2,831,2,1,0
24,1,107418.27,1,160450.21,1,790,7,1,0
35,0,0.0,0,1485.27,2,656,6,1,0
32,0,0.0,1,19720.08,2,563,6,1,0
39,0,167557.12,1,41183.02,1,667,7,1,0
34,0,117300.02,0,139410.08,1,613,8,1,0
60,0,0.0,1,163691.48,2,429,7,1,0
23,0,143672.9,1,115147.33,1,665,9,0,0
33,0,0.0,1,74945.11,2,731,4,1,0
37,0,0.0,1,180363.56,2,584,1,0,0
31,1,76798.92,0,196021.73,1,634,8,0,0
34,0,0.0,1,125979.36,2,488,3,1,0
49,0,115309.75,0,111421.77,1,535,7,0,0
29,0,178171.04,1,115818.51,2,776,7,0,0
38,0,0.0,1,179360.76,2,850,3,0,0
37,0,0.0,0,82351.06,2,673,0,0,0
45,1,127258.79,1,192744.23,1,850,5,0,1
30,0,0.0,1,113408.47,1,627,6,0,0
33,0,0.0,1,124641.42,1,570,8,0,0
67,0,0.0,1,54871.02,2,796,5,1,0
33,0,0.0,1,98820.09,1,773,10,0,0
36,0,0.0,1,45570.84,2,752,2,1,0
69,0,107569.96,1,182336.45,1,625,1,0,0
20,1,134874.4,1,118825.56,1,535,9,1,0
29,0,0.0,0,103372.79,2,786,4,0,0
67,0,0.0,1,43486.73,2,620,3,0,0
48,0,0.0,1,40062.99,2,605,6,0,0
32,0,0.0,0,46175.7,2,670,3,0,0
42,0,70105.87,1,120830.73,1,617,0,1,0
41,0,0.0,0,5967.09,2,595,9,1,0
29,1,78939.15,0,122134.56,1,687,4,0,1
30,1,105128.85,1,62972.13,2,757,6,1,0
31,0,113836.27,1,174815.54,1,746,2,1,0
25,0,0.0,1,192841.13,1,503,7,1,0
48,1,100900.5,0,33310.72,1,543,1,1,1
40,1,129248.11,0,72876.43,2,428,3,0,1
28,0,109118.05,1,50911.41,2,768,3,0,0
56,0,0.0,1,142400.27,1,618,7,1,1
31,0,0.0,1,48778.46,2,591,7,0,0
35,0,126397.66,0,156361.58,1,658,5,0,1
36,0,108546.16,0,133807.77,3,625,9,1,1
36,0,148061.89,0,179128.69,1,717,2,1,1
44,0,122277.87,1,91810.71,1,667,8,1,0
24,0,0.0,0,173195.33,2,804,3,1,0
31,0,0.0,1,182270.88,2,693,1,1,0
36,1,152899.24,0,177130.33,2,729,8,1,0
54,1,134388.11,0,49954.79,1,484,3,1,1
40,0,109740.62,0,141896.74,1,632,3,0,0
23,1,92366.72,0,120661.71,2,536,6,1,0
26,0,129109.02,0,149814.68,1,573,4,0,1
56,0,0.0,1,41782.7,2,655,5,0,0
74,1,105102.5,1,46172.47,1,666,7,1,0
30,1,111375.32,0,2704.09,2,726,5,1,0
39,0,0.0,0,6726.53,2,523,3,1,0
33,1,150412.14,0,170764.08,2,728,9,0,0
30,0,156660.72,0,45742.42,2,701,3,1,0
38,0,90957.81,1,162304.59,1,518,3,1,0
37,0,104960.46,1,80883.82,1,739,7,1,0
31,1,117052.82,0,118508.09,1,531,7,0,1
44,0,88915.85,0,69697.74,1,452,3,1,0
45,0,148071.39,0,183575.01,1,684,6,1,0
39,1,152182.83,0,161203.6,1,728,6,1,0
39,0,0.0,0,143752.77,2,783,9,1,0
22,0,130056.23,0,121894.31,1,734,5,1,1
34,1,95039.73,1,147055.87,2,648,3,1,0
52,0,0.0,1,172033.57,2,688,1,1,0
35,0,0.0,0,143774.06,2,680,9,1,0
43,0,112773.73,1,139366.58,2,516,2,0,0
37,0,123806.28,0,81776.84,1,680,10,0,1
53,0,144453.75,0,190998.96,1,604,8,1,1
27,1,94667.29,1,4470.52,2,624,9,1,0
21,0,0.0,1,135851.3,2,623,10,1,0
51,0,174397.21,1,172372.63,2,624,5,1,0
58,1,108888.24,1,135875.51,3,565,3,0,1
55,0,118803.35,1,128124.7,2,565,4,1,1
54,0,171137.62,1,167023.95,1,710,6,1,1
42,0,0.0,0,149807.01,1,645,6,1,0
33,0,136678.52,0,54290.62,1,707,8,1,0
36,0,135515.76,0,86013.96,1,655,1,0,0
24,0,177799.83,0,79886.06,2,705,5,0,0
52,0,143542.36,0,141959.11,3,358,8,0,1
34,1,147487.23,0,66680.77,2,578,8,1,0
40,0,97764.41,0,98640.15,1,800,5,0,1
33,0,0.0,0,142797.5,1,612,9,0,1
48,1,139480.18,1,163581.67,1,681,8,0,0
25,0,0.0,1,163221.22,2,559,5,1,0
39,0,140553.46,0,12440.44,1,488,9,0,0
36,0,0.0,1,145551.6,2,717,5,0,0
41,0,141162.08,0,50908.48,1,666,10,0,0
26,0,65848.36,0,30149.21,2,582,4,1,0
30,0,83319.28,0,57769.2,1,733,0,0,0
41,0,0.0,0,156381.47,2,693,4,1,0
33,0,129731.64,0,178123.86,2,694,4,0,0
35,0,0.0,0,51112.8,2,622,5,0,0
38,0,0.0,0,173783.38,2,598,6,0,0
35,0,0.0,0,174770.14,3,717,1,1,1
37,1,107106.33,0,172063.09,2,494,5,1,0
33,0,0.0,1,155294.17,2,644,8,1,0
30,0,0.0,1,40320.3,2,554,9,0,0
69,0,105303.73,1,134260.34,1,476,1,0,0
28,0,165798.1,0,147090.9,1,667,6,1,0
40,0,0.0,0,132368.47,2,748,4,0,0
45,0,126495.57,1,164741.5,2,531,1,0,0
47,0,116393.59,0,63051.32,1,719,9,0,1
41,1,81733.74,0,199761.29,2,845,2,0,0
54,0,0.0,1,55725.04,1,738,4,1,1
46,0,106171.68,0,163145.5,1,563,8,0,1
28,0,96020.86,1,57992.49,1,695,0,1,0
41,0,0.0,1,193093.77,2,841,1,1,0
36,1,181671.16,1,57531.14,2,626,2,1,0
29,0,185709.28,1,77242.19,2,613,6,0,0
60,1,134250.17,0,153046.16,3,824,8,1,1
49,0,0.0,0,63405.2,1,705,7,0,1
44,0,95671.75,1,106564.88,2,584,5,0,0
62,0,0.0,0,42763.12,2,534,2,1,1
34,0,142151.75,1,168753.34,2,672,1,0,0
43,0,127823.93,1,19483.35,1,603,5,1,0
43,1,144164.29,1,158646.46,1,633,3,1,0
58,0,63492.94,1,83172.19,1,842,1,1,0
27,0,0.0,1,76889.79,2,661,3,0,0
74,0,0.0,1,51554.58,2,601,2,1,0
41,0,106134.46,1,105570.39,1,632,0,1,0
29,1,127269.75,1,79495.01,1,684,8,1,0
32,1,124493.03,1,52583.79,2,785,3,0,1
39,0,0.0,0,26848.25,2,687,7,1,0
43,1,146547.78,1,10072.55,1,705,10,0,1
43,0,99610.92,0,187296.78,2,639,6,1,0
46,1,117837.43,0,104016.61,1,729,5,1,1
48,0,168522.37,1,151310.16,1,556,8,0,0
32,0,117337.54,1,62810.91,2,570,9,1,0
74,0,108131.53,1,60830.38,1,841,9,1,0
35,1,136496.12,0,116672.02,2,705,4,1,0
32,0,116324.53,0,77304.49,1,553,3,1,0
40,1,75470.23,1,52894.01,1,779,2,0,0
28,0,172646.82,1,116471.43,1,696,4,1,0
37,0,0.0,0,4539.38,1,728,4,0,0
27,1,160358.68,0,142367.72,2,691,3,1,0
30,0,98415.37,1,110520.48,1,706,3,1,0
30,1,57809.32,0,188258.49,1,627,6,0,0
18,1,128743.8,0,197322.13,1,716,3,0,0
24,1,130806.42,0,80241.14,2,501,4,1,0
41,0,123971.16,1,172814.99,1,601,1,1,0
39,0,0.0,0,38410.74,1,545,6,0,1
45,0,0.0,0,17622.82,2,634,9,1,0
23,0,0.0,1,48021.71,2,451,9,0,0
59,0,0.0,0,88958.49,1,655,7,0,1
39,0,0.0,0,116343.09,2,458,9,0,0
33,0,156297.58,1,166102.61,2,520,4,1,0
28,0,0.0,1,104353.26,2,624,2,0,0
51,0,123372.3,1,115429.32,1,765,3,1,0
37,1,92171.35,0,178106.34,3,667,5,0,1
41,0,0.0,0,132152.32,2,665,8,1,0
34,1,148375.19,1,21521.38,2,709,4,1,0
44,0,0.0,1,27431.62,2,583,8,0,0
34,0,147422.44,1,42143.61,1,782,6,1,0
24,0,173962.32,0,106457.11,1,668,7,0,1
47,0,0.0,1,133831.37,1,621,0,1,1
64,1,145215.43,1,164083.72,1,579,6,0,0
38,0,167539.97,1,159207.34,1,547,5,0,0
39,0,94968.97,0,84487.62,1,840,1,0,0
27,1,106116.5,0,3674.71,2,667,3,0,0
34,0,0.0,1,12092.03,2,723,5,1,0
45,0,0.0,0,77475.73,2,487,2,1,0
31,0,0.0,0,41291.73,2,668,9,0,0
34,1,120018.86,1,343.38,2,520,8,1,0
37,0,112541.54,0,47432.43,2,549,2,1,0
35,0,166118.45,0,127827.18,2,567,5,0,0
45,0,102882.4,1,35633.15,2,720,1,0,1
49,0,0.0,1,182865.09,1,492,8,0,1
37,0,106881.5,0,169386.81,2,712,1,0,0
26,1,120727.97,1,149073.88,1,689,4,1,0
63,0,169832.57,0,184107.26,1,850,8,1,1
41,0,0.0,1,22750.17,2,747,5,1,0
38,1,113599.42,0,11950.29,1,469,9,1,0
38,0,0.0,1,152880.07,1,539,6,1,1
32,0,0.0,0,175252.78,2,743,9,1,0
47,0,0.0,0,174303.29,2,707,3,1,0
50,0,0.0,1,80701.72,2,581,4,0,0
38,0,146282.79,0,198516.2,2,737,6,1,0
38,1,119413.62,0,175756.36,2,445,6,0,0
29,1,122084.63,1,82824.08,1,703,3,0,0
35,1,103060.63,0,179866.01,1,588,1,0,1
44,0,0.0,1,159899.97,2,765,6,1,0
33,0,0.0,0,138504.28,2,626,8,1,0
37,1,110483.86,1,127394.67,1,545,9,1,0
31,0,120718.28,1,58961.49,1,744,9,1,0
31,0,36566.96,0,103644.98,1,658,2,0,1
28,1,108601.0,1,119647.7,1,629,8,1,0
42,0,0.0,0,28465.86,1,719,4,0,1
36,0,0.0,1,152979.14,2,686,5,0,0
36,0,0.0,1,190911.02,2,743,4,1,0
48,0,0.0,1,95794.98,2,626,2,0,0
44,1,141136.62,0,189742.78,1,661,1,1,1
45,1,108231.37,1,188574.08,1,710,9,1,0
40,0,0.0,0,183872.88,1,654,6,1,1
34,0,144855.34,0,196555.32,1,569,6,0,0
63,0,68432.45,1,112503.24,2,640,2,1,1
45,0,136855.24,0,46864.0,1,562,6,1,0
55,0,44020.89,0,65864.4,1,721,3,0,1
32,1,133060.63,1,125167.92,1,456,9,1,0
39,0,0.0,1,177519.39,2,811,7,1,0
24,0,0.0,1,169653.32,1,534,1,1,0
36,0,97665.61,0,118372.55,1,423,5,0,1
28,1,185013.02,0,16481.12,1,594,5,1,0
32,0,0.0,1,138525.19,2,725,0,0,0
52,0,65971.61,0,14608.0,2,716,7,0,1
41,1,150463.11,1,81548.38,2,595,9,0,0
33,0,0.0,0,69608.48,2,679,1,0,0
39,0,0.0,0,68873.8,2,667,9,1,0
37,0,136425.18,0,81102.81,1,661,5,0,0
38,0,250898.09,1,81054.0,3,655,3,1,1
55,0,146798.81,1,74149.77,1,555,4,1,0
70,0,0.0,0,99503.19,2,531,1,1,0
40,1,128486.91,0,10109.47,2,611,7,0,0
38,0,0.0,1,58855.85,2,600,9,0,0
37,0,143407.29,1,84402.46,2,531,1,1,0
43,0,0.0,0,49713.87,1,601,2,0,1
57,0,76165.65,1,133537.53,1,548,6,1,0
40,0,0.0,0,124615.59,2,759,4,1,0
49,0,0.0,1,98090.69,2,678,8,0,0
33,1,90560.3,1,42607.69,2,755,6,0,0
61,0,62391.22,1,192434.11,1,594,3,1,0
42,0,0.0,0,60686.4,3,768,5,1,0
31,0,0.0,1,49463.44,2,492,7,0,0
55,1,123378.2,0,81431.99,1,637,1,0,1
42,0,99836.47,1,22909.56,1,646,3,0,0
74,1,161434.36,1,65532.17,2,593,5,1,0
41,0,0.0,1,141053.85,2,596,5,1,0
48,1,138311.76,1,3472.63,1,722,10,0,1
25,0,0.0,0,102083.78,2,642,7,1,0
28,0,0.0,0,1801.77,2,472,4,0,0
35,1,101744.84,0,85185.44,1,738,6,1,0
33,0,0.0,0,119882.7,1,732,8,1,0
54,1,125456.07,0,83715.66,1,404,4,0,1
44,0,0.0,0,23425.78,2,701,7,1,0
31,0,0.0,1,77326.78,2,683,2,1,0
27,0,0.0,0,156150.08,2,460,7,0,1
29,0,0.0,0,108577.97,2,690,5,1,0
54,1,118449.21,1,133573.29,1,618,4,0,1
30,0,0.0,1,102057.86,1,671,2,1,0
32,0,178095.55,0,47247.56,1,765,9,0,0
25,1,109175.14,0,114566.47,2,651,2,0,0
32,0,127785.17,0,184464.7,4,704,7,1,1
45,0,0.0,1,151401.33,2,544,6,0,0
40,0,0.0,1,70607.1,2,790,9,0,0
34,1,134260.36,0,147074.67,2,710,9,1,0
37,0,69143.91,1,105780.18,2,743,8,1,0
34,0,100054.77,0,109496.45,1,702,4,1,0
45,0,0.0,1,137739.45,1,704,6,0,0
38,0,116248.88,0,105140.92,1,614,2,1,0
43,0,86053.52,1,113276.46,2,609,6,0,1
32,0,123157.95,0,172531.23,1,688,6,0,0
44,0,63438.91,0,64375.4,1,713,1,1,0
57,1,95295.39,0,28434.44,1,736,9,1,1
18,0,133550.67,1,46941.41,1,727,4,1,0
38,0,106871.81,0,29333.01,2,850,1,0,0
45,0,105266.32,1,193724.51,2,718,3,1,0
51,0,105229.53,0,34967.75,1,643,2,0,1
41,0,102768.42,0,55663.85,1,653,8,1,0
18,0,0.0,1,55753.12,2,674,7,1,1
35,0,112689.95,0,176962.31,1,690,6,1,0
38,0,122334.26,1,181507.44,2,819,9,1,0
34,0,0.0,0,61995.57,2,634,1,1,0
33,0,137847.41,0,98349.13,2,633,4,1,0
49,0,122486.47,1,59748.19,1,850,5,1,0
33,0,101286.11,1,159840.51,1,665,2,1,0
26,0,0.0,1,6656.64,2,630,7,1,0
57,0,101247.06,0,37141.62,1,836,4,1,1
38,0,86977.96,1,37094.75,1,668,10,1,0
57,0,0.0,0,159475.08,1,753,7,1,1
55,0,110123.59,1,51548.14,1,745,9,0,1
36,0,178111.82,0,58719.63,1,693,8,1,1
65,1,126306.64,0,7861.68,3,606,10,1,1
35,0,100768.77,0,19199.61,1,660,6,0,0
42,0,0.0,0,178504.29,2,608,5,1,0
44,0,0.0,1,189016.14,2,744,3,0,0
40,0,118991.79,1,156048.64,1,731,7,0,0
72,0,140997.26,1,52876.41,1,683,3,1,0
28,0,0.0,1,19653.08,2,727,5,1,0
32,1,166824.59,0,139451.98,1,561,6,1,0
34,0,76322.69,0,128136.29,1,700,2,0,0
35,0,0.0,1,45206.57,2,605,6,1,0
77,0,149083.7,1,190146.83,1,767,8,1,0
33,0,0.0,1,158313.87,2,511,7,1,0
40,0,0.0,1,96670.2,1,667,9,1,0
33,0,126588.81,1,62163.53,2,787,1,1,0
56,1,143249.67,0,88428.41,1,705,2,0,1
43,1,81844.91,1,35908.46,2,773,8,1,0
40,0,0.0,1,168780.04,1,554,4,1,0
58,1,190298.89,1,191263.76,2,526,9,1,0
35,1,117212.18,1,83052.03,1,661,2,1,0
46,0,0.0,1,125962.02,2,698,0,0,0
26,0,139848.17,0,164696.27,1,646,4,1,0
34,1,101861.36,0,187011.96,2,757,9,0,0
35,0,167455.66,1,55324.49,2,699,2,1,0
24,0,0.0,1,34335.55,2,667,4,0,0
43,0,116360.07,0,17004.14,1,774,1,0,0
40,0,88466.82,0,116331.42,1,745,3,1,0
42,0,0.0,1,22974.01,2,649,7,0,0
46,1,123642.36,1,49725.16,1,634,5,0,1
38,0,0.0,1,87412.74,1,665,9,1,0
38,0,72286.84,1,26136.89,2,713,9,1,0
40,0,0.0,0,126554.96,2,652,1,0,0
40,0,109681.61,1,193321.3,1,739,1,1,0
37,1,145018.64,0,90928.02,2,556,9,1,1
34,0,0.0,1,76510.46,1,699,8,1,0
32,0,187487.63,1,120115.5,1,708,8,0,0
35,0,165692.91,1,197984.58,1,480,2,1,0
59,1,137648.41,0,142977.05,1,700,5,0,1
47,0,118560.0,0,82522.61,1,525,6,0,1
33,0,164385.53,0,150664.97,1,845,8,1,0
37,0,108286.5,1,114153.44,1,613,9,1,0
34,0,0.0,1,171706.66,2,850,2,0,0
58,0,0.0,0,119071.56,2,798,9,0,1
47,1,118079.47,1,143007.49,4,773,2,1,1
35,0,127283.78,1,31302.35,1,614,2,1,0
48,0,0.0,0,71139.8,2,473,8,1,0
29,0,141389.06,0,54122.89,1,762,6,1,0
37,0,130091.5,1,120031.29,1,701,8,1,0
35,0,143744.77,0,104076.51,2,600,4,1,0
28,0,97408.03,1,175853.64,1,850,9,1,0
30,0,111927.45,1,175795.87,1,613,9,1,0
31,0,0.0,0,15360.91,2,509,3,1,0
38,0,0.0,0,168460.12,1,509,2,1,0
34,0,0.0,1,181177.9,1,609,1,1,0
33,0,188285.68,0,58363.94,1,456,1,0,0
46,0,109705.52,0,20276.87,1,728,2,0,1
33,0,0.0,0,91514.62,2,663,9,1,0
34,1,127122.79,1,76703.1,3,673,1,0,0
40,0,98241.04,0,110887.14,1,717,0,1,0
37,1,170840.08,0,109843.16,2,741,8,0,0
41,1,87541.06,1,12577.21,2,498,4,0,1
26,0,62610.96,1,179365.1,2,850,4,0,0
36,0,0.0,1,65816.53,2,493,9,1,0
47,0,113328.93,0,124170.9,1,686,5,0,0
35,0,104832.49,0,175015.12,1,666,2,1,0
31,0,102289.85,1,115441.66,1,733,9,0,0
34,1,125227.82,1,128247.03,2,631,6,0,0
49,1,140510.89,0,141914.94,1,714,5,0,0
35,1,132253.22,0,115566.57,1,767,6,0,1
43,1,39043.29,1,175423.69,2,711,2,1,0
34,0,0.0,1,133447.49,2,722,8,1,0
55,0,99685.06,0,114474.98,1,631,9,1,0
38,1,125385.49,1,52044.66,2,701,3,1,0
46,0,131365.37,1,180290.68,2,790,2,1,0
58,0,98308.51,1,132034.13,1,633,6,1,0
37,0,0.0,0,20968.88,2,644,8,0,0
44,0,140856.16,0,158735.1,2,757,5,1,0
30,0,0.0,1,196134.44,2,696,8,0,0
35,0,172274.01,0,22374.97,1,746,2,1,0
36,0,0.0,0,161668.15,2,649,8,1,0
38,0,122447.76,0,67339.34,1,565,0,1,0
38,0,0.0,1,56229.72,2,720,10,0,1
56,0,157559.59,0,140991.23,2,648,6,0,1
41,1,126550.7,0,177644.52,1,632,3,1,1
30,0,158584.82,0,142342.55,3,622,2,0,1
28,0,163569.61,1,154559.28,2,835,2,1,0
31,0,0.0,1,176570.28,1,493,3,0,1
33,1,127211.45,0,191961.83,1,785,6,0,0
42,1,118199.97,0,9452.88,2,681,3,1,1
30,1,101014.08,1,165257.31,2,621,2,0,0
38,0,119208.85,0,169763.89,1,756,6,1,1
66,0,0.0,1,160663.11,2,515,6,0,0
58,0,53772.73,1,192072.1,1,625,10,0,1
39,0,0.0,0,93275.61,2,717,6,0,0
41,1,138878.81,1,112269.67,1,595,2,0,0
37,0,130922.81,0,2186.83,2,539,1,0,0
35,0,0.0,1,43075.7,2,762,9,1,0
20,0,0.0,1,12368.11,2,706,8,1,0
25,0,130866.19,0,42410.21,1,677,8,0,0
33,1,187257.94,1,190430.81,1,733,7,0,0
41,0,0.0,1,138394.37,1,684,7,0,0
36,0,147733.64,1,172501.38,1,679,6,1,0
43,0,0.0,1,197916.43,2,478,1,1,0
33,0,163139.27,1,7035.36,1,696,2,1,0
35,0,0.0,1,159676.55,2,686,4,0,0
36,0,119540.15,1,80603.99,1,466,5,0,0
41,0,129553.76,0,187599.8,2,686,4,0,0
55,0,0.0,1,94450.97,2,576,9,1,0
61,1,66101.89,1,143981.27,1,763,1,0,0
43,0,140431.98,0,26450.57,1,572,2,1,1
49,0,0.0,0,164482.92,2,757,2,0,0
29,0,0.0,1,84012.81,1,582,0,0,0
35,0,0.0,0,101192.08,2,623,5,0,0
37,1,116471.43,0,175324.74,2,617,4,0,1
39,0,0.0,0,197226.32,2,425,4,1,0
56,0,123785.24,0,99504.03,1,659,9,0,1
33,0,0.0,1,83700.66,2,605,4,0,0
38,0,88758.95,0,28226.15,2,538,8,0,1
25,1,153611.83,0,35321.65,2,665,5,1,0
57,1,112044.72,1,41229.73,1,491,4,0,1
27,0,123826.07,1,78970.58,1,726,7,0,0
65,0,106804.26,0,107890.69,3,580,9,0,1
48,0,0.0,1,191870.28,2,550,6,0,0
59,0,68892.77,0,7905.06,2,542,2,0,1
43,0,0.0,0,65731.53,2,732,6,0,0
33,0,125827.43,1,145698.73,1,473,5,0,0
34,0,0.0,0,50046.25,2,745,9,1,0
36,0,0.0,1,60830.24,2,732,7,1,0
40,1,148495.64,0,158853.98,1,848,5,0,0
37,0,133043.66,0,111243.09,1,572,1,1,0
45,0,74989.58,1,171014.69,1,702,9,1,0
39,1,60263.23,0,170835.32,1,664,7,1,0
50,1,129370.91,1,47775.34,4,630,3,1,1
44,1,157955.83,0,139297.71,2,618,5,1,0
26,0,0.0,0,195167.38,1,556,4,1,0
30,0,70729.17,1,160948.87,1,619,7,0,0
48,0,0.0,1,44965.54,2,644,8,1,1
50,0,0.0,0,52137.73,2,658,2,1,0
27,0,90721.52,0,109296.18,2,598,8,1,0
27,0,0.0,1,20092.89,2,677,2,1,0
45,0,57784.22,0,197804.0,1,689,0,0,1
33,0,131765.72,0,118782.06,1,591,9,1,0
40,0,0.0,1,152876.13,1,699,7,1,1
47,1,110022.74,1,135655.29,1,749,9,1,1
40,0,131569.63,1,103970.58,1,709,9,0,0
61,1,164523.5,1,35786.76,2,607,2,1,0
25,1,114330.95,1,25325.07,1,650,2,0,0
45,0,135923.16,0,18732.84,1,651,10,0,0
61,0,0.0,1,118522.73,2,676,8,0,0
49,0,0.0,1,89972.25,2,723,4,0,0
45,0,124693.48,1,187194.15,1,714,0,1,0
35,0,147936.42,1,106785.7,1,759,7,0,0
29,0,0.0,0,142516.35,1,582,0,1,0
34,0,126558.92,0,73334.43,1,697,2,0,0
57,1,106938.11,1,186612.47,2,610,6,1,0
33,1,140002.35,0,123613.81,1,488,4,0,0
46,1,123444.72,1,31368.08,1,599,9,1,1
32,0,147107.91,1,40066.95,1,781,6,1,0
19,0,128514.84,0,175969.19,1,645,9,1,0
55,0,0.0,0,10034.77,1,545,5,0,1
40,1,106756.01,0,151167.94,2,597,9,0,0
28,0,0.0,0,191387.76,2,561,3,0,0
37,0,0.0,0,51229.17,2,662,6,0,0
50,1,155393.32,1,87351.42,1,649,5,0,1
36,0,110414.48,1,48984.95,1,630,2,0,0
33,0,0.0,1,182738.0,2,672,2,1,0
37,1,157098.52,1,153535.27,1,636,9,0,0
38,1,85626.6,1,125079.65,1,593,5,0,0
45,1,93796.42,1,162321.26,2,545,6,1,0
41,0,0.0,0,3414.72,2,567,1,0,0
51,0,125268.03,0,165082.25,2,583,6,1,0
29,0,148143.84,1,52021.39,1,681,2,0,0
29,0,115545.33,0,148256.43,2,762,10,1,0
35,0,0.0,0,122899.01,2,648,7,1,0
30,0,44928.88,1,10771.46,1,644,5,1,0
29,0,0.0,1,18255.51,2,706,2,1,0
35,0,162442.35,0,183566.78,1,850,3,1,0
39,0,0.0,1,175224.12,2,484,5,0,0
28,1,96213.82,0,147913.56,2,508,0,1,0
29,0,156569.43,0,180598.66,1,439,6,0,0
36,0,0.0,0,186136.48,2,484,8,1,0
37,0,0.0,0,7455.2,2,803,1,0,0
48,1,110463.25,1,80552.11,2,724,6,0,1
33,0,154575.76,0,25722.28,1,640,7,1,1
35,0,0.0,0,170996.86,2,701,9,0,0
37,0,0.0,1,20603.32,2,537,3,1,0
26,1,147037.32,0,141763.26,1,651,5,1,0
41,1,119276.31,0,122284.38,1,523,0,1,1
25,0,108664.85,0,190011.85,2,717,7,0,0
44,0,0.0,0,128046.98,1,593,5,1,0
38,1,163034.82,1,135662.17,2,706,5,1,0
49,1,93059.34,0,7571.51,1,714,4,0,1
38,0,179581.31,0,23596.24,1,794,9,1,0
46,1,113625.93,0,92727.42,1,518,4,1,1
55,1,119961.48,0,65156.83,1,589,7,1,1
45,0,129209.48,0,60151.77,1,824,3,1,0
42,1,137227.04,0,149097.38,3,719,5,0,1
58,1,119024.75,0,35199.24,2,617,3,0,1
35,0,74623.5,0,129451.29,3,651,7,1,1
45,0,157929.45,1,145134.49,1,637,2,0,1
26,0,92606.86,0,192709.69,2,554,7,0,0
35,1,127862.93,0,139083.7,2,731,2,1,0
42,0,0.0,1,83629.6,1,569,1,0,1
37,1,142711.81,0,35625.41,1,625,4,0,0
38,0,0.0,0,35338.96,2,592,4,0,0
43,0,163159.85,1,15602.8,1,669,1,1,0
32,1,108586.86,1,182355.21,1,663,3,1,0
41,1,110624.99,0,89327.67,1,518,5,0,0
43,1,154846.24,1,151903.6,2,686,5,0,0
45,1,122917.71,1,11.58,1,709,4,1,1
33,0,0.0,1,77519.62,2,571,9,0,0
31,0,82787.93,0,91423.69,2,707,2,0,0
32,1,102500.34,0,106287.77,1,701,5,1,0
34,0,0.0,0,161800.77,2,672,9,1,0
39,1,159492.79,0,80582.34,1,620,9,1,1
48,0,0.0,1,185094.48,2,557,10,1,0
54,0,118241.02,0,172586.89,1,648,7,0,1
35,0,113090.4,0,195649.79,1,479,2,0,0
22,0,65763.57,1,145792.01,1,730,9,0,0
43,1,125537.38,0,138510.01,1,737,1,0,1
31,0,94263.91,0,168895.06,2,616,3,1,0
29,0,133434.57,0,97983.44,2,639,4,1,0
39,0,0.0,1,85167.88,1,815,6,0,0
31,0,0.0,1,18210.36,2,786,9,1,0
50,0,94748.76,1,13608.18,2,549,9,1,0
38,0,98640.74,1,110457.99,1,622,4,0,0
26,0,74681.9,0,31231.35,2,624,9,1,0
34,0,0.0,0,141582.66,2,841,4,1,0
41,0,179915.85,0,14666.35,1,614,7,0,1
30,0,128207.23,1,55400.17,1,676,1,1,0
42,0,132739.26,0,174667.65,2,697,9,1,0
40,0,0.0,0,154189.08,2,732,10,0,0
27,0,120509.81,0,142170.44,1,623,4,1,0
46,0,124547.13,0,94499.06,2,541,4,1,0
39,0,0.0,1,182081.45,2,773,4,0,0
34,1,88815.56,0,68562.26,2,762,4,1,1
35,0,82231.51,0,88798.02,2,655,1,0,0
32,1,184715.86,0,113781.99,2,602,7,1,0
31,0,0.0,0,121866.87,2,850,3,1,0
51,0,0.0,1,150390.57,1,649,4,1,0
28,1,147972.19,0,60708.72,1,850,4,1,1
43,0,0.0,1,78858.07,2,543,9,1,0
52,0,170008.84,0,56407.42,1,672,8,1,1
27,0,0.0,1,125698.97,2,600,3,0,0
34,0,0.0,0,23235.38,1,671,10,0,0
42,0,95386.82,1,75732.25,1,706,8,0,0
51,1,90373.28,0,179861.79,2,541,7,1,0
34,1,133467.77,1,42976.64,2,711,4,1,0
30,0,0.0,1,10486.69,2,630,3,1,0
31,0,96288.26,0,56794.73,1,531,3,1,0
26,0,91547.84,1,28157.34,2,641,4,0,0
37,1,138292.64,0,152422.91,2,631,8,1,1
35,0,0.0,0,167033.83,1,685,9,1,0
32,0,71667.74,1,126082.18,1,702,8,1,0
43,1,118994.84,0,181499.77,1,708,0,0,1
55,0,0.0,1,41967.03,2,653,7,1,0
37,1,145610.07,0,186300.59,2,654,2,1,0
33,0,138162.81,0,85412.54,1,596,1,0,0
31,1,135020.21,1,23343.18,2,549,9,0,0
38,0,0.0,0,180698.32,2,754,2,1,0
25,1,135161.67,1,136071.05,1,815,8,0,0
52,0,0.0,0,175149.2,1,556,9,0,1
32,0,94486.47,1,146949.74,1,706,6,1,0
46,0,117640.39,0,88920.68,1,850,9,1,0
33,0,111379.55,1,45098.62,1,732,8,0,0
40,0,0.0,1,20339.79,1,614,6,1,1
57,0,136820.99,1,108528.74,1,580,0,0,0
46,0,98752.51,0,145560.38,1,593,7,0,0
25,1,158266.42,1,199357.24,3,653,2,0,0
29,0,105599.67,1,43106.17,1,746,4,0,0
29,0,0.0,0,137508.31,2,662,10,0,0
31,0,0.0,1,91957.39,2,573,2,1,0
39,0,139723.9,1,120612.11,1,684,4,0,0
41,0,141806.46,0,102921.17,1,793,3,0,0
49,1,132571.67,1,31686.33,1,798,5,0,1
40,0,180516.9,0,180002.42,1,524,2,1,0
31,0,0.0,1,28407.4,2,816,8,1,0
41,1,92805.72,1,73743.95,1,742,4,0,1
22,0,0.0,1,186233.26,3,540,4,1,1
39,1,135309.36,0,31728.86,1,537,3,1,1
74,0,128917.84,1,48244.64,1,759,6,0,0
52,0,56580.93,0,113266.28,1,774,2,0,1
42,1,131390.75,0,71178.09,2,608,8,1,0
37,0,0.0,0,25684.93,2,704,4,1,0
41,0,0.0,0,29737.14,2,581,8,1,0
61,1,97361.66,1,149922.38,1,628,1,0,1
42,0,0.0,0,180702.12,1,566,6,0,1
59,0,0.0,1,27597.59,2,701,7,1,0
29,0,0.0,1,95025.27,2,735,10,1,0
34,0,0.0,0,167035.07,2,680,1,0,0
57,0,0.0,1,116781.71,2,560,0,1,0
29,1,102714.65,0,21170.81,2,663,4,0,0
34,0,67816.72,1,29641.58,1,665,5,0,0
51,0,81710.46,1,116520.07,1,758,8,1,0
26,0,75237.54,1,44220.4,1,621,2,1,0
28,1,124023.18,0,166188.28,1,764,10,1,0
46,1,100727.5,1,140857.76,1,537,5,0,1
46,0,107238.85,0,37024.28,2,589,10,0,0
24,0,0.0,0,27513.47,2,555,5,1,0
29,0,139994.66,0,17744.72,1,734,0,0,0
59,0,126224.87,1,4423.63,1,783,9,0,0
51,1,145751.03,0,109718.44,1,678,1,0,1
47,0,0.0,1,107243.31,1,661,5,1,1
25,0,121166.89,1,115288.24,1,607,4,0,0
38,0,0.0,1,41233.97,2,537,1,0,0
88,0,0.0,1,52952.24,2,513,10,1,0
63,0,70655.48,0,78955.8,1,576,9,1,1
41,1,129901.21,0,26025.6,1,660,1,1,1
40,0,125470.81,1,174536.17,1,637,8,1,0
53,0,169406.33,1,147311.47,4,672,9,0,1
32,0,0.0,1,77965.44,2,629,2,1,0
40,1,107041.3,1,5635.63,1,583,4,1,0
32,0,95153.77,1,81310.1,1,763,10,0,0
32,1,145166.09,0,111421.45,2,516,3,1,0
27,0,0.0,0,190269.21,2,617,4,0,0
38,0,65962.63,1,100950.48,1,700,9,1,0
36,1,140418.81,1,113033.73,1,727,6,1,1
31,0,139799.63,1,120663.57,1,689,3,0,0
49,1,171787.84,0,187192.23,2,626,9,1,0
38,0,149238.97,1,97825.23,1,686,6,1,0
57,1,163146.46,0,169621.69,1,351,4,0,1
37,0,0.0,0,191557.1,2,739,8,0,1
32,0,0.0,0,103287.62,2,627,10,1,0
38,1,61482.47,1,167538.66,1,451,9,0,0
41,0,145150.28,0,64869.32,1,512,8,0,1
41,0,126670.37,0,102426.06,1,774,5,0,0
40,0,84390.8,1,107876.2,2,652,8,0,0
37,1,89728.86,1,37294.88,2,638,2,1,0
57,0,0.0,0,89248.99,2,475,1,0,0
40,0,118628.8,0,91973.63,1,567,4,1,0
37,0,0.0,0,16870.2,2,750,3,1,0
39,0,96863.13,1,121681.19,1,850,6,1,0
38,0,142263.45,1,33730.43,1,753,6,0,0
36,0,0.0,0,104786.59,2,683,7,0,0
32,0,0.0,0,94790.34,1,710,3,0,0
21,0,0.0,0,28726.07,2,645,1,0,0
28,0,122724.37,1,67057.27,1,714,6,1,0
35,1,174902.26,0,69079.85,1,696,4,0,0
26,0,0.0,1,179780.74,2,612,4,0,0
31,1,108914.17,1,183572.39,1,520,3,0,1
23,0,98052.66,1,142587.32,1,782,10,1,0
46,0,123873.19,1,177844.06,1,666,5,1,0
56,1,111920.13,0,197634.11,3,466,2,0,1
45,0,0.0,1,121053.19,2,567,4,0,0
20,0,0.0,1,149613.77,2,613,3,1,0
37,0,0.0,1,142.81,2,718,8,1,0
37,0,75150.34,1,131766.67,4,614,8,0,1
38,0,0.0,0,53311.78,2,711,10,1,0
38,1,114753.76,0,107665.02,1,691,5,0,0
32,0,0.0,0,109523.88,1,527,0,1,0
32,0,111871.93,0,112132.86,1,476,6,0,0
45,0,0.0,0,113645.4,2,619,0,0,0
37,1,135927.06,0,180890.4,1,607,4,0,0
44,0,0.0,1,70974.13,2,695,8,1,0
33,0,0.0,0,53379.52,2,653,1,1,0
46,0,57037.74,1,158531.01,1,677,2,1,0
50,0,0.0,0,179267.94,4,655,10,0,1
52,0,79468.96,1,84606.03,1,625,2,0,0
34,1,121063.85,0,56984.58,1,679,7,0,0
51,0,118537.47,1,116912.45,1,734,1,1,0
39,0,0.0,0,102999.33,2,666,10,1,0
26,1,105082.07,0,132801.57,2,592,4,0,0
40,0,0.0,0,85455.62,1,564,4,1,1
36,0,0.0,1,98657.01,2,814,6,0,0
36,1,104702.65,0,107948.72,2,592,2,1,0
50,0,95813.76,1,67944.09,3,758,2,0,1
62,0,167026.61,1,192892.05,2,612,0,0,0
61,1,102453.26,0,187247.56,1,498,7,1,1
25,1,148045.45,1,114722.42,2,638,4,1,0
35,0,0.0,0,111687.57,2,558,1,1,0
24,0,0.0,0,184182.25,2,756,1,0,0
52,0,0.0,1,52759.82,1,782,4,1,1
34,0,104498.79,1,126451.14,1,505,10,1,0
29,0,0.0,0,12048.67,2,671,6,0,0
42,0,0.0,1,95804.33,2,801,6,1,0
26,0,149542.52,1,197911.52,2,604,8,1,0
29,0,87946.39,1,182531.74,1,716,10,0,0
45,0,68639.57,0,168002.31,1,624,3,0,1
47,1,148826.32,1,79450.61,1,607,4,1,0
60,0,0.0,1,60615.83,2,827,2,0,0
61,0,108166.09,1,8643.21,2,606,5,1,0
35,1,103214.71,0,172172.7,1,717,5,0,0
40,1,134760.21,0,174434.06,2,651,1,1,1
58,0,0.0,1,194930.3,1,691,3,1,1
33,0,90124.64,0,137476.71,1,573,0,0,0
38,0,0.0,1,94415.6,2,723,6,1,0
46,1,87361.02,0,120376.87,2,584,6,0,1
45,1,111257.59,0,97623.42,1,550,8,0,1
61,0,131583.59,1,66238.23,4,611,3,0,1
41,1,95020.8,1,131710.59,3,549,9,1,1
24,0,0.0,1,69052.87,2,850,1,0,0
34,1,80242.37,0,56780.97,2,668,5,1,0
43,0,0.0,1,170072.9,1,686,0,0,0
50,0,0.0,1,191849.15,3,660,1,1,1
59,0,122661.39,1,84803.76,1,682,0,0,0
50,0,0.0,1,31840.59,2,524,4,1,1
36,0,0.0,1,12096.61,2,645,8,0,1
42,0,0.0,0,44165.84,2,850,0,1,0
53,0,0.0,1,91406.62,1,537,3,0,0
46,0,81742.84,0,83282.21,2,599,7,0,0
71,0,0.0,1,198446.91,1,727,8,1,1
30,0,145127.85,0,7554.68,1,756,2,1,0
38,0,148912.44,0,80416.16,1,755,9,1,0
41,0,0.0,1,164549.74,2,634,4,0,0
26,0,89900.24,0,175477.03,2,837,4,1,0
30,1,119027.28,1,137903.54,2,727,8,0,0
40,1,105222.86,0,93795.86,2,567,2,0,0
30,0,0.0,0,67997.13,1,650,6,0,1
34,0,116114.93,1,49492.15,1,655,1,1,0
58,0,187911.55,1,35825.18,1,763,9,0,0
27,0,0.0,1,67494.23,2,843,5,0,0
38,0,144432.04,1,73963.17,1,667,6,0,1
50,0,77065.9,1,145159.26,2,705,4,0,0
29,1,180520.29,1,123850.58,1,660,6,0,0
42,0,0.0,0,23822.04,2,553,1,1,0
47,1,130024.87,1,45750.21,1,612,6,0,1
40,1,110086.69,0,159773.14,1,641,2,0,0
31,0,174853.46,0,84238.63,1,513,5,0,0
44,0,108724.98,1,72330.46,1,680,7,1,0
58,0,91285.13,1,26767.85,2,711,9,1,0
40,0,0.0,1,164768.82,2,689,2,1,0
51,1,110610.41,1,1112.76,2,665,9,0,1
54,1,102994.04,0,176680.16,1,551,5,1,1
36,0,59893.85,0,43999.64,2,645,4,1,0
29,1,149318.55,0,140746.13,1,616,8,1,0
32,0,116409.55,1,152790.92,1,582,1,0,0
30,1,127760.07,0,81537.85,1,365,0,1,1
38,1,132591.36,1,7387.8,1,697,6,0,1
31,0,0.0,0,183038.33,2,704,0,1,0
46,0,113402.14,1,138849.06,2,656,5,0,0
31,0,0.0,0,170333.38,2,712,7,0,0
40,0,0.0,0,60416.76,1,748,0,1,0
28,0,0.0,1,100240.2,2,724,9,1,0
50,0,136953.47,1,2704.98,1,691,6,1,0
33,0,0.0,1,68815.05,2,563,8,1,0
32,0,0.0,1,64839.23,1,741,5,1,0
44,0,123863.64,0,144494.94,1,778,8,1,0
22,0,120811.89,1,185510.34,1,848,7,1,0
38,1,148430.55,1,56055.72,1,634,2,1,0
40,1,47869.69,1,155061.97,2,505,6,1,0
53,1,150926.99,0,119817.19,2,692,7,1,0
47,1,103163.35,0,16259.64,1,537,6,0,1
29,0,130206.28,0,184654.87,1,633,10,1,0
28,0,136674.51,0,5278.78,2,833,4,0,0
40,0,200322.45,1,113244.73,1,592,2,0,0
48,0,0.0,1,8908.0,2,587,1,1,0
62,0,80927.56,1,64490.67,1,550,7,1,0
24,0,0.0,0,154971.63,3,680,10,0,1
41,0,0.0,1,155786.39,2,622,9,0,0
28,1,142574.71,0,129084.82,2,594,0,1,0
34,1,160426.07,1,188533.11,1,643,7,0,0
25,0,116160.23,0,13411.67,1,540,5,1,0
34,0,98683.47,0,15733.19,2,635,5,0,0
32,0,118829.03,1,73127.61,2,657,3,1,0
31,0,118870.92,0,101704.19,1,814,1,1,0
32,0,0.0,1,101986.16,1,600,1,1,0
46,0,0.0,1,114442.66,1,682,2,0,0
38,0,107192.38,1,15669.17,1,682,4,1,0
42,0,108010.78,1,157486.1,1,566,3,1,0
34,0,0.0,0,131281.28,2,550,3,1,0
26,0,129837.72,1,197001.15,2,630,7,1,0
58,1,106458.31,0,128881.87,4,546,3,0,1
63,0,97009.15,1,85101.0,1,486,9,1,0
35,0,122929.42,0,149822.04,2,762,9,1,0
45,1,152296.83,1,108040.86,4,692,6,1,1
30,0,0.0,0,135795.53,2,498,1,0,0
49,0,0.0,0,25867.67,1,850,8,1,1
35,0,128993.76,0,130483.56,2,603,6,1,0
36,0,0.0,0,183479.12,1,551,5,0,0
27,1,185267.45,1,77027.34,2,627,0,1,0
28,0,0.0,0,94141.75,2,515,9,0,0
29,0,116805.82,0,4092.75,1,605,3,0,0
29,1,129750.68,0,109257.59,1,567,5,1,0
29,1,129177.01,1,104617.99,2,568,2,0,0
25,1,82506.72,0,167705.07,2,571,6,1,0
48,1,107247.69,1,103712.05,1,634,2,1,1
42,0,0.0,0,161242.99,1,768,3,0,1
36,1,157780.93,0,6089.13,2,554,3,0,0
35,0,172170.36,1,159777.37,1,629,1,1,0
48,0,0.0,1,7919.08,2,638,2,1,0
41,0,0.0,1,188274.6,1,576,1,1,0
42,0,75361.44,0,27608.12,1,661,9,0,1
27,0,0.0,1,183569.25,2,592,4,0,0
30,0,0.0,1,145537.32,2,702,2,1,0
29,0,98263.46,0,164717.95,2,647,0,0,0
43,0,0.0,1,76357.43,2,593,9,1,0
40,1,109308.79,0,120158.72,2,712,3,0,1
31,0,0.0,0,151843.54,2,625,8,0,0
28,1,164365.44,1,5698.97,1,538,6,0,0
22,0,98800.0,0,122865.55,1,637,5,0,0
27,0,193125.85,1,152665.85,1,632,4,1,0
27,0,51522.75,1,192131.77,1,736,5,1,0
23,0,84284.48,1,62851.6,2,755,5,1,0
39,0,0.0,0,140941.47,2,425,5,0,0
51,0,119889.84,0,56767.67,1,461,9,1,1
21,0,137910.45,1,177235.23,1,745,4,1,0
37,0,0.0,0,86242.18,2,616,6,0,0
33,0,100116.82,0,34215.58,1,587,5,1,0
40,1,166082.15,1,44406.17,2,850,4,1,0
38,0,0.0,0,165196.65,2,601,0,0,0
26,0,0.0,0,34542.41,1,730,3,1,0
44,0,148595.55,0,74838.64,1,532,3,1,1
53,1,94078.97,0,36980.54,2,850,2,1,0
34,0,0.0,1,111676.63,2,779,5,0,0
29,0,0.0,1,25858.68,1,562,9,1,0
40,1,164948.98,0,177028.0,3,670,2,1,1
62,0,140549.4,0,30990.16,1,729,4,0,1
44,0,152509.25,1,136915.15,1,767,2,0,0
28,0,191864.51,0,108457.99,1,742,2,0,1
44,0,96418.09,0,131609.48,1,669,8,0,1
32,0,131945.94,1,159737.56,1,542,2,1,0
29,0,0.0,1,142238.54,2,586,3,1,0
30,1,142910.15,0,105890.55,1,612,9,1,1
37,0,0.0,1,194270.91,2,740,7,0,0
35,0,146311.58,1,105443.47,1,584,3,1,0
52,0,87894.26,0,173899.42,1,524,2,1,1
19,0,97445.49,0,122823.34,2,614,5,0,0
64,0,0.0,1,13181.37,1,598,9,0,1
35,0,0.0,1,140780.8,2,799,7,1,0
34,0,154485.74,0,78560.64,2,724,2,1,0
50,0,115625.07,0,185855.21,1,601,2,1,0
25,0,108396.67,0,128276.95,1,804,7,1,0
38,1,65095.41,1,140197.42,2,745,5,1,0
43,1,103018.45,0,32462.39,1,667,1,1,1
38,0,84764.79,1,162253.9,1,518,10,0,0
38,0,0.0,0,30498.7,2,819,10,0,0
35,0,115680.81,1,90280.7,1,520,4,0,0
39,0,0.0,0,32615.21,2,625,5,0,0
36,1,73088.06,0,196142.26,2,673,5,1,0
27,1,150905.03,0,16998.72,2,656,3,0,0
23,0,143054.85,1,62980.96,1,850,9,0,0
28,0,0.0,0,185660.3,2,574,7,0,0
60,0,0.0,1,77331.77,2,679,6,1,0
42,1,99948.45,1,97338.62,1,530,0,0,0
44,0,115451.05,0,67234.33,2,508,3,1,0
32,1,108235.91,1,143783.28,1,558,4,1,0
38,0,0.0,1,77661.12,1,414,8,1,1
42,0,98795.61,0,89123.99,2,648,2,1,0
37,0,0.0,0,70810.8,2,721,1,0,0
31,0,0.0,0,17550.49,2,751,8,1,0
34,0,0.0,1,21497.27,2,662,2,1,0
29,1,113146.98,1,124749.08,2,628,3,1,0
39,1,162532.14,0,36051.46,3,597,8,0,1
40,0,92053.44,1,143681.83,1,698,0,0,0
48,0,0.0,1,150694.58,2,723,7,1,0
28,0,0.0,0,170487.4,3,586,5,0,1
29,1,104944.1,1,97684.46,1,633,8,0,0
31,0,0.0,0,53520.03,2,564,4,1,0
31,0,0.0,0,15200.61,2,649,2,0,0
30,0,107879.04,1,196894.62,1,622,4,0,0
46,1,110356.42,0,4969.13,1,459,7,1,1
27,0,0.0,0,26229.24,2,718,2,1,0
34,0,109783.69,0,134034.32,2,655,4,0,0
22,0,149777.0,1,198032.93,1,696,9,1,0
38,0,104339.56,0,119882.86,1,637,3,0,0
21,0,85818.18,1,133102.3,1,630,1,0,0
37,0,212692.97,0,176395.02,1,592,4,1,0
37,1,89696.84,1,193179.88,2,634,1,1,0
28,0,0.0,1,125062.02,2,608,9,0,0
32,1,68067.24,0,143287.58,1,565,9,0,0
67,0,148564.66,1,87236.4,1,763,9,1,0
55,0,136354.16,1,93769.89,1,665,8,0,0
38,0,122214.0,1,88965.46,1,649,1,1,0
45,0,0.0,1,30793.61,2,695,3,1,0
70,1,119684.88,1,74532.02,2,775,6,1,0
39,0,135139.33,1,113086.08,1,788,3,0,0
42,1,146100.75,0,32574.01,1,569,9,0,1
56,0,123110.9,1,130113.78,3,726,8,0,1
44,1,111760.4,1,104722.47,3,564,3,0,1
32,0,110728.39,1,14559.62,1,544,9,0,0
41,0,121558.46,1,598.8,1,614,8,0,0
38,1,120623.21,0,129697.99,1,453,8,0,0
58,0,114713.57,1,36315.03,1,471,4,0,0
37,1,103457.76,0,1114.12,1,829,3,0,0
57,1,101134.87,1,70954.41,2,754,2,1,0
46,1,78136.36,1,73470.98,2,749,10,1,0
23,0,0.0,0,91573.19,2,667,1,1,0
30,0,133446.34,0,3154.95,1,670,3,1,0
33,0,0.0,1,88187.81,2,670,7,0,0
48,1,108076.33,0,118855.26,1,623,1,0,1
32,0,131354.25,0,125256.53,1,571,5,1,0
37,1,62974.64,1,39016.43,2,641,7,0,0
30,1,143340.44,0,145796.49,1,551,2,0,0
36,1,116993.43,0,168816.22,2,741,8,1,0
31,0,58662.92,1,73322.0,2,472,4,1,0
41,0,128808.65,0,113677.53,3,650,3,1,1
45,0,137555.44,0,124607.7,1,625,7,1,0
34,1,142393.11,1,11276.48,1,650,4,1,0
38,0,0.0,0,136620.64,2,535,8,0,0
41,0,125785.23,1,70523.92,1,649,2,0,0
22,0,136444.25,0,51980.25,1,689,4,1,1
38,0,121527.4,0,113481.02,1,694,7,1,0
52,1,144696.75,1,49025.79,1,655,9,1,0
36,0,0.0,1,145937.99,2,620,8,1,0
35,0,0.0,1,25161.61,2,577,10,0,0
48,1,128140.17,0,175753.55,1,401,8,1,1
25,0,120383.41,1,24903.09,1,599,6,1,0
57,0,0.0,1,169719.35,3,481,9,0,1
42,0,129735.3,1,179565.57,2,704,8,1,0
31,0,185078.26,0,115337.74,1,698,8,0,1
28,0,0.0,0,48131.92,2,480,6,0,0
42,0,0.0,1,160828.98,1,682,0,1,0
31,0,0.0,1,145151.96,2,700,7,1,0
29,0,144591.96,1,196293.76,1,492,1,1,0
45,0,0.0,0,161653.5,2,444,4,0,1
36,0,0.0,0,84635.64,2,624,6,1,0
37,0,0.0,0,159486.76,1,709,7,1,0
68,1,100194.44,1,38596.34,1,557,2,1,0
50,1,145295.31,1,27814.74,2,646,6,1,0
28,1,106070.29,1,183893.31,2,719,3,1,0
47,1,120621.89,1,140803.7,1,706,6,0,0
38,0,0.0,1,146585.53,2,660,7,1,0
36,0,0.0,1,40062.29,2,667,9,1,0
30,0,0.0,1,181300.32,1,705,1,1,0
27,1,171283.91,1,84136.12,1,598,10,0,0
26,0,0.0,1,197594.34,2,669,4,1,0
38,1,128218.47,0,125953.83,1,580,1,0,1
32,0,0.0,1,75465.41,2,676,5,0,0
28,1,77776.39,0,177737.07,1,714,7,1,0
72,1,124978.19,1,7144.46,2,597,6,0,0
29,0,0.0,0,155639.76,2,559,1,1,0
28,0,0.0,1,162428.05,1,564,1,0,0
51,0,109799.55,1,12457.76,2,850,3,1,1
39,0,0.0,0,14917.09,2,689,7,1,0
61,1,125397.21,0,182184.09,1,758,8,0,1
71,0,0.0,1,129984.2,2,604,10,0,0
38,1,111347.37,1,194872.97,2,733,9,1,0
40,0,104291.41,1,117507.11,2,778,8,1,0
61,1,94867.18,1,157527.6,2,732,9,0,1
24,0,0.0,0,92612.88,2,646,8,1,0
33,0,135703.59,0,74850.84,2,597,6,0,0
37,1,106453.53,1,127413.0,2,821,5,0,0
43,0,132412.38,0,69584.3,1,640,7,1,1
40,1,124401.6,0,198814.24,1,511,9,0,1
46,0,118022.06,0,162643.15,3,805,6,1,1
39,1,82531.11,0,114092.52,1,540,1,1,0
44,0,184552.12,0,68860.3,1,705,0,1,1
39,1,127278.31,1,16150.34,1,540,4,1,0
66,0,0.0,1,115227.02,1,532,3,0,0
45,0,0.0,1,170621.55,2,535,2,0,0
23,1,184244.86,0,103099.22,1,627,5,1,0
52,0,59669.43,0,172495.81,1,646,8,1,1
25,0,79543.59,1,38772.82,1,515,7,0,0
39,0,151553.19,1,44946.29,1,697,6,0,0
27,1,166527.88,1,146007.7,2,652,2,1,0
28,1,150329.15,0,145558.42,1,579,6,1,0
43,0,121911.59,0,193312.33,1,760,8,1,0
51,0,156773.78,0,40257.79,2,769,9,1,0
29,0,127864.26,1,46677.9,1,498,8,1,0
53,0,113709.28,1,153887.93,1,774,4,1,1
43,1,79974.55,1,103108.33,1,705,7,0,0
44,0,0.0,1,58652.23,2,648,2,0,0
51,0,0.0,0,91624.11,1,688,5,0,1
38,0,0.0,0,65986.48,1,592,0,1,1
33,0,144427.96,0,113845.19,2,705,3,1,0
42,0,99263.09,1,67607.9,1,654,7,1,0
32,0,79368.87,1,145471.94,2,624,2,0,0
30,0,0.0,1,124071.71,2,594,10,0,0
34,0,0.0,1,67502.12,2,695,9,0,0
28,0,0.0,1,78707.97,3,597,2,1,0
52,0,125095.94,0,171189.83,1,758,7,0,1
40,1,162485.8,0,149381.32,2,737,2,0,0
37,1,95668.82,0,100335.55,2,694,1,1,0
25,0,0.0,0,152698.24,2,683,4,1,0
30,0,0.0,1,41192.95,2,538,8,0,0
37,0,0.0,0,132540.33,1,669,4,1,0
34,0,74197.38,0,96875.52,2,730,5,0,0
31,0,89688.94,1,152305.47,1,622,1,0,0
33,0,103121.33,1,49672.01,2,714,10,0,0
34,0,0.0,0,133997.53,1,569,3,0,0
59,1,120170.07,1,50454.8,1,668,5,0,0
32,0,149136.31,1,16402.11,2,628,9,1,0
40,0,141136.79,1,67803.83,1,600,1,1,0
43,0,152341.55,0,9241.78,1,693,4,0,0
36,0,120026.98,1,100601.73,2,704,7,1,0
33,0,132168.28,0,98734.15,1,527,9,1,0
43,1,85200.82,1,160574.09,2,553,6,1,0
53,0,84903.33,1,26015.8,2,575,1,1,0
32,0,0.0,0,187172.54,2,626,0,0,0
20,0,0.0,1,55763.66,1,582,4,1,0
40,0,0.0,0,75848.22,1,683,8,1,0
30,0,121535.18,0,40313.47,1,850,9,1,0
35,0,116662.96,1,23864.21,2,653,6,1,0
60,0,0.0,1,51380.9,2,679,8,1,0
49,1,124829.16,1,93551.36,1,549,6,0,0
36,0,155180.56,0,169415.54,2,850,2,0,0
32,1,108262.87,1,6935.31,1,558,1,0,0
40,0,0.0,0,25399.7,2,528,4,1,0
38,0,0.0,0,66256.27,2,801,5,1,0
48,0,0.0,1,114709.13,1,513,2,1,1
38,1,99812.88,1,158357.97,2,666,6,1,0
35,0,132164.26,1,164815.59,1,606,2,1,0
45,1,103583.05,0,132127.69,1,599,10,1,1
39,1,142406.43,0,146637.45,2,544,4,1,0
38,0,99842.5,0,90256.06,2,529,7,1,1
41,0,0.0,1,34827.43,2,850,5,0,0
41,0,0.0,0,22074.48,1,497,9,1,0
39,0,81042.42,1,109805.17,1,764,5,0,0
48,0,0.0,0,100478.6,1,603,5,0,1
40,0,0.0,1,97416.34,2,609,6,1,0
53,0,199689.49,1,24207.86,1,487,4,1,1
33,0,142645.43,0,69132.66,1,748,1,1,0
75,0,0.0,1,9376.89,2,710,5,0,0
45,1,110219.14,0,43046.7,1,432,3,0,1
51,0,0.0,1,20856.31,2,534,3,1,0
25,0,0.0,0,187048.72,2,607,3,1,0
32,0,0.0,0,53420.53,2,551,4,1,0
45,0,142072.02,0,37013.29,1,674,7,1,0
25,0,0.0,0,89566.64,2,525,6,0,0
33,1,149564.61,0,149913.84,1,645,8,1,0
43,0,0.0,0,18066.69,2,755,9,0,0
37,1,153366.13,1,26912.34,1,708,8,1,0
21,0,76467.16,1,173511.72,1,715,6,1,0
26,0,121508.28,1,146785.44,1,727,9,0,0
27,0,0.0,1,1050.33,1,559,1,0,0
36,0,73211.12,0,89587.34,2,545,8,1,1
22,0,0.0,0,74405.34,2,524,9,1,0
55,0,0.0,1,54409.48,2,707,1,0,0
38,0,92674.94,0,3647.57,2,671,0,1,0
52,0,96196.24,0,198874.52,4,439,3,1,1
36,1,114391.62,1,53412.54,1,667,1,0,0
32,1,80262.66,0,194867.78,1,831,9,1,0
33,0,173331.52,0,150452.88,1,545,7,0,0
35,0,147285.52,1,57807.05,1,604,7,0,0
67,0,119785.47,1,107534.32,2,657,5,1,0
36,0,140137.15,0,194073.33,1,487,1,0,0
52,1,107467.56,0,126233.18,1,750,6,0,1
37,1,98218.04,0,182354.46,2,694,8,0,1
35,1,133607.75,1,120586.32,1,711,2,0,0
37,0,0.0,1,50578.4,2,551,3,1,0
38,0,95139.41,1,86575.46,1,559,8,0,0
29,0,0.0,1,153392.28,2,620,3,0,0
42,0,0.0,0,115509.59,2,660,5,1,0
37,0,0.0,0,82176.48,2,449,6,0,0
26,1,97331.19,0,63717.49,1,703,1,0,0
37,1,139265.63,1,198745.94,2,795,2,1,0
31,0,0.0,1,5719.11,1,594,9,0,0
34,0,168094.01,0,20058.61,1,586,5,1,0
30,1,131563.88,0,170638.98,2,613,5,0,0
44,0,0.0,0,30607.11,2,601,3,1,0
50,0,0.0,0,37171.46,2,657,9,1,0
31,0,0.0,1,42589.33,1,531,3,1,0
47,1,107363.29,1,66799.28,1,621,7,1,0
33,0,94493.03,1,101866.39,1,782,2,0,0
29,1,170214.23,0,49284.0,2,528,9,0,0
52,0,139781.06,0,27445.4,1,696,6,1,1
35,0,0.0,0,70760.69,2,586,7,0,0
26,0,148610.41,1,104502.02,3,626,8,0,1
73,0,170241.7,1,165407.96,2,498,2,1,0
33,0,128306.83,1,113580.79,1,691,1,0,0
47,0,0.0,1,45978.39,2,568,7,0,0
35,0,0.0,1,152012.36,1,715,3,0,0
32,1,175454.0,1,77349.92,1,680,7,1,0
41,0,0.0,0,47322.05,2,802,6,1,0
22,0,100885.93,1,38772.65,2,539,0,0,0
69,0,93320.8,1,24489.44,1,494,9,1,0
38,1,63176.44,1,14466.08,2,594,6,1,0
33,0,139451.67,0,63142.12,1,596,2,1,0
52,0,49113.75,0,41858.43,1,649,8,0,0
32,1,123906.22,1,127443.82,3,699,1,1,1
40,0,0.0,1,84151.98,2,787,6,0,0
28,0,0.0,0,58595.64,2,604,7,1,0
52,1,131441.51,0,37240.11,1,489,1,0,1
56,0,0.0,0,114522.68,1,651,2,1,1
57,0,136325.48,1,72549.27,2,698,6,1,1
38,1,113150.44,0,176712.59,2,578,4,0,1
42,0,0.0,0,152855.96,1,538,9,0,0
33,0,0.0,1,73371.65,2,696,4,0,0
46,1,102785.16,1,70323.68,1,507,8,0,0
34,0,83264.28,0,9663.28,1,685,6,1,0
41,1,72252.64,1,142514.66,2,705,4,1,0
29,1,148051.52,0,118623.94,1,499,6,0,0
76,0,138489.66,1,68400.14,1,717,9,0,0
63,0,0.0,1,115291.86,2,510,8,1,0
32,0,111589.33,1,170382.99,1,632,6,1,0
39,1,122104.79,0,112946.67,1,668,0,0,1
32,1,96106.83,1,79812.77,1,744,4,1,0
42,1,115930.87,0,19862.78,1,663,7,1,0
37,1,124513.66,0,158610.89,2,638,7,0,0
54,0,0.0,0,191212.63,1,688,9,0,1
46,0,0.0,0,61931.21,1,588,8,1,0
33,0,0.0,1,58043.02,1,631,7,1,1
35,0,100988.39,0,22247.27,2,687,8,1,0
44,0,118577.24,1,31448.52,1,599,10,1,0
28,0,0.0,0,146875.86,2,718,6,1,0
27,0,0.0,1,116081.93,2,730,5,1,0
39,0,0.0,1,73669.94,1,533,2,0,1
28,0,0.0,1,93959.96,2,711,5,0,0
26,0,0.0,1,158918.03,2,555,9,0,0
42,0,113311.11,1,198193.75,1,850,9,0,0
41,0,0.0,0,13160.03,1,678,9,0,0
32,0,0.0,0,4660.91,2,576,7,1,0
20,1,124365.42,0,180197.74,1,835,4,1,1
42,0,147249.29,1,63023.02,2,592,1,1,0
36,0,103688.19,1,118971.74,1,774,7,1,0
29,0,138740.24,0,154700.61,2,620,1,0,0
39,0,111900.14,1,97577.17,1,519,4,1,0
37,0,152760.24,1,48990.5,1,734,0,0,0
31,1,143966.3,1,140262.96,2,763,7,1,1
51,0,141556.96,0,130189.53,1,733,10,1,0
43,0,0.0,1,16301.91,2,650,6,0,0
33,0,0.0,0,126962.41,2,538,5,0,0
46,0,0.0,1,158750.53,1,577,1,0,0
30,0,0.0,0,199644.2,2,792,8,1,0
41,0,0.0,1,144272.71,1,686,10,0,1
29,0,0.0,1,98320.27,2,589,2,1,0
25,0,162560.32,0,64129.03,1,530,9,1,0
29,1,123229.46,0,181221.09,1,778,7,0,0
31,0,76665.71,1,163809.08,2,616,7,1,0
38,0,140278.99,1,171457.06,3,550,9,1,1
51,0,0.0,1,15801.02,2,655,3,0,0
46,0,115764.32,0,102950.79,2,721,1,1,0
36,1,131142.53,0,174918.46,2,499,5,1,0
45,0,68375.27,0,193160.25,1,511,5,1,1
39,1,117833.3,0,5831.0,3,579,5,0,1
36,0,0.0,1,82298.59,2,696,7,0,0
34,0,0.0,0,130686.59,2,681,7,1,0
45,0,0.0,1,52885.23,1,815,7,1,1
30,0,111093.01,0,68985.99,1,681,2,1,0
42,0,132657.55,0,35367.19,1,641,9,1,0
56,0,128882.49,1,196241.94,1,591,9,0,1
59,1,69129.59,1,170705.53,1,565,9,1,0
37,0,0.0,1,126477.41,2,487,6,1,0
39,0,121404.64,1,159618.17,1,729,4,1,0
45,0,131355.3,0,195395.33,3,505,9,0,1
35,0,102097.33,1,168285.85,1,580,1,0,0
40,0,154863.15,1,138052.51,1,642,1,1,0
41,0,99945.93,0,71179.31,2,850,3,0,0
39,1,121704.32,0,55556.3,2,616,2,1,0
43,0,0.0,0,31705.19,2,526,3,0,0
35,1,138782.76,1,186118.93,1,523,8,1,0
35,0,0.0,1,195580.28,2,663,9,1,0
30,0,136291.71,0,54113.38,1,840,8,1,0
42,1,107856.57,0,127528.84,2,570,0,1,0
26,1,108348.66,0,60231.74,1,676,1,0,1
47,0,93871.95,0,156878.42,3,689,1,1,1
45,0,0.0,0,182784.11,1,703,1,0,1
19,1,125860.2,0,129690.5,1,491,2,1,0
49,0,172713.44,0,113860.81,1,584,8,1,0
51,0,0.0,1,184524.74,2,810,5,0,0
59,0,0.0,1,36124.98,1,745,8,0,0
39,0,130786.92,1,121316.07,1,625,3,0,0
29,0,112367.34,0,185630.76,1,535,2,0,0
45,0,91091.06,0,71133.12,2,729,7,0,0
26,0,106198.5,1,32020.42,1,655,7,0,0
47,0,142669.93,0,162760.96,2,751,5,1,0
33,0,112833.35,1,175178.56,1,525,1,1,0
40,0,0.0,1,177099.71,2,532,5,0,0
43,0,0.0,1,66406.37,2,696,4,0,0
32,1,104336.43,0,59559.81,2,786,2,0,0
55,0,104305.74,1,175750.21,1,580,6,1,0
47,1,140187.1,1,174311.3,2,596,5,1,0
39,0,0.0,0,171716.81,2,683,4,1,0
45,0,114959.12,0,189362.39,1,747,1,0,1
33,0,164704.38,1,180716.1,1,602,5,1,1
62,0,119096.55,1,116977.89,1,779,10,1,0
31,0,0.0,1,185105.44,2,551,1,1,0
47,0,0.0,0,35046.97,1,666,2,1,1
30,0,0.0,0,36251.0,1,526,8,1,0
41,0,115465.28,0,103174.5,1,849,9,0,0
27,0,0.0,0,122642.09,2,471,4,0,0
43,0,184926.61,0,122937.57,1,628,3,1,0
43,1,85957.88,0,8757.39,2,674,8,1,0
32,0,114084.6,1,125782.29,1,797,10,1,0
29,0,166930.76,0,122487.73,2,590,2,0,0
27,0,0.0,0,20066.38,1,588,8,0,0
29,0,0.0,1,55473.15,2,577,7,1,0
38,0,107193.82,0,38962.94,2,571,6,0,0
36,0,116275.12,1,63795.8,1,680,3,1,0
27,0,0.0,1,163060.43,2,648,7,0,0
39,0,91068.56,0,26578.69,1,618,2,1,0
41,1,123049.21,1,5066.76,1,648,5,1,0
39,0,0.0,1,140497.67,2,759,6,0,0
40,0,0.0,0,146156.98,2,585,7,1,0
42,0,137781.65,0,199316.19,1,774,3,0,0
48,1,108128.96,1,103944.37,2,697,2,0,0
39,0,105317.73,0,138021.36,2,605,10,1,0
20,0,80569.73,0,68621.98,1,676,1,1,0
22,0,174852.89,1,28149.06,1,678,4,0,0
45,0,89158.94,0,135169.76,3,495,3,0,1
85,0,0.0,1,116537.96,2,787,10,0,0
36,0,89800.14,1,105922.69,1,770,2,1,0
45,1,101207.75,0,88211.12,1,817,9,1,1
43,0,106086.42,0,26900.63,2,659,1,1,0
21,0,0.0,1,3494.02,2,693,1,1,0
47,0,0.0,0,113163.17,2,744,9,1,0
26,0,101440.36,1,19324.5,2,829,8,0,0
38,0,0.0,0,189678.7,2,716,4,1,0
34,0,106603.74,1,26387.71,2,671,7,1,0
29,1,130420.2,0,106276.55,2,835,10,0,0
38,0,0.0,0,45015.38,1,636,1,0,0
29,0,45022.23,1,173495.77,1,649,2,1,0
27,1,74298.43,1,52581.96,1,621,1,1,0
31,1,133003.03,1,146339.27,1,658,3,0,1
48,0,0.0,1,182609.97,2,784,7,1,0
37,0,136689.66,0,197890.65,1,783,1,0,0
32,0,0.0,1,6225.63,2,615,4,1,0
44,0,0.0,1,123977.86,2,791,5,0,1
53,0,102520.37,1,170195.4,1,762,1,1,0
35,0,0.0,1,114190.3,2,607,2,1,0
34,0,0.0,0,27022.57,2,601,5,0,0
67,0,88382.01,1,59457.0,1,540,1,1,0
44,0,115049.15,0,165038.41,2,812,4,1,0
58,0,104796.54,1,154181.41,1,685,1,1,0
33,0,123082.08,0,134960.98,1,680,1,1,0
58,0,0.0,1,65708.5,2,680,8,0,0
33,0,0.0,0,117374.22,2,631,8,0,0
43,0,0.0,1,77703.19,2,569,7,0,0
33,1,88311.48,1,177651.38,2,584,3,1,0
40,0,0.0,1,60954.45,3,582,9,0,0
32,0,71872.19,1,151924.9,1,609,7,1,0
35,0,110046.93,0,26318.73,2,506,6,1,0
42,0,104430.08,1,147557.71,1,503,8,1,0
28,0,0.0,0,125918.17,2,503,5,0,0
31,1,138653.51,0,190803.37,1,806,10,1,0
31,0,102575.04,1,11043.54,1,653,7,0,0
43,0,137780.74,1,119100.05,2,666,7,1,1
32,0,0.0,0,140579.17,2,674,2,1,0
32,0,0.0,1,37731.95,2,798,7,1,0
30,0,105209.54,0,1852.58,1,740,8,0,0
32,1,109570.21,1,172049.84,2,531,0,0,0
44,1,118715.86,0,133591.11,1,614,6,0,1
35,0,0.0,1,192751.18,2,556,10,1,0
43,1,153393.18,1,193828.27,2,678,2,0,0
33,1,132603.36,0,55775.72,1,587,6,1,0
36,0,0.0,1,102280.29,2,527,6,0,0
34,1,129398.01,0,44965.44,2,757,1,0,0
28,0,0.0,0,170661.02,2,468,3,1,0
29,0,151352.74,0,197145.89,1,693,2,1,0
44,0,136836.49,0,192359.9,1,483,5,0,1
40,0,91592.06,0,141210.18,1,466,4,1,1
30,0,0.0,0,100557.03,2,770,8,0,0
54,0,0.0,0,130805.54,1,734,3,0,1
22,0,0.0,1,92606.98,2,716,8,0,0
36,0,165536.28,1,123956.83,2,439,2,1,0
25,1,62482.95,1,102758.43,1,538,5,1,0
40,0,68155.59,0,94876.65,1,743,8,1,0
43,0,55853.33,1,94811.85,2,734,3,0,1
37,0,0.0,1,67840.81,2,656,2,1,0
31,0,79589.43,0,4050.57,1,666,2,0,0
41,0,100880.76,1,134665.25,1,627,5,1,0
25,1,174330.35,0,181647.13,2,480,3,0,0
19,0,143390.51,0,33282.84,1,792,7,1,0
59,1,91415.76,0,27965.0,1,613,8,1,1
30,1,134366.42,0,68343.53,1,476,3,1,0
24,0,0.0,1,198161.07,2,539,3,0,0
60,0,88786.81,1,196858.4,1,696,8,1,0
35,1,96814.46,1,120511.03,2,810,3,1,0
32,1,160680.41,0,30886.35,1,763,9,1,0
29,0,0.0,0,2743.69,2,640,3,0,0
47,0,0.0,0,167778.62,2,655,10,0,0
31,1,145537.21,0,132404.64,1,526,5,1,0
28,0,0.0,1,144423.17,2,678,4,0,1
45,0,0.0,1,181204.5,2,554,6,0,0
30,0,119370.11,1,182726.22,1,597,2,0,1
28,0,0.0,1,120880.72,2,560,1,0,0
47,1,134381.52,0,26812.89,1,850,10,0,1
74,1,114888.74,1,66732.63,2,546,8,0,1
42,1,149332.48,0,100834.22,2,623,1,1,0
40,0,105061.74,0,107815.31,3,698,7,0,1
32,0,0.0,1,34665.79,2,620,7,1,0
40,0,0.0,1,147093.84,1,619,10,0,1
21,0,0.0,1,36942.35,1,561,4,1,0
39,0,155062.8,1,16460.77,1,753,7,0,0
43,0,88798.34,0,45610.63,1,721,3,1,0
33,0,0.0,0,184954.11,2,451,6,1,0
51,1,143139.87,0,47795.43,1,680,5,0,1
23,0,0.0,0,196789.9,2,590,7,0,0
27,1,107027.52,0,173425.68,1,634,3,1,0
29,0,140720.93,0,36221.18,1,676,4,1,0
30,0,80964.57,0,174738.2,2,642,8,1,0
39,0,178585.46,0,67131.3,1,760,6,1,1
26,0,135889.13,1,165692.03,1,736,4,0,0
43,0,134919.85,0,194691.95,1,656,7,1,0
33,1,115130.34,0,129525.5,1,776,8,1,1
34,0,138190.13,1,146511.2,2,832,6,0,0
37,1,131519.49,1,51752.18,2,631,9,1,0
56,0,0.0,0,35418.69,1,795,5,0,1
39,1,126935.98,1,57995.74,2,648,3,0,0
39,0,133707.09,1,108152.75,1,615,4,1,0
27,0,97893.2,0,166144.98,1,682,1,0,0
34,0,127900.03,0,101737.8,1,694,5,1,0
37,0,143835.47,1,33326.71,1,694,10,1,0
44,0,0.0,1,81140.09,2,607,0,1,0
48,0,0.0,0,140173.17,1,664,10,1,1
60,0,0.0,1,166513.49,1,756,2,1,1
40,0,129596.77,1,103232.6,1,645,3,0,0
30,0,0.0,0,120736.04,2,653,4,1,0
24,1,110407.44,0,15832.43,2,710,2,0,1
76,0,0.0,1,188772.45,2,697,7,0,0
41,1,142015.76,0,114323.66,2,619,8,0,0
55,0,81370.07,1,181534.04,1,648,1,1,0
48,1,69329.47,0,102640.52,1,482,2,0,1
28,0,116755.5,1,158585.17,2,548,8,0,1
44,0,83870.33,0,178722.24,1,752,6,1,0
39,0,130694.89,1,153955.38,2,648,6,0,1
34,0,117451.47,0,65374.86,1,643,8,0,0
35,1,206868.78,1,102986.15,2,573,9,0,0
39,0,111695.62,0,136643.84,1,686,3,0,0
40,0,137285.26,0,77063.63,4,644,9,0,1
29,0,149218.39,1,9633.01,1,702,6,0,0
51,0,0.0,1,43496.36,2,652,7,1,0
32,0,0.0,1,24267.28,2,641,7,1,0
41,1,130701.29,0,59354.24,1,692,8,0,1
34,0,0.0,0,28269.86,2,574,5,1,0
31,0,167949.48,0,143162.34,1,643,3,0,0
23,0,131254.81,0,20199.3,1,834,4,1,0
28,0,0.0,1,48606.92,2,591,5,1,0
34,0,0.0,1,89013.67,2,470,9,1,0
34,0,86656.13,1,59890.29,1,608,7,1,0
37,1,114737.26,1,106655.88,1,649,8,0,1
38,0,0.0,0,156439.56,2,665,5,0,0
39,0,0.0,0,24176.44,1,651,6,0,0
62,1,119817.33,1,43507.1,1,555,4,1,1
48,0,130806.99,1,132005.85,2,637,7,0,1
49,0,0.0,1,80496.71,1,675,0,0,1
40,0,0.0,0,88947.56,2,677,5,1,0
35,1,80931.75,0,12639.67,1,850,2,0,1
56,0,0.0,1,94248.16,3,815,3,0,1
32,1,132178.67,0,11865.76,1,665,1,1,0
27,0,0.0,0,141449.86,2,485,3,0,0
43,0,0.0,1,149457.81,2,577,6,1,0
35,0,164769.02,0,119814.25,3,586,7,0,1
29,1,107233.85,0,24924.92,2,722,1,1,0
27,0,176227.07,1,139481.53,2,528,7,0,0
39,0,109949.39,1,41268.65,2,542,4,0,0
34,0,0.0,1,1351.41,2,552,5,0,0
60,0,117738.81,0,147489.76,1,678,10,0,1
37,0,133292.45,0,111175.09,1,575,9,0,0
43,0,160474.59,1,95963.14,1,669,1,0,0
43,0,0.0,0,43128.95,2,636,6,1,0
55,1,154393.43,1,137674.96,1,667,9,1,1
45,1,110827.49,1,153383.54,1,652,9,0,1
36,1,145750.45,1,96660.76,2,637,10,0,0
45,0,109044.3,1,115818.16,1,516,8,0,0
32,0,75170.54,1,37898.5,1,801,4,0,0
42,0,0.0,0,145222.93,2,692,2,0,0
28,0,105795.9,1,41219.09,1,585,6,0,0
32,0,0.0,0,59249.83,2,590,5,1,0
66,0,0.0,1,116747.62,2,554,8,1,0
49,0,0.0,0,116249.72,1,659,1,0,1
26,0,118097.87,0,61257.83,1,690,3,0,0
29,1,172693.54,0,141798.98,1,697,0,1,0
36,0,129440.3,0,102638.35,2,610,4,1,0
36,0,0.0,0,13210.56,2,599,4,1,0
23,0,96471.2,0,35550.97,1,544,1,1,0
46,0,0.0,1,104469.06,1,548,1,0,1
24,0,140197.18,1,142935.83,1,635,4,1,0
20,0,0.0,0,195486.28,2,722,6,1,0
33,0,135946.26,0,63170.0,1,564,4,0,0
69,0,0.0,1,58320.06,2,719,3,1,0
50,1,81290.02,1,177747.03,3,547,3,1,1
42,0,0.0,0,19632.64,1,850,8,0,1
60,1,113715.36,0,18424.24,1,515,9,1,1
56,0,168883.08,1,18897.78,1,667,2,1,0
36,1,143421.74,0,97879.02,1,607,8,1,0
26,0,153644.39,1,63197.88,1,525,7,1,0
53,0,109330.06,1,75860.01,1,606,1,0,0
27,1,115095.88,0,78622.46,2,686,1,0,0
35,0,0.0,1,23598.23,1,611,10,1,1
46,0,183276.32,1,13460.27,1,827,1,1,0
33,0,68193.72,0,19998.31,1,572,9,1,0
32,0,0.0,0,185075.63,2,726,8,0,0
31,1,139729.54,1,135815.38,1,579,6,1,0
56,0,98365.33,1,44251.33,1,598,4,0,0
36,0,0.0,0,136349.55,2,663,10,1,0
37,1,122453.97,1,52693.99,2,505,10,0,0
30,1,132174.41,0,93767.03,2,576,7,1,0
24,0,0.0,1,197866.55,2,555,2,0,0
30,0,0.0,0,126812.85,2,524,1,1,0
39,0,104349.45,0,79503.05,1,776,2,1,0
41,1,138881.04,0,129936.53,1,645,2,0,1
32,1,116968.91,0,175094.62,1,850,0,0,0
35,1,105346.03,1,130379.5,2,603,1,1,0
26,0,136623.19,0,153228.0,1,691,9,1,0
29,0,0.0,1,111285.85,2,583,10,0,0
66,0,0.0,0,49553.38,1,584,5,0,1
33,0,0.0,1,98015.85,2,679,6,0,0
36,0,124445.52,0,88481.32,1,646,6,1,0
34,0,68999.66,1,66879.27,2,559,5,0,0
36,0,85768.42,1,24802.77,1,595,6,1,0
47,0,0.0,0,21312.16,1,527,1,1,1
34,0,100628.0,1,190263.78,2,684,9,1,0
32,0,0.0,1,72873.33,1,673,0,0,0
38,0,0.0,1,57764.65,2,802,7,1,0
54,0,0.0,0,110273.84,1,675,6,1,1
19,0,0.0,0,55500.17,2,762,6,0,0
50,0,125647.36,0,57541.08,1,580,0,1,1
31,1,100375.39,1,90384.26,1,621,8,0,0
36,0,0.0,0,120694.35,1,411,10,0,0
24,0,171922.72,1,178028.96,1,815,7,1,0
32,1,146810.99,1,180990.29,2,631,2,0,0
45,1,109032.23,1,155407.21,1,514,3,0,1
57,0,0.0,0,33676.48,1,638,6,1,1
25,0,0.0,0,89666.28,1,791,7,1,0
35,0,128653.59,0,127558.26,1,516,5,1,0
37,0,80387.81,1,77272.62,1,734,3,1,0
58,0,0.0,1,107665.68,2,611,8,1,1
43,1,108508.82,0,184044.8,3,850,0,1,1
31,0,155978.17,0,91510.71,1,641,10,1,0
38,0,0.0,1,87363.56,1,585,5,0,0
50,1,121175.56,0,117505.07,1,552,4,1,1
29,0,89349.47,0,180626.68,2,507,4,0,0
38,0,86131.71,0,93478.96,2,735,7,1,0
58,0,102346.86,1,114672.64,1,707,3,0,0
36,1,121263.62,1,13387.88,1,698,7,0,0
31,0,0.0,0,173240.52,2,841,2,1,0
33,0,0.0,0,27557.18,1,688,2,0,1
51,0,0.0,1,5552.37,2,614,3,1,0
48,1,149726.08,0,88307.87,1,511,6,1,1
43,0,0.0,0,33879.26,2,447,2,1,1
35,0,161274.05,0,181429.87,2,738,5,1,0
33,0,0.0,0,102655.31,2,422,2,0,0
30,0,103138.17,1,96555.42,1,537,1,1,0
40,1,109628.44,0,189366.03,1,707,3,0,0
54,0,0.0,0,12847.61,1,690,5,1,1
33,1,97286.16,0,143433.33,2,664,7,1,0
33,0,118004.26,0,183983.82,1,850,7,0,0
32,0,85534.83,0,169137.24,1,584,9,1,0
59,0,0.0,1,163365.85,1,728,4,0,1
43,0,95140.44,0,123181.44,2,560,4,0,1
31,0,0.0,1,16447.6,1,629,6,0,1
25,0,0.0,1,173948.4,2,658,3,1,0
54,1,75900.84,1,192154.66,1,794,1,0,0
41,0,126619.27,0,198224.38,1,790,2,0,0
44,0,111833.47,0,67202.74,1,640,7,1,0
37,0,0.0,0,68789.93,2,652,7,1,0
57,0,238387.56,1,147964.99,1,583,3,0,1
32,0,108698.96,1,161069.73,2,775,2,0,0
39,0,112687.69,1,127749.61,1,584,2,0,0
48,1,81556.89,0,191914.37,2,635,4,0,0
48,0,136596.85,1,185791.9,1,814,9,1,0
43,1,98807.45,0,184570.04,1,735,9,0,1
31,0,0.0,1,130446.65,2,678,1,0,0
37,0,0.0,1,82867.55,2,693,1,1,0
30,0,107499.7,1,187632.22,1,640,6,0,0
23,0,0.0,0,56759.79,2,773,8,0,0
30,0,0.0,0,34180.33,2,736,9,0,0
28,0,0.0,1,158545.25,2,693,8,0,0
41,0,176024.05,0,182337.98,2,496,1,0,0
39,0,0.0,1,84175.34,2,751,3,0,0
39,1,127631.62,1,22197.8,1,528,0,1,1
19,0,0.0,0,189641.11,1,754,9,0,0
26,1,109819.16,0,154491.39,2,568,10,0,0
41,0,138734.94,0,90020.74,1,592,2,0,0
25,1,111363.1,0,197264.35,2,558,10,1,0
34,0,0.0,1,31933.06,2,825,9,1,0
28,1,143988.0,0,8755.69,2,677,0,1,1
34,0,118838.75,1,52820.13,1,653,5,1,0
35,0,161637.75,1,20008.46,1,593,4,1,0
44,0,133793.89,1,34607.14,1,632,3,0,1
35,1,71553.83,0,177384.45,1,601,8,1,0
62,0,0.0,1,165702.64,1,786,8,0,0
40,0,0.0,0,167889.1,2,654,3,0,0
38,0,0.0,1,133122.62,2,572,7,0,0
62,0,64667.95,1,140454.14,2,813,10,0,0
28,0,121164.11,1,59938.81,1,523,2,0,0
50,0,0.0,0,12016.79,2,506,3,1,0
72,0,98903.06,1,81251.24,1,513,3,1,0
31,0,104158.84,0,134169.85,1,664,7,0,0
54,0,0.0,1,94888.6,2,684,6,1,0
63,0,139529.93,1,175696.16,2,608,3,0,1
25,0,0.0,1,96758.58,2,527,6,0,0
53,0,64646.7,0,128019.48,1,666,5,1,1
71,0,0.0,1,146895.36,2,779,3,1,1
40,0,0.0,1,139356.3,2,629,6,0,0
35,0,118894.22,0,2923.61,1,430,1,1,0
24,0,0.0,1,121232.51,1,712,2,1,0
30,0,0.0,1,2053.42,2,682,9,1,0
41,0,68213.99,1,6382.46,1,634,8,0,0
31,0,0.0,0,158750.13,2,487,1,0,0
47,0,139196.0,1,74028.36,1,808,8,1,0
32,0,0.0,1,44099.75,2,527,7,0,0
50,1,126345.55,1,17323.0,1,637,4,1,1
40,0,0.0,1,175043.69,2,802,5,1,0
38,0,0.0,0,146388.85,1,529,2,0,1
43,0,0.0,0,2465.8,2,850,3,0,0
18,0,0.0,1,47799.15,2,738,4,1,0
34,0,129278.43,0,165562.84,1,817,5,1,0
31,0,119558.35,0,72927.68,1,735,3,1,0
41,1,92467.58,0,38270.47,1,619,5,0,0
27,0,0.0,0,120893.07,2,671,5,1,0
31,0,0.0,0,188377.21,2,581,6,0,0
36,0,0.0,0,55902.93,2,690,10,1,0
56,0,99340.83,0,4523.74,1,579,4,1,1
24,0,0.0,1,102195.16,2,688,3,0,0
28,0,126833.79,0,60843.09,2,599,4,0,1
29,1,109676.52,1,25548.47,1,729,5,1,0
29,0,0.0,1,134462.29,1,718,3,0,0
53,1,134729.99,1,132702.64,2,712,6,1,0
37,0,98431.37,0,75698.44,1,474,3,1,0
33,1,130368.31,0,105642.43,2,565,8,1,0
31,0,123974.96,0,102153.75,1,658,7,0,0
63,0,138082.16,1,166677.54,1,714,4,1,0
45,0,129855.32,0,24218.65,1,725,1,1,0
40,0,132308.22,0,117122.5,1,825,6,1,0
45,1,155447.65,0,51871.95,2,665,5,0,1
35,0,124268.64,1,84321.03,2,670,2,1,0
34,1,176311.36,0,160213.27,1,474,9,0,0
40,0,99886.42,1,88695.19,2,591,2,1,0
31,0,0.0,1,6123.15,2,508,7,0,0
36,0,0.0,1,167749.54,2,695,2,0,0
24,1,85089.3,1,71638.0,1,660,5,1,0
41,1,134318.21,1,198064.52,2,687,10,1,0
29,1,75395.53,1,54914.92,2,658,5,1,0
33,1,116765.7,0,190659.17,1,705,5,0,1
60,0,0.0,1,51637.67,1,739,4,1,0
38,0,111501.66,1,119333.38,1,844,7,1,0
48,1,76595.08,0,127095.14,2,602,7,0,0
33,0,160541.36,0,93541.14,2,759,9,0,0
38,1,129728.6,0,89289.54,1,747,2,1,0
47,0,0.0,0,108762.16,2,673,1,1,0
34,0,130929.02,1,28238.25,4,671,5,0,1
74,1,116800.25,1,34130.43,1,640,2,0,0
40,1,101016.53,1,7926.35,1,581,0,1,1
67,0,0.0,1,27330.27,2,630,5,1,0
33,0,190566.65,1,79997.14,1,703,8,0,0
47,0,0.0,0,50213.81,1,698,6,0,1
43,1,97067.69,1,60920.03,1,742,6,0,1
37,0,92208.54,1,197699.8,1,652,4,0,1
37,0,186347.97,0,92809.73,2,644,2,1,0
55,0,103176.62,1,163516.16,1,735,2,1,0
58,0,0.0,1,62449.07,1,777,4,0,1
40,1,77270.08,1,115800.1,2,644,4,0,1
37,1,111911.63,1,110359.68,1,665,3,0,1
72,1,94216.05,1,78695.68,1,529,5,1,0
45,0,0.0,1,128378.04,2,803,7,0,0
26,0,0.0,0,155248.62,2,604,3,0,0
49,0,106770.82,0,123499.27,1,738,6,1,0
72,1,138089.97,1,99920.41,2,655,5,0,0
39,1,133191.19,1,53289.49,2,698,9,1,0
66,0,0.0,1,67622.34,2,775,9,0,0
41,0,74135.85,1,11783.1,1,735,7,1,1
41,0,99208.46,0,62402.38,2,766,6,1,0
84,1,92242.34,1,186235.98,1,537,8,1,0
25,1,108380.72,1,79005.95,1,599,7,1,0
55,0,91893.32,0,144870.28,1,420,4,0,1
32,0,85757.93,1,95481.0,1,674,7,0,0
46,0,0.0,0,820.46,2,570,3,0,0
33,1,96759.42,1,174777.98,1,623,8,1,0
30,0,0.0,1,8991.17,2,710,6,1,0
29,0,0.0,1,2797.27,2,466,6,1,0
22,0,0.0,0,22303.17,1,759,5,0,0
71,0,0.0,1,197562.08,2,581,4,1,0
33,0,132150.26,0,23067.97,2,820,2,1,0
41,0,0.0,1,190294.12,2,759,9,1,0
31,0,175443.75,0,113167.17,1,628,6,0,1
31,0,78990.15,1,124777.14,1,676,3,1,0
33,0,113743.37,0,124625.08,1,591,4,0,0
26,0,157624.84,1,49599.27,1,690,5,0,0
62,0,125163.62,1,151411.5,2,624,7,0,0
23,0,0.0,0,122964.18,1,573,2,0,0
60,0,0.0,1,57088.97,1,694,9,1,0
29,0,80922.75,0,7820.78,1,632,7,0,0
40,0,193354.86,0,149188.41,2,632,3,1,0
40,1,107648.94,1,134638.97,2,832,9,0,0
46,1,131769.04,0,184980.23,1,598,7,0,1
36,1,138992.48,0,122373.42,2,430,1,1,0
37,0,113899.92,0,80215.2,1,711,8,0,0
26,1,114450.32,1,14081.64,1,582,6,1,0
39,0,0.0,0,199390.45,2,605,3,1,0
37,0,0.0,1,7667.48,2,657,2,0,0
40,0,63609.92,0,74965.61,1,578,6,1,1
38,0,0.0,0,30583.95,2,532,9,1,0
42,0,75497.51,0,149682.78,1,612,10,0,0
42,0,0.0,0,92664.09,2,792,2,0,0
26,0,0.0,1,138423.1,2,674,10,0,0
31,0,0.0,1,3148.2,2,680,1,1,0
39,0,117704.73,0,197933.5,1,593,0,0,0
35,1,130463.55,1,37341.17,2,679,1,1,0
32,0,46161.18,1,79577.4,1,493,8,1,0
42,0,0.0,0,197602.29,2,688,5,1,0
43,1,110182.54,1,87537.32,2,769,4,1,0
49,0,0.0,0,41623.59,2,581,10,1,0
41,0,117221.15,0,168280.95,1,465,9,1,0
35,0,0.0,0,125986.18,2,641,4,0,0
43,1,79120.27,0,548.52,1,731,9,0,1
37,0,177069.24,1,96088.54,2,625,1,1,0
36,0,61636.97,0,107787.42,1,468,3,1,0
26,0,0.0,0,20510.79,1,790,5,1,0
37,1,104414.03,0,192026.02,1,587,6,0,0
66,0,159732.02,1,118188.15,1,692,4,1,0
34,1,89437.03,1,189540.95,1,676,4,0,0
41,0,0.0,1,63736.17,1,571,8,1,0
32,0,0.0,0,95740.37,1,700,3,0,0
30,0,0.0,1,127939.19,2,445,3,0,0
36,0,142400.77,1,193438.69,1,746,7,1,0
47,0,88011.4,1,90655.94,1,722,2,0,1
36,0,0.0,1,12067.39,2,596,2,1,0
30,1,154870.28,1,54191.38,1,850,8,0,0
46,0,0.0,0,58667.16,2,597,4,0,1
43,0,0.0,1,35687.43,2,436,5,1,0
28,1,118402.25,0,14288.93,2,660,1,1,0
37,0,87374.88,1,247.36,2,649,9,1,0
32,1,105397.8,0,78111.84,1,646,8,1,1
31,0,125341.69,0,79547.39,1,560,5,0,0
49,1,129164.88,1,193266.72,1,710,10,1,0
40,0,141004.46,0,105028.46,1,513,3,1,0
21,0,0.0,0,116106.52,2,607,0,0,0
57,0,89079.41,1,53179.21,1,757,3,1,1
40,1,103604.31,0,140947.05,2,619,9,1,0
24,0,182705.05,1,171837.06,1,612,1,1,0
29,0,0.0,1,123437.05,2,842,8,1,0
33,0,94598.48,0,197519.66,1,713,6,1,1
36,0,188241.05,0,183058.51,2,657,8,1,1
37,0,0.0,0,22710.72,2,770,9,0,0
40,0,0.0,1,69303.15,2,773,10,0,0
39,1,117469.91,0,63705.9,2,470,5,1,0
35,0,80790.74,0,116429.51,1,781,4,1,0
62,0,107735.93,1,58381.77,1,428,1,0,0
43,1,133379.41,0,177378.66,1,600,8,1,1
37,0,168066.87,0,35450.53,1,697,7,0,0
43,1,69014.49,0,164621.43,2,692,2,0,0
28,0,0.0,0,174435.48,1,791,4,1,0
42,1,98548.62,1,94047.75,2,538,1,0,0
49,0,0.0,1,119087.25,2,820,1,0,0
26,0,76554.06,1,184800.27,1,679,3,0,0
36,0,0.0,1,75035.48,2,649,2,0,0
27,0,107375.82,1,62703.38,1,632,3,0,0
40,0,122417.17,1,190882.69,2,594,9,1,0
42,0,0.0,1,91981.85,1,682,0,0,1
33,0,97188.62,0,91881.29,1,720,6,1,0
31,0,61297.05,1,7118.02,2,769,4,1,0
30,0,112666.67,0,11710.4,1,746,1,1,1
40,0,0.0,1,25904.12,1,623,7,0,0
28,0,157842.07,0,86911.49,1,537,3,1,0
46,0,91443.75,0,10958.18,1,468,7,1,0
30,1,110148.49,0,5790.9,1,588,0,0,1
34,0,53299.96,1,42855.97,2,729,9,0,0
37,0,0.0,1,78915.68,2,543,3,1,0
39,0,0.0,1,81409.0,2,499,6,1,0
28,1,70233.74,1,179252.73,2,784,2,1,0
33,0,0.0,0,42171.13,1,604,3,1,1
25,0,75212.28,0,58965.04,1,614,10,0,0
31,0,41299.03,1,102681.32,1,671,7,0,0
35,0,83286.56,0,125553.52,1,587,3,0,0
43,0,0.0,0,53478.02,2,593,10,1,0
29,0,0.0,0,198376.02,1,453,6,1,1
35,1,85668.59,0,105525.36,1,570,6,1,0
45,0,57327.04,1,47349.0,1,655,7,0,0
47,0,0.0,0,178822.32,2,632,3,1,0
37,0,69609.85,1,72127.83,1,681,7,0,0
46,1,129269.27,0,163504.33,1,591,4,1,0
27,0,0.0,1,190623.02,2,779,1,1,0
63,0,165350.61,0,140758.07,2,456,1,0,1
41,0,152105.57,1,132374.41,2,686,7,0,0
74,0,0.0,1,53949.98,2,617,10,1,0
32,0,106290.64,0,121982.73,1,850,5,0,0
30,1,100548.67,0,136983.77,2,646,10,0,0
46,1,106344.95,0,114371.33,1,735,2,1,1
35,0,137482.19,0,62389.35,1,543,5,1,0
37,0,116465.53,1,24435.77,1,490,3,0,0
45,0,0.0,1,10908.33,1,640,1,1,0
45,0,0.0,1,90977.48,2,445,10,1,0
36,0,127637.92,1,81062.93,1,761,9,1,0
34,0,0.0,1,61230.83,2,426,3,0,0
37,0,0.0,1,126837.72,1,777,1,1,0
35,0,81951.74,0,115668.53,2,534,2,1,0
42,0,147531.82,1,38819.45,1,777,5,0,0
18,0,0.0,1,86994.54,2,806,3,1,0
33,0,135120.72,0,195204.99,1,790,10,0,0
32,0,0.0,0,131301.74,1,643,2,0,0
37,0,0.0,1,100835.19,2,584,8,0,0
34,0,0.0,1,198969.78,2,638,7,0,0
18,0,0.0,0,41542.95,2,771,1,1,0
39,0,0.0,0,118272.07,2,600,5,0,0
41,0,28082.95,0,69586.27,1,661,5,0,1
43,0,0.0,0,149629.13,2,554,10,0,1
49,0,111087.5,1,146680.25,1,627,4,1,0
38,0,0.0,1,132809.18,2,659,9,0,0
35,0,127120.07,0,28707.69,1,835,6,1,0
35,0,115651.6,1,104706.29,2,763,7,0,0
31,1,77743.01,0,75335.68,2,625,4,1,0
30,0,0.0,0,136827.96,2,799,9,0,0
69,0,71996.09,1,139065.94,1,849,7,1,0
28,0,61581.97,1,70179.91,1,692,5,1,0
24,0,0.0,0,116160.04,2,623,5,0,0
42,0,0.0,0,83008.49,3,453,5,0,1
84,0,87873.39,0,188484.52,1,408,8,0,1
37,1,105617.73,1,133699.82,2,778,0,0,1
42,0,0.0,1,72172.13,1,695,5,0,1
44,1,148770.61,1,191057.76,2,677,4,0,0
37,0,94901.09,1,48233.75,1,662,5,1,0
29,0,174851.9,1,79178.31,1,534,7,1,0
59,0,0.0,1,162347.05,2,602,7,1,0
43,1,120847.11,0,7611.61,1,554,2,0,1
42,0,0.0,0,88890.05,1,667,6,1,0
43,0,0.0,0,63833.09,1,672,5,1,0
67,0,103267.8,1,78310.04,1,838,4,0,0
34,0,109699.08,1,37898.91,1,692,4,0,0
49,0,135133.39,1,179521.24,1,675,8,1,1
33,0,0.0,0,130726.96,1,731,1,1,0
32,0,137649.47,0,198714.29,1,468,8,0,0
43,0,113567.94,0,89543.25,1,542,6,1,0
35,0,0.0,0,2423.9,2,662,6,0,1
37,1,141547.26,1,180326.83,2,770,5,1,0
61,0,62055.17,0,166305.16,3,675,5,0,1
51,1,131156.76,0,29883.63,1,647,4,1,0
31,0,134837.58,0,192029.19,1,604,6,1,0
39,0,0.0,0,1710.89,2,833,3,0,0
40,0,104784.23,0,135163.76,1,741,4,1,1
36,0,0.0,1,84927.42,2,658,1,1,0
36,0,156948.41,1,149912.28,1,528,1,0,1
60,0,147751.75,0,88206.04,1,590,6,0,1
34,0,124619.33,1,163667.56,2,675,1,1,0
41,0,124182.21,0,100153.43,1,765,4,1,0
64,0,142028.36,0,32275.09,1,650,7,0,1
44,0,0.0,0,65501.91,1,817,8,1,1
31,1,125837.86,0,189392.66,2,699,10,0,0
34,1,117160.32,1,116069.24,1,495,9,0,1
61,0,0.0,1,139861.53,2,491,8,0,0
51,0,97565.74,0,144184.06,1,847,5,1,1
30,0,0.0,1,157888.5,2,676,5,0,0
25,0,104833.79,0,71911.3,1,746,3,0,0
31,0,101675.22,0,45033.75,2,470,2,0,0
20,0,0.0,1,150465.93,2,714,3,1,0
50,0,0.0,0,126381.6,1,695,8,0,1
46,0,174701.05,0,90189.72,1,674,2,1,1
36,1,71142.77,0,122433.09,2,664,6,1,0
31,1,108805.42,1,123825.83,2,697,3,1,0
68,0,0.0,1,11426.7,2,670,4,1,0
32,0,0.0,1,114951.42,1,541,4,0,0
66,0,116037.76,1,184636.05,1,640,9,0,0
28,0,0.0,1,91055.27,2,647,8,1,0
23,0,80673.96,0,93991.65,2,757,2,1,0
39,1,124640.51,0,116511.12,1,704,1,0,1
31,1,182275.23,0,190631.23,2,778,9,1,0
41,1,98635.77,0,199970.74,1,639,5,0,0
33,0,0.0,0,139947.17,2,637,5,1,0
35,0,0.0,0,8816.37,1,686,4,1,0
43,0,79757.21,0,135650.72,1,577,8,1,1
28,1,53053.76,1,24577.34,1,506,8,1,0
28,0,120911.75,1,131249.46,2,757,7,1,0
55,0,115285.85,0,140126.17,1,826,4,1,0
41,0,0.0,0,168219.75,2,721,2,1,0
40,0,221532.8,0,171867.08,1,489,3,1,0
51,0,105056.13,0,70613.52,1,446,4,0,0
37,0,88363.03,1,117946.3,1,677,3,1,0
29,0,123757.52,0,84872.66,2,769,2,1,0
56,0,123959.97,1,60590.72,1,677,5,1,1
62,1,114822.64,1,8444.5,1,555,10,0,0
37,1,145219.3,0,159132.83,1,652,9,0,0
32,1,106807.64,1,76998.69,1,722,5,0,0
36,0,148159.71,0,55835.66,1,643,0,1,0
40,1,99745.95,0,177524.19,1,796,1,0,0
37,1,156282.79,0,45985.52,1,720,8,0,0
41,0,0.0,0,60297.72,2,613,7,1,0
57,0,0.0,1,194421.12,2,506,6,0,1
50,0,0.0,0,93568.77,1,608,6,1,1
77,0,0.0,1,34702.92,1,667,2,1,0
47,0,121376.15,0,54473.6,2,750,7,0,1
33,0,111582.11,0,113943.17,1,610,4,1,0
34,1,129417.82,0,153727.32,1,588,10,0,0
26,0,0.0,1,19116.97,2,479,1,0,0
37,0,0.0,1,112554.68,2,682,5,1,0
36,0,0.0,0,47318.75,1,677,7,0,0
40,1,94607.08,0,36690.49,1,850,6,1,0
56,0,131368.3,0,106918.67,1,580,1,0,1
21,0,166883.07,1,194563.65,2,746,8,0,0
37,0,0.0,0,91086.73,2,635,3,0,0
25,1,172812.72,1,108008.65,2,664,6,1,0
36,1,126606.63,1,172363.52,2,558,0,0,0
46,0,134950.19,0,178587.36,3,415,9,1,1
60,0,96956.1,0,31907.44,1,798,6,0,1
29,1,107601.79,0,18922.18,1,792,4,0,1
46,1,92060.06,0,147222.95,1,489,8,0,1
33,0,0.0,0,1474.79,2,730,0,1,0
41,0,0.0,1,24924.92,2,773,4,1,0
36,0,137688.71,1,46884.1,1,711,9,1,0
55,0,85845.43,1,128918.42,2,592,8,1,0
27,1,125552.96,0,105291.26,1,695,6,1,0
33,0,167298.42,1,145381.65,1,640,1,0,0
31,0,55732.92,1,103792.53,2,470,4,1,0
37,1,110689.07,1,71121.04,1,789,6,0,1
39,0,98544.11,1,52327.57,1,604,7,0,0
35,1,178317.6,0,197428.64,1,493,8,0,0
48,0,115713.84,0,83210.84,2,671,8,0,0
46,0,143267.14,0,193099.43,2,656,9,1,0
19,0,89750.21,0,193008.52,1,739,5,1,0
26,0,116576.45,0,157567.37,1,560,3,0,0
47,1,143001.5,0,108977.5,2,827,8,0,0
23,0,157761.56,0,147759.84,1,681,7,1,0
37,0,0.0,1,27528.4,2,740,5,0,0
31,0,103430.11,1,36479.27,2,663,4,1,0
52,0,0.0,0,31726.76,1,845,0,0,1
27,0,0.0,0,96398.51,2,555,5,1,0
48,1,115115.38,0,139558.6,1,680,8,0,1
39,1,122501.28,1,95007.8,2,638,0,0,0
62,0,0.0,1,101663.47,1,640,3,1,0
42,0,0.0,1,106197.44,2,778,6,1,0
45,0,146758.24,0,48466.89,1,679,3,1,0
32,0,0.0,1,151978.36,2,593,3,0,0
55,0,0.0,1,13288.46,1,788,3,1,1
70,0,110738.89,0,22666.77,1,770,9,0,1
67,0,94203.8,1,102391.06,1,729,2,1,0
47,0,105792.49,1,67830.2,1,545,8,1,1
41,0,153198.23,1,92090.36,1,597,4,1,0
38,0,0.0,0,141023.01,2,537,3,1,0
79,0,61811.23,1,104222.8,1,732,10,1,0
34,0,101116.06,0,196395.05,1,542,8,1,0
46,1,74458.25,1,6866.31,1,688,0,0,0
33,1,142871.27,0,77737.86,2,542,8,1,0
35,1,98585.94,1,106116.84,2,754,6,1,0
37,0,0.0,1,117948.0,1,750,6,0,1
30,0,0.0,1,184581.68,2,731,7,1,0
43,0,80764.03,0,199378.58,1,699,3,0,1
42,0,144801.97,1,12483.39,1,534,9,0,1
27,0,0.0,0,22404.64,2,494,2,1,0
35,1,110053.62,1,92887.06,2,497,7,1,0
28,0,118890.81,1,145157.97,1,632,5,0,0
31,0,0.0,0,134889.95,1,724,5,1,1
37,1,151218.98,1,109309.29,1,751,0,0,0
42,0,150507.21,1,169964.12,1,733,9,1,0
21,0,0.0,1,26327.42,2,701,9,0,0
33,1,131023.76,0,55072.93,2,525,4,1,0
44,1,122314.5,0,68574.88,1,666,2,0,1
29,0,0.0,1,41671.81,2,653,2,1,0
28,0,0.0,1,12409.01,2,850,4,1,0
52,1,111739.4,1,68367.18,2,646,6,0,0
43,0,113882.31,1,74564.41,1,750,6,1,0
24,0,98148.61,0,26843.76,1,764,7,1,0
32,0,0.0,0,156774.75,2,658,9,0,0
32,0,59271.82,1,46019.43,1,727,1,1,0
31,0,0.0,1,145411.39,2,687,2,0,0
33,0,0.0,1,158268.84,2,631,2,1,0
30,0,69413.44,1,74637.57,1,797,10,1,0
25,0,160599.06,1,28391.52,2,650,7,1,0
22,0,0.0,1,144385.54,1,850,3,1,0
40,0,147803.48,0,95181.06,1,676,2,0,1
44,0,0.0,1,15627.51,2,620,8,1,0
52,0,170228.59,0,148477.57,2,576,9,0,1
35,0,133111.73,1,79957.95,1,482,2,0,0
39,0,0.0,0,102763.69,2,695,5,0,0
18,0,176139.5,0,129654.22,2,706,2,1,0
32,0,0.0,1,40652.33,2,668,2,0,0
35,1,110245.13,1,178291.09,1,679,1,1,0
45,0,0.0,0,131906.44,2,703,5,0,0
67,0,158719.57,1,118607.4,1,670,6,1,0
76,0,160979.68,1,13848.58,1,590,5,0,0
35,0,123557.65,1,170903.4,2,613,4,1,0
60,0,0.0,1,13161.66,1,742,4,0,1
33,0,0.0,0,79304.38,1,608,4,0,1
40,0,112896.86,1,121402.53,1,571,10,1,0
39,0,120962.13,0,23305.01,1,595,7,0,0
48,1,96048.55,0,74510.65,1,745,10,1,0
21,0,0.0,1,55601.44,2,589,3,0,0
37,0,185063.7,1,134526.87,2,749,10,1,0
22,0,118064.93,1,195424.01,2,678,6,0,0
46,0,0.0,1,59563.49,2,603,2,1,0
73,0,0.0,1,34595.58,1,504,8,0,0
40,1,149131.03,1,60036.99,3,739,5,1,1
34,0,0.0,0,193021.49,2,604,7,0,0
35,0,0.0,1,48108.72,1,612,3,0,0
44,0,125512.98,0,79082.76,2,629,6,0,0
42,0,83492.07,0,37914.12,2,652,3,0,0
34,0,0.0,0,74593.84,1,565,7,1,0
49,0,0.0,0,82967.97,1,707,10,0,1
30,0,125739.26,1,193441.23,1,645,1,1,0
34,1,98592.88,1,191790.29,1,762,8,0,1
39,0,141789.15,0,92455.96,1,639,1,0,0
22,1,112949.71,0,155231.55,1,709,0,1,0
34,0,105057.33,0,9217.92,1,823,3,1,0
46,1,89087.89,1,87941.85,1,817,0,0,1
27,1,147435.96,0,187508.06,1,665,2,0,0
39,1,154439.86,0,171519.06,1,646,0,1,0
30,0,73054.37,1,27012.0,2,568,8,1,0
62,0,124678.35,0,70916.0,1,850,1,0,1
40,1,152576.25,0,73073.68,2,473,8,1,0
41,0,152243.57,1,88783.59,1,731,9,0,0
25,0,0.0,0,145524.36,1,619,4,1,0
42,1,88120.97,1,21333.22,2,715,2,1,0
51,1,143930.92,1,46675.51,1,772,9,0,1
31,0,0.0,0,4802.25,2,686,1,0,0
29,1,137059.05,0,102975.72,3,749,7,0,1
27,0,186558.55,1,175071.29,1,781,7,0,1
66,0,115654.47,1,131970.86,2,675,5,1,0
29,0,0.0,0,14174.09,2,730,2,1,0
38,0,126152.84,0,15378.75,1,683,3,1,0
51,1,105701.91,1,179797.79,1,554,7,0,1
46,0,0.0,1,93917.68,1,722,6,1,1
67,1,157094.78,1,99490.01,1,689,9,1,0
40,1,113228.38,1,46415.09,2,796,2,1,0
32,0,0.0,1,151815.76,1,447,10,0,0
37,1,108432.88,1,14865.05,2,498,8,1,0
27,0,0.0,1,188007.99,1,663,8,1,0
44,1,120702.67,1,98175.74,2,498,2,0,0
32,0,0.0,0,106851.7,1,627,1,0,0
45,0,0.0,1,75204.21,2,649,7,1,0
29,1,139106.19,0,141872.05,1,738,9,0,1
39,1,101851.8,0,7103.71,2,587,6,0,0
32,1,130935.56,0,9241.83,1,655,6,0,1
37,1,116509.99,1,149517.71,1,647,3,1,1
37,1,93124.04,1,196079.32,2,776,1,0,0
35,1,111578.18,0,166165.93,1,688,5,1,1
32,0,0.0,1,55724.24,2,605,9,1,0
39,0,86546.29,1,131768.98,1,596,10,0,0
33,0,0.0,1,13858.95,1,427,8,1,0
39,0,129669.32,0,82774.07,2,629,2,1,0
29,0,0.0,0,55389.59,2,496,2,1,0
36,0,164557.95,1,82336.73,1,717,2,0,0
23,0,0.0,1,163225.48,2,777,6,1,0
35,0,118989.92,1,135536.72,1,535,8,1,0
29,0,0.0,0,82422.97,1,744,1,1,0
31,0,0.0,1,194660.78,2,755,5,1,0
45,0,79259.75,0,55347.28,1,593,6,0,0
38,0,112230.38,0,16717.11,1,514,4,1,1
40,0,118129.87,1,160277.65,1,721,9,1,0
38,0,86824.09,0,175905.97,1,835,7,1,0
64,0,128306.7,1,66040.83,1,682,10,0,0
40,1,117641.43,0,92198.05,2,590,2,0,0
37,1,125734.2,0,134625.09,2,653,3,0,1
49,0,103302.37,1,50974.57,1,837,8,1,0
27,0,0.0,0,171922.72,1,841,8,1,0
36,0,82696.09,0,83058.14,2,584,4,1,0
29,0,145471.37,0,188382.77,1,769,4,1,0
34,0,101506.66,0,198030.24,1,599,2,1,0
47,0,156265.31,0,1055.66,2,698,5,1,0
27,0,128554.98,1,133173.19,1,477,1,1,0
34,1,139959.55,1,189875.83,2,477,8,1,0
34,0,132944.53,1,31802.92,1,745,7,1,0
35,0,0.0,1,132649.85,3,749,3,0,0
61,0,0.0,0,53067.83,1,850,1,1,1
22,1,93547.23,1,961.57,2,528,5,1,0
33,0,152302.72,0,71333.44,1,750,2,1,0
31,0,147674.26,1,16658.76,1,543,2,0,0
59,0,148021.12,1,74878.22,1,579,3,0,0
37,0,0.0,0,112104.55,2,624,0,1,0
46,1,142360.62,0,48421.4,2,595,5,1,1
27,1,151027.56,0,170320.58,1,596,2,0,0
44,1,138843.7,0,37688.31,1,431,2,0,1
26,0,109958.15,1,136592.24,1,647,8,0,1
31,0,138857.59,0,48640.77,1,640,9,0,0
45,1,105426.5,1,89773.45,2,752,3,0,0
41,1,149155.53,0,42131.26,2,710,9,0,1
27,1,135096.05,1,186523.72,1,638,4,1,1
28,1,170890.05,0,41758.9,2,660,2,1,0
45,0,89122.3,1,199256.98,1,609,4,0,0
54,0,78126.28,1,153482.91,1,596,0,0,1
38,0,123894.43,0,21177.1,1,705,3,0,0
36,0,0.0,1,138743.86,2,444,7,1,0
58,1,106913.43,0,25881.0,1,727,5,1,1
32,0,127845.83,0,66469.2,1,496,4,1,0
22,0,0.0,1,142670.61,2,554,8,0,0
26,0,106397.75,0,103563.23,1,537,7,1,0
51,0,0.0,1,69101.23,1,839,3,0,1
43,0,0.0,0,59475.35,2,700,0,0,0
35,0,166492.48,0,135287.74,1,458,5,0,0
28,0,0.0,1,38773.74,2,850,2,0,0
31,0,114493.68,0,138396.32,1,699,6,1,0
44,1,126104.98,1,110718.02,2,615,9,0,0
51,1,124425.99,0,118545.49,1,850,4,1,1
40,0,0.0,0,123207.17,2,604,1,0,0
34,0,0.0,0,99984.86,1,668,0,1,0
38,0,0.0,0,58332.91,2,594,10,0,0
30,0,101140.76,1,50906.65,1,470,3,1,0
41,1,150844.94,1,127623.36,1,701,0,1,0
35,0,115024.5,1,169665.79,1,664,1,1,0
30,0,131286.46,0,194144.45,1,477,6,0,0
42,0,0.0,0,35673.42,2,756,9,0,0
40,0,141267.67,1,177397.49,1,625,7,0,0
73,0,137761.55,1,159677.46,1,703,5,1,0
30,0,0.0,0,153566.97,2,646,7,1,0
33,0,98064.97,0,52411.99,1,650,0,1,0
31,0,114519.57,1,79222.02,2,664,9,0,0
29,1,101012.77,0,32589.89,1,682,6,0,1
44,0,0.0,1,93777.61,1,725,10,0,0
46,1,82291.1,0,112549.99,1,553,3,1,1
39,0,84719.98,0,191063.36,1,576,9,1,0
56,0,0.0,1,153810.41,2,608,5,0,0
39,0,104386.53,0,105886.77,1,850,0,0,0
31,0,128131.73,0,96131.47,1,627,8,1,0
44,0,122806.95,0,15120.86,1,667,2,1,0
44,0,0.0,0,16989.77,1,548,8,1,0
76,0,112510.89,1,143133.18,1,774,4,1,0
57,1,117056.46,0,93336.93,1,794,3,1,1
55,1,131778.66,1,9972.64,1,497,7,0,0
36,0,70784.27,0,30579.82,1,587,1,0,0
29,0,0.0,1,199775.67,2,850,10,0,0
46,0,0.0,0,179908.71,2,722,5,1,0
35,0,0.0,0,101667.0,2,555,1,0,0
38,1,140752.06,1,171430.16,2,609,6,1,0
39,0,92126.26,0,112973.34,2,734,6,0,0
39,1,93148.74,1,190746.38,2,718,7,0,0
49,0,110132.55,1,187689.91,3,645,5,0,1
23,0,0.0,0,153229.19,2,598,6,0,0
50,1,122227.71,1,14217.77,1,628,4,1,1
40,1,121647.54,1,64849.74,2,629,2,1,1
58,1,110597.76,1,160122.66,1,739,1,1,1
60,0,120731.39,1,138160.11,4,653,2,0,1
28,0,0.0,1,64286.39,2,711,8,1,0
38,0,0.0,1,80178.54,3,783,1,1,1
38,0,153722.47,0,101319.76,1,681,6,1,0
34,0,114088.32,0,92794.61,1,712,8,1,0
48,0,0.0,1,63708.07,2,554,7,0,0
37,0,0.0,0,110782.88,2,611,6,0,0
41,1,152532.3,0,10779.69,1,560,4,1,0
32,0,0.0,0,183289.22,2,646,1,1,0
34,0,143292.95,0,66526.01,1,680,3,1,0
26,0,149144.61,1,123697.95,1,631,1,1,0
36,0,127157.04,1,155700.15,1,746,9,1,0
43,1,84673.17,1,82081.35,2,654,9,1,0
33,1,135962.4,0,121747.96,2,687,9,1,0
32,1,151691.44,1,172810.51,2,708,3,1,0
32,1,88335.05,0,159584.81,1,679,0,0,0
45,0,139859.23,1,108402.54,1,636,7,0,0
45,0,43134.65,1,77330.35,1,695,9,1,0
42,0,99580.13,0,21007.96,1,677,5,1,0
34,0,110717.38,1,9398.45,1,720,6,0,0
37,0,0.0,0,182156.81,2,780,3,0,1
36,0,0.0,0,110525.6,2,653,3,0,0
28,0,0.0,0,51536.99,1,674,3,0,0
40,1,108197.11,0,49722.34,2,620,5,1,0
40,0,0.0,1,66119.07,2,623,6,1,0
29,0,104450.86,1,37160.28,1,547,6,0,0
39,0,0.0,0,197923.05,2,530,2,1,0
34,0,0.0,1,65166.6,1,746,4,0,0
31,0,0.0,0,49326.07,2,512,7,0,0
40,0,0.0,1,42495.81,2,630,8,1,0
21,0,116099.82,1,148087.62,1,570,7,1,0
39,0,111169.91,0,9641.4,1,605,6,1,0
37,0,0.0,1,164844.37,2,530,4,1,0
25,1,123616.43,1,132959.33,1,813,5,0,0
37,0,155619.58,1,135088.58,1,704,9,0,0
31,1,89558.39,1,4441.54,2,565,2,1,0
45,0,0.0,1,174916.85,1,645,4,1,1
32,1,131938.92,1,1795.93,2,526,6,0,0
33,0,151772.63,0,180249.94,2,778,9,0,1
72,0,0.0,1,153604.44,2,677,8,0,0
64,0,0.0,1,189703.65,1,588,3,0,0
22,0,0.0,1,66393.89,2,488,6,0,0
39,0,97700.02,1,30709.03,1,519,1,1,0
31,0,0.0,1,71009.84,2,709,6,1,0
56,1,103244.86,0,143049.72,2,642,6,0,1
34,1,147833.3,1,1561.58,2,710,8,1,0
46,0,0.0,0,49707.85,2,653,5,0,0
71,0,0.0,1,29837.65,2,743,0,1,0
39,0,0.0,0,9041.71,2,418,2,0,0
33,1,84521.48,1,198017.05,2,670,9,0,0
28,1,91938.31,0,143481.85,1,723,5,0,0
45,1,124240.93,1,146372.51,1,549,6,1,0
42,0,0.0,0,101905.34,2,543,5,0,0
37,0,157084.99,0,134767.13,1,595,2,1,0
25,1,108244.82,1,103573.96,2,673,3,0,0
21,0,0.0,1,139259.54,2,741,9,0,0
41,1,82161.7,0,187776.49,2,508,5,0,0
59,1,104568.41,0,8059.44,1,662,2,1,1
36,0,119912.46,0,124354.92,1,752,2,0,0
36,0,68881.59,1,109135.11,2,809,9,1,0
30,0,0.0,1,82222.86,2,575,2,1,0
40,0,86376.29,1,136767.16,1,591,1,0,1
45,0,150840.03,0,155516.35,2,643,9,0,0
55,1,155059.1,1,144584.29,2,698,8,1,0
29,0,0.0,0,164806.89,2,496,4,0,0
44,0,78128.13,1,109153.04,2,597,8,1,0
46,1,98899.76,1,86190.34,2,603,4,1,0
37,0,0.0,1,106040.97,1,655,1,1,0
63,0,160982.89,1,168008.17,1,431,6,1,0
70,0,87926.24,0,33350.26,2,620,3,0,1
35,0,0.0,1,119565.34,1,782,4,0,0
46,0,79385.21,0,188492.82,2,581,2,1,0
53,1,127997.83,0,165378.66,1,553,5,1,1
44,0,168396.34,1,14178.73,1,658,2,1,0
43,1,134896.03,1,97847.05,1,686,2,1,0
36,0,0.0,1,118959.64,3,539,6,1,0
50,0,94238.75,1,50664.07,2,685,6,0,1
29,0,0.0,0,152996.89,2,850,1,1,0
39,0,0.0,0,19458.75,2,763,7,0,0
43,1,212696.32,0,115268.86,1,634,3,1,0
59,0,0.0,0,25843.7,2,567,3,1,1
39,0,139153.68,0,147662.33,2,539,3,1,0
41,0,0.0,0,134878.34,2,764,7,1,0
40,0,0.0,0,35795.85,2,653,0,0,0
44,0,0.0,0,66462.79,2,566,5,1,0
29,1,92887.13,1,69578.49,1,714,6,1,0
65,0,0.0,1,103182.46,2,580,1,0,0
29,0,83442.98,1,177017.39,1,548,5,1,0
36,1,144773.29,0,53217.3,2,646,6,0,0
52,1,111973.97,1,162756.29,1,622,9,0,1
35,0,178032.53,1,42181.68,1,706,8,0,0
23,0,140007.19,1,31714.08,1,680,5,1,0
37,0,98400.61,0,25017.28,2,698,5,1,0
46,0,0.0,0,104272.04,2,581,1,0,0
45,1,108924.33,0,84300.4,2,728,3,1,1
32,0,132835.56,0,136877.24,1,707,4,0,0
26,0,0.0,1,199409.19,2,761,1,0,0
41,1,118334.44,0,163147.99,1,483,1,1,1
25,1,81732.88,0,136497.28,2,736,9,0,0
66,1,121411.9,0,10070.4,1,716,5,1,1
32,0,121455.65,0,190068.53,1,654,9,1,1
20,0,0.0,1,58309.54,2,649,5,1,0
46,0,0.0,1,76946.6,2,649,5,1,0
31,0,117989.76,1,54129.86,1,612,8,0,0
40,0,0.0,1,52990.7,2,657,10,1,0
31,0,137411.29,1,161854.98,1,511,5,0,0
61,0,73688.2,1,172141.33,1,682,10,1,0
58,0,122330.7,1,124429.19,2,748,9,1,0
43,1,99906.89,0,24983.39,1,554,5,1,0
28,0,0.0,1,86699.98,2,794,5,0,0
47,0,167664.83,0,125440.11,1,807,9,0,1
34,0,141525.55,0,9443.15,1,594,7,0,0
33,0,124832.51,0,195877.06,1,652,3,0,0
34,0,132121.71,1,105409.31,1,729,9,0,0
39,0,0.0,0,100403.05,2,625,2,1,0
60,1,78539.84,1,48502.88,1,597,0,0,0
38,1,123770.46,0,47019.66,1,657,5,0,1
43,0,0.0,1,48249.88,2,633,5,1,0
49,1,116150.65,1,84358.71,3,663,7,1,1
47,0,160729.1,1,145986.35,1,535,0,1,0
29,0,88378.6,0,88550.28,1,702,10,0,0
33,0,182888.08,0,3061.0,1,712,2,1,0
31,0,0.0,1,43196.5,2,607,8,1,0
37,0,0.0,1,55775.84,1,476,4,1,1
23,0,85600.08,0,134077.71,1,748,8,0,0
35,0,0.0,1,198490.33,2,815,4,1,0
32,0,0.0,1,116052.92,2,602,10,1,0
40,1,95001.33,1,123202.99,1,649,4,1,0
27,0,113873.22,1,85129.77,1,551,2,1,1
30,0,0.0,0,180598.86,2,509,6,1,0
40,0,74896.92,0,198694.2,1,685,7,1,0
22,0,89492.62,0,42934.43,1,536,5,0,0
38,0,128718.78,0,114793.45,1,711,3,1,0
27,0,0.0,0,63297.7,2,761,8,1,0
49,0,0.0,0,61820.41,1,535,3,0,1
22,1,144954.75,0,102246.0,2,566,7,1,0
21,0,0.0,0,154882.79,2,620,9,1,0
37,1,94001.61,0,140723.05,2,837,6,1,0
40,0,0.0,0,72852.74,1,685,7,0,1
65,0,0.0,1,85733.33,1,673,0,1,0
24,0,0.0,1,162597.15,2,638,1,1,0
46,0,0.0,0,74379.57,1,614,4,1,1
44,0,0.0,1,173117.22,1,626,2,0,1
38,0,0.0,1,66485.26,2,834,8,1,0
24,0,0.0,1,92811.2,2,691,6,1,0
38,0,0.0,1,46635.11,2,706,8,1,0
37,0,141546.35,1,124830.11,1,633,7,1,0
32,1,141528.88,1,167087.34,1,644,8,0,1
30,0,109805.3,1,163625.56,1,666,7,1,0
32,0,86614.06,1,172129.26,2,708,10,1,0
59,1,91680.1,0,163141.18,2,496,7,0,1
38,1,38848.19,0,94003.11,2,730,0,1,0
40,0,153639.11,1,138351.68,1,696,3,1,0
80,0,0.0,1,34164.05,2,809,8,1,0
33,0,123870.07,0,97794.71,1,701,7,0,0
30,0,0.0,0,75786.55,2,604,5,1,0
39,0,46323.57,0,136812.02,1,665,10,1,0
60,0,162039.78,1,84361.72,1,639,5,0,1
19,0,110928.51,1,2766.63,1,696,1,1,0
38,0,0.0,0,163185.76,2,520,5,1,0
53,1,114421.55,0,180598.28,1,545,5,1,1
29,1,130036.21,1,69849.55,2,634,8,0,0
26,0,151510.17,1,19921.72,2,750,1,0,0
41,0,0.0,1,147606.71,2,530,4,0,0
59,0,0.0,1,126160.24,2,589,2,0,1
37,0,83568.55,0,47046.72,1,654,6,1,0
43,0,139972.18,0,143668.58,1,648,7,0,0
45,0,100212.13,0,152577.62,1,835,3,1,0
39,0,90217.07,0,191350.48,1,446,1,0,0
66,0,0.0,1,14234.31,2,514,9,1,0
33,1,124067.32,1,77906.87,1,694,4,1,0
46,0,0.0,1,57320.92,2,554,4,1,0
57,1,162082.31,0,27145.73,4,720,1,0,1
51,1,117306.69,1,26912.72,4,641,2,0,1
32,0,122889.88,1,26476.18,1,813,1,1,0
40,0,148790.61,1,79329.7,1,480,6,1,0
46,0,180226.24,0,13464.64,1,811,9,1,1
32,1,104857.19,0,114149.8,2,715,3,0,0
31,0,166833.86,1,135171.6,2,620,2,1,0
42,0,102936.72,0,1187.88,1,721,4,1,0
48,1,108736.52,0,184564.67,1,772,6,0,1
44,1,129974.79,1,33391.38,2,680,0,1,0
38,0,85982.07,0,9238.35,1,535,8,1,0
20,0,134397.61,0,28029.54,1,655,7,0,0
63,0,137841.53,1,42790.29,1,660,8,1,0
56,1,100260.88,1,77142.42,3,762,10,1,1
39,1,139822.11,1,146219.9,2,662,5,1,0
41,1,123151.51,0,70127.93,2,463,8,0,0
27,1,95331.83,0,132104.76,2,501,4,1,0
42,0,0.0,1,90437.87,1,603,6,0,0
37,0,138162.41,1,113926.31,2,688,7,1,0
38,0,0.0,1,12050.77,2,430,9,1,0
48,1,126066.26,0,64345.61,1,632,6,1,1
42,0,96763.89,1,199242.65,1,601,4,0,0
38,0,0.0,0,75578.67,2,769,2,0,0
42,0,139561.46,0,43435.43,1,551,2,1,1
52,0,0.0,0,183239.71,1,841,5,0,1
31,0,0.0,0,146213.75,1,469,6,0,1
27,0,172463.45,1,40315.27,1,479,2,1,0
37,0,107798.85,0,16966.73,1,701,8,1,0
36,0,70181.48,0,80608.12,2,593,2,1,0
38,0,177997.07,1,19233.41,1,738,5,1,0
31,0,0.0,0,135382.23,2,635,1,1,0
32,0,0.0,1,80410.68,1,658,8,1,0
36,0,0.0,0,17696.22,1,687,5,0,0
37,0,0.0,0,17974.08,2,650,9,1,0
21,0,123200.78,1,180712.28,1,720,2,1,0
63,0,0.0,1,56323.21,2,602,7,0,0
33,0,0.0,1,77550.18,2,618,4,1,0
41,1,137742.9,1,166957.82,2,803,9,1,0
63,0,116270.72,1,184243.25,1,793,9,0,0
41,1,113220.2,1,114072.91,2,616,10,1,0
51,0,0.0,0,153917.41,2,550,5,1,0
56,0,115895.22,0,4176.17,3,602,3,0,1
60,0,121730.49,1,142963.29,1,452,6,0,0
28,0,113811.85,1,76844.23,2,655,3,0,0
26,0,136214.08,0,159742.33,1,510,6,0,0
39,0,146200.01,0,177944.64,1,557,8,1,0
37,0,106242.67,1,166678.28,1,676,10,1,0
29,0,0.0,0,44904.26,2,640,4,0,0
31,0,0.0,0,10625.91,1,529,6,1,0
45,0,24043.45,1,169781.45,1,559,8,1,1
58,0,0.0,1,49848.86,2,689,5,0,0
39,1,132287.92,1,51467.92,3,626,10,1,1
30,0,0.0,0,735.79,2,697,1,1,0
44,0,0.0,1,182495.7,2,823,1,0,0
32,1,90322.99,1,118740.37,2,565,4,0,0
23,0,0.0,0,13813.24,2,631,3,1,0
34,0,131283.11,0,130500.65,1,646,3,0,0
48,0,131659.59,1,14152.15,2,676,1,1,0
54,0,120952.74,0,66963.15,1,850,4,0,0
38,0,153166.17,1,93261.69,1,810,9,0,0
30,0,53291.86,0,196582.28,1,581,0,1,0
35,0,167924.95,0,43024.64,1,718,2,0,0
43,0,86394.14,1,130001.13,1,713,5,1,0
50,0,0.0,0,12106.82,1,672,1,0,1
33,0,0.0,1,42556.33,2,781,3,1,0
47,0,0.0,1,197961.93,2,656,1,1,0
31,0,158978.79,0,12538.92,1,583,4,0,0
37,1,100431.84,0,35140.49,1,808,2,0,1
33,0,0.0,1,117626.9,2,721,5,1,0
29,1,150358.97,0,62454.01,1,778,6,0,1
45,0,114347.85,1,109089.04,2,850,4,0,0
39,0,0.0,1,142331.39,2,693,4,0,0
34,0,134007.9,1,193209.11,1,520,4,1,0
31,1,98899.91,1,47832.82,1,759,4,1,0
60,0,0.0,1,70174.03,2,637,3,1,0
40,1,137430.82,0,176768.59,2,755,2,1,0
47,0,0.0,1,129392.75,2,662,6,0,0
37,0,0.0,1,97893.32,2,503,8,0,0
39,1,188976.89,1,176142.09,2,599,2,1,0
40,0,0.0,0,114093.73,2,583,4,0,0
48,0,75990.97,0,158323.81,1,764,1,0,1
29,0,0.0,1,25514.77,2,513,10,1,0
62,0,112181.08,1,61513.87,1,730,5,1,0
34,0,97208.46,1,59553.34,1,820,10,1,0
26,0,0.0,0,110253.2,2,597,7,0,0
32,0,0.0,0,148769.08,1,637,5,1,0
34,0,150856.79,1,8236.78,1,696,9,1,0
37,1,146748.07,1,11407.58,1,635,9,0,0
57,0,0.0,1,49684.09,2,673,4,0,0
33,0,0.0,1,68064.83,2,662,3,1,0
41,0,148863.17,1,163911.32,1,683,0,1,0
55,0,0.0,0,944.41,1,850,6,1,1
28,0,0.0,1,185547.71,2,815,6,1,0
34,0,153360.02,0,140509.86,1,671,10,1,0
40,0,92055.36,1,164652.02,1,601,3,0,1
39,1,124723.92,0,73641.86,1,709,9,0,0
28,1,103033.83,1,40321.87,1,702,1,1,0
40,0,0.0,0,173844.89,2,558,6,1,0
40,0,0.0,1,145613.17,2,691,1,1,0
30,0,0.0,1,174971.64,1,700,9,0,0
33,0,0.0,1,131834.75,2,667,4,1,0
54,1,116726.22,0,110498.1,1,624,3,1,1
23,0,113923.81,0,196241.43,2,580,5,0,0
31,0,0.0,1,194667.92,2,571,3,0,0
37,0,0.0,0,83093.25,2,561,5,1,0
28,0,0.0,1,52545.24,2,529,9,1,0
36,0,0.0,0,59571.5,2,670,7,1,0
21,1,121827.43,1,99818.31,2,666,1,0,0
42,0,0.0,1,172967.87,2,628,7,1,0
60,0,125389.7,1,178616.73,2,577,10,1,0
38,0,103895.31,1,159649.44,1,652,1,0,0
26,0,111128.04,0,60941.27,1,678,5,1,1
49,0,0.0,0,178342.63,2,692,9,0,0
32,0,0.0,0,191545.65,2,675,10,1,0
52,0,0.0,1,117977.45,1,712,9,1,1
37,1,151242.48,1,49637.65,1,639,5,0,0
48,0,0.0,0,13921.82,1,618,7,1,1
39,0,129709.62,0,173197.12,1,554,2,1,0
47,0,83347.25,1,137696.25,1,533,9,1,0
28,0,84121.04,1,80698.54,1,540,6,0,0
33,0,0.0,0,73018.74,2,704,3,1,0
43,0,102338.19,1,79649.62,1,678,5,1,0
29,0,87375.78,0,166194.53,2,712,3,0,0
44,0,0.0,0,102530.35,3,651,2,1,1
51,1,104677.09,0,74265.38,1,789,3,1,0
32,1,121669.23,1,125898.39,1,775,8,1,0
40,1,108407.34,1,83681.2,1,564,7,1,0
33,1,154969.79,1,99505.75,2,841,7,0,0
39,0,141829.67,1,92748.16,1,850,0,1,0
63,0,0.0,0,28092.77,1,637,5,0,1
45,0,109162.82,1,126145.08,1,500,2,1,0
44,0,87471.63,1,188593.98,1,655,8,1,0
33,0,147229.65,1,56410.17,1,666,2,0,0
24,0,0.0,1,84694.49,2,658,2,0,0
66,1,182532.23,1,195429.92,2,749,6,1,0
32,0,0.0,1,137898.57,2,654,6,1,0
39,0,160903.2,0,78774.36,1,623,1,0,0
33,0,138053.79,0,148779.41,2,761,6,0,0
44,0,153548.12,0,35300.08,1,627,6,1,1
31,1,149085.9,1,197077.36,2,757,8,1,0
53,1,95231.91,0,70140.8,1,695,8,0,1
34,0,0.0,0,196288.46,2,726,3,1,0
41,0,85109.21,0,1557.82,1,587,8,1,0
43,1,125338.8,0,23970.13,2,605,8,0,0
62,0,0.0,1,180243.56,2,850,5,1,0
38,0,106831.69,1,148977.72,1,850,0,0,0
29,0,159597.45,0,39934.41,1,751,3,1,0
37,1,147361.57,1,133031.96,1,627,7,0,0
43,0,176134.54,1,52856.88,1,736,4,1,0
74,0,0.0,1,937.15,2,652,5,0,0
35,0,0.0,1,193022.44,2,627,7,0,0
34,0,84055.43,0,37490.84,1,636,1,1,0
60,0,0.0,1,111558.7,2,775,7,1,0
45,0,174088.3,0,5669.31,4,850,5,0,1
34,0,199229.14,0,68106.29,1,850,8,1,0
37,0,0.0,0,101834.58,1,516,8,1,0
42,0,0.0,1,73151.25,2,513,10,0,0
69,1,78833.15,1,37196.15,2,673,3,0,0
27,0,0.0,0,7819.76,1,564,6,0,0
35,0,0.0,1,23129.46,2,636,2,0,0
29,0,102540.61,1,189680.79,1,712,3,1,0
51,0,0.0,1,66586.56,3,568,4,1,0
43,0,0.0,1,2920.63,2,741,0,1,1
39,1,129401.87,1,87684.93,1,754,8,0,0
32,0,0.0,1,199418.02,2,709,7,0,0
32,0,0.0,1,28515.17,2,510,1,0,0
33,0,0.0,1,92916.53,2,716,2,1,0
36,1,106702.94,0,198313.69,2,607,10,1,0
26,0,139584.57,0,36308.93,1,656,4,1,0
52,1,121016.23,1,41730.37,1,550,5,1,1
26,0,0.0,1,31399.4,2,486,2,1,0
59,1,118210.42,0,60192.14,2,598,8,1,1
35,0,0.0,0,29062.25,2,675,8,1,0
29,0,148654.84,1,28805.09,2,755,4,0,0
32,0,136963.12,0,133814.28,1,656,5,1,0
47,1,137774.11,0,151902.78,2,644,9,1,0
32,0,111156.52,1,167376.26,1,598,4,0,0
31,0,121237.65,1,31022.56,1,850,3,0,0
36,0,97234.58,0,188997.08,1,679,1,1,0
60,0,0.0,1,2085.32,2,632,2,1,0
45,0,0.0,1,70399.71,2,550,0,1,0
54,1,97382.53,1,195771.95,1,572,9,0,0
47,1,103108.8,1,166475.44,1,626,2,0,1
57,0,0.0,0,84106.17,1,625,7,0,1
58,0,131852.81,0,81436.68,1,515,2,0,1
35,0,0.0,1,83256.26,1,612,1,1,1
39,0,107553.33,0,117523.41,1,628,8,0,0
43,0,0.0,0,79476.63,2,529,5,0,0
46,1,161806.09,1,173052.19,1,668,7,0,0
30,0,0.0,0,100995.68,2,526,9,1,0
52,0,0.0,1,122782.5,1,791,7,0,0
27,0,128243.03,1,11631.34,1,573,2,1,0
38,0,126645.13,1,168303.55,1,565,5,0,0
47,0,62094.71,0,9308.1,3,604,8,0,1
37,0,112291.34,0,153157.97,1,656,7,1,0
44,0,89188.83,1,75408.24,1,447,5,0,0
55,0,0.0,0,153356.8,1,682,9,1,1
28,0,109161.25,0,152987.42,1,437,2,1,0
47,0,0.0,1,5557.88,1,792,0,1,1
25,0,0.0,1,194313.93,1,627,4,0,0
34,0,0.0,0,94767.77,2,767,8,0,0
26,0,0.0,0,1540.89,2,686,7,1,0
53,0,158271.74,1,5036.39,1,789,1,0,1
56,0,96951.21,1,71776.76,1,794,9,1,0
35,1,121863.61,1,23481.69,1,587,5,1,1
19,1,83495.11,1,143022.31,1,589,9,0,1
25,1,146566.01,1,161407.48,1,543,1,0,0
45,0,0.0,0,125939.22,1,589,1,0,1
23,1,186101.18,1,76611.33,2,701,5,1,0
40,0,0.0,0,136985.08,1,850,6,1,1
51,1,107494.86,0,140937.91,2,726,8,0,1
47,0,0.0,0,48161.18,1,767,2,1,1
36,0,146943.38,1,130041.45,2,648,8,1,0
36,0,0.0,0,91652.43,2,651,8,0,0
36,0,125130.28,0,125961.48,1,633,6,0,0
37,0,0.0,1,73225.31,2,740,9,0,0
34,0,0.0,1,20460.2,2,592,9,0,0
41,0,0.0,0,81602.02,3,670,10,0,0
36,0,0.0,1,8742.91,2,628,3,1,0
47,0,0.0,0,145789.71,2,745,5,1,0
32,0,0.0,0,129576.99,2,705,3,1,0
42,0,0.0,1,190040.29,2,559,7,0,0
29,0,150685.79,0,87771.06,1,595,6,1,0
35,0,141359.37,0,39519.53,2,492,4,1,0
29,0,0.0,0,190035.83,1,498,9,0,0
39,0,94631.26,1,148948.52,2,655,6,0,0
39,0,118336.14,0,184691.77,1,636,3,0,0
45,0,0.0,1,143458.31,1,634,2,0,0
63,0,0.0,1,27166.75,2,793,0,1,0
50,1,124233.24,1,159456.87,1,526,5,1,1
26,0,51116.26,1,70454.79,1,768,5,0,1
64,1,91869.69,1,95421.0,1,540,1,1,0
34,0,122338.43,0,187985.85,2,732,8,0,0
30,0,0.0,1,92621.9,1,617,8,0,0
54,0,0.0,1,150836.98,1,637,5,0,0
26,0,86270.93,1,90177.3,2,573,8,1,0
44,0,0.0,1,34416.79,2,531,3,1,0
38,0,117289.92,0,85231.88,1,489,5,0,0
35,0,0.0,1,118983.18,2,601,2,1,0
33,1,153663.27,0,111868.23,1,452,7,1,0
29,0,0.0,1,83056.22,1,728,1,0,0
27,1,123599.49,0,1676.92,2,590,8,0,0
29,0,0.0,0,32089.57,2,490,4,1,0
76,0,134208.25,1,13455.43,1,596,9,0,0
29,0,0.0,1,24865.54,1,635,1,1,0
35,1,98556.89,0,117644.36,2,782,7,1,0
37,0,0.0,0,98897.32,3,790,3,0,0
40,0,0.0,1,106174.7,4,587,2,1,1
46,0,134593.79,1,46386.37,1,794,8,0,0
41,0,0.0,1,185054.14,2,515,8,1,0
24,0,68781.82,1,47997.39,1,746,10,1,0
56,1,137464.04,0,130846.79,1,667,8,0,1
32,0,147307.91,1,40861.55,1,709,4,1,0
35,0,0.0,0,171840.24,1,536,8,0,1
41,0,145754.91,1,101455.07,1,711,3,0,0
46,0,0.0,0,90747.94,3,753,8,1,1
44,0,112610.77,1,2048.55,1,748,4,1,0
57,0,71481.79,1,84421.34,2,623,7,0,0
33,0,0.0,1,78698.09,2,465,5,1,0
34,0,77826.8,1,168544.85,1,640,3,0,0
75,0,87140.85,1,39351.64,1,562,5,1,0
42,1,132002.7,1,28204.98,1,502,0,0,1
32,0,178011.5,0,22375.14,2,536,7,1,0
32,1,102954.68,1,134942.45,2,670,4,0,0
51,1,123783.25,1,134901.57,1,775,2,1,0
30,1,101802.67,0,8693.8,1,759,4,1,0
33,0,148659.48,0,42437.75,1,604,3,1,0
62,1,142724.48,1,5893.23,1,766,7,0,1
41,0,112152.89,1,36242.19,1,554,4,0,0
53,0,89550.85,1,90076.85,1,487,10,0,0
35,0,75915.75,0,150507.43,1,725,7,1,0
42,1,118889.66,0,87422.15,2,732,2,0,0
40,0,118788.57,0,192867.4,1,623,5,1,0
42,0,156555.54,1,175674.01,1,781,3,0,0
53,1,99141.86,1,72496.05,1,714,1,1,1
31,1,61211.18,1,145250.43,1,577,4,0,0
37,0,128932.4,1,180712.52,1,731,1,0,0
23,0,0.0,1,180622.43,1,650,5,0,0
32,0,80728.15,0,86306.75,1,779,10,1,0
46,0,127660.46,0,150156.82,2,706,2,0,1
44,0,106070.89,1,101617.43,1,733,3,1,0
42,1,137560.38,1,85424.34,2,579,3,0,0
34,1,111905.43,1,197221.81,1,476,8,0,1
40,0,126212.64,0,70196.57,1,775,9,1,0
68,0,0.0,0,110440.5,2,538,9,1,1
38,0,111835.94,0,124389.61,2,602,7,1,0
30,0,0.0,0,3183.15,2,615,8,1,0
28,1,99705.69,0,146723.72,2,700,3,0,0
32,0,0.0,0,2139.25,2,615,1,1,0
44,1,108895.93,0,69228.2,1,544,2,1,1
56,0,154669.77,1,115462.27,1,573,3,1,1
50,0,128061.0,1,62375.1,2,555,7,1,0
31,0,0.0,0,91829.17,2,692,2,0,1
40,0,0.0,0,182547.04,2,476,4,0,0
46,0,190678.02,1,14725.36,1,770,9,1,0
40,0,0.0,0,126996.67,1,641,7,0,0
35,0,0.0,0,133991.11,1,705,5,0,1
38,0,136712.91,1,169920.92,1,784,5,1,0
52,0,154733.97,0,80259.67,1,727,1,0,1
41,0,112609.91,0,191035.18,1,576,4,0,1
69,0,115462.44,0,40421.87,1,646,10,1,0
34,0,133501.36,1,155643.04,1,638,5,1,0
30,1,58668.02,1,78670.52,1,632,1,1,0
44,0,89118.26,0,104240.77,1,850,7,1,1
28,0,0.0,0,95957.09,2,492,9,0,0
77,1,76510.52,1,59595.66,2,673,10,0,0
34,0,140694.78,0,46266.63,2,609,7,1,0
36,1,95448.32,0,189085.07,2,701,7,1,0
34,0,91562.99,1,123954.15,1,651,4,1,0
31,0,72541.48,0,129803.08,1,508,8,1,0
43,0,120867.18,0,18761.92,1,616,3,0,1
34,0,0.0,0,43540.59,1,489,5,1,0
45,0,157320.51,0,62193.92,1,567,1,0,0
27,0,0.0,1,129130.09,3,714,3,1,0
30,1,139676.95,1,16146.0,2,678,1,0,0
55,0,0.0,1,22442.13,1,581,6,0,0
60,0,0.0,1,78194.37,2,748,3,1,0
19,0,0.0,1,124297.32,2,781,3,0,0
21,0,103000.94,1,104648.58,1,691,3,1,0
31,1,134237.07,1,166423.66,1,507,2,1,1
34,1,118235.7,0,157137.23,2,724,6,1,0
57,0,0.0,1,34134.14,2,705,3,0,0
64,0,0.0,1,112520.07,3,708,5,0,1
38,1,115442.19,0,128481.5,2,580,9,1,1
38,0,0.0,0,16491.64,2,850,5,1,0
25,0,0.0,1,132979.43,1,714,2,1,0
43,0,0.0,1,196645.87,2,559,1,0,0
44,0,115557.0,1,127506.76,1,577,8,0,0
35,1,166518.63,0,147930.46,2,647,3,0,0
30,0,135370.12,1,179689.05,1,554,6,1,1
54,1,92877.33,0,2619.64,1,549,5,1,1
26,0,102073.67,0,166799.93,2,528,10,0,0
46,1,97042.6,1,133516.51,1,720,3,1,1
41,0,0.0,0,163736.09,1,743,7,1,1
24,1,108528.07,0,179488.41,2,615,8,1,1
44,1,79064.85,1,113291.75,2,635,2,0,0
45,0,74274.87,0,64907.48,3,686,3,1,1
36,0,0.0,0,141364.27,2,840,6,0,0
43,0,100421.1,1,101141.28,1,695,1,1,0
26,0,84006.88,0,183490.99,2,564,7,1,0
31,0,0.0,0,4798.12,2,805,4,0,0
45,0,0.0,0,131807.14,1,558,4,1,0
39,0,80293.81,0,97192.76,1,657,4,0,0
42,0,125437.14,0,164128.58,2,641,7,0,0
36,0,0.0,0,176809.87,2,755,8,1,0
48,0,0.0,1,110059.38,2,483,1,1,0
44,1,127536.44,0,108398.63,1,545,2,0,0
66,0,0.0,1,47117.03,2,678,8,1,0
48,1,82794.18,0,124720.68,1,781,9,0,1
22,0,108117.1,1,53328.7,1,571,3,0,0
35,0,0.0,0,82634.41,1,634,10,0,0
27,1,61688.61,0,147059.16,2,523,8,1,0
40,0,0.0,0,141946.92,2,501,2,0,0
74,0,0.0,0,123583.85,2,662,6,1,0
50,0,159304.07,1,155915.24,1,573,0,1,1
33,1,138664.24,0,29076.27,1,648,5,1,0
22,0,126362.57,1,97382.8,2,662,2,0,0
39,0,160652.45,0,57643.55,2,725,4,1,0
35,0,183572.84,1,66006.75,1,563,2,0,1
31,0,88421.81,0,72350.47,1,628,0,1,0
45,0,0.0,0,197789.83,1,546,2,0,1
41,1,112871.19,1,65520.74,2,688,2,1,0
41,1,60880.68,0,31825.84,1,850,8,1,0
34,0,0.0,0,185561.89,2,614,5,0,0
37,0,101455.7,0,25803.59,1,719,9,0,1
71,0,88084.13,1,154337.47,2,757,0,0,0
29,0,0.0,1,138145.62,2,669,7,1,0
59,1,127197.14,0,51565.98,1,438,7,1,1
39,0,0.0,1,71323.23,2,492,7,1,0
39,0,83456.79,0,38882.34,2,622,9,0,0
42,0,98298.18,1,676.06,1,645,4,1,0
37,0,0.0,1,72203.8,2,728,0,1,0
35,0,86911.8,0,174094.24,1,651,2,1,0
42,1,139707.28,0,2150.22,1,783,2,0,0
67,0,0.0,1,177783.04,2,732,1,0,0
39,0,142876.98,0,44363.42,2,553,1,0,0
30,0,146301.31,0,96847.91,1,660,7,1,0
40,0,47364.45,1,148579.43,1,670,3,0,1
38,0,0.0,0,38308.34,2,718,7,1,0
51,0,58137.08,1,142538.31,1,787,0,1,0
38,1,179886.41,0,153122.58,2,775,6,0,0
24,1,107637.97,1,169505.83,2,479,6,1,0
20,0,167685.56,0,57929.9,1,660,6,0,0
68,1,136525.99,0,175399.14,1,721,4,1,0
39,1,52106.33,1,107964.36,2,659,8,1,0
39,0,0.0,0,94263.44,1,743,8,0,0
45,0,104930.38,0,155921.81,1,670,9,0,1
34,1,106434.94,1,137995.66,1,766,6,0,1
38,0,112803.92,0,179631.85,1,845,2,0,0
46,1,120530.34,0,166586.99,1,710,10,0,1
43,1,113641.49,0,115116.35,4,602,2,0,1
43,0,145081.72,1,23881.62,1,604,2,1,0
35,0,0.0,1,105837.38,2,564,9,0,0
27,1,135842.89,1,101418.05,1,637,7,0,0
31,0,112203.25,0,182266.01,1,527,1,0,0
34,0,129895.19,1,28698.17,1,687,7,1,0
41,1,149049.92,1,50422.36,1,756,6,1,1
42,1,153279.39,1,151336.96,1,503,9,1,0
42,0,41473.33,0,112979.6,1,657,5,1,1
40,0,0.0,0,36371.27,2,666,2,0,0
39,1,113193.51,1,52166.25,2,615,5,1,0
27,1,113174.21,0,147261.58,2,712,8,1,0
24,0,0.0,0,88724.49,2,764,0,0,0
42,0,164951.56,0,190531.77,1,471,3,1,0
27,0,153325.1,1,199953.33,1,608,4,1,0
47,0,134032.01,0,144290.97,1,682,10,0,0
32,1,125445.04,1,130514.78,2,587,3,0,0
35,1,126077.43,1,53954.24,2,714,6,0,0
31,0,0.0,1,169802.73,2,630,1,0,0
28,1,90371.09,1,146851.73,1,648,8,0,0
40,0,0.0,1,96832.82,2,785,3,0,0
47,1,142802.02,1,57553.02,1,601,1,0,0
28,0,90537.16,1,74800.99,1,717,1,0,0
44,0,0.0,1,192542.17,2,707,6,0,0
23,0,156123.73,0,72990.62,1,771,7,0,0
35,0,0.0,0,31050.02,2,602,5,0,0
38,0,141074.59,0,52795.56,1,626,7,1,1
59,0,0.0,1,27435.41,2,588,4,1,0
42,1,117899.95,0,150266.81,2,616,6,0,0
33,0,0.0,1,40299.23,2,621,4,1,0
26,0,166257.96,1,149369.41,1,674,6,1,0
46,0,0.0,0,120250.58,2,633,3,0,0
64,1,169362.43,0,84760.32,1,698,1,0,1
26,0,205962.0,0,156424.4,1,508,7,1,0
24,0,0.0,0,109355.73,2,736,0,0,1
68,1,126061.51,1,184936.77,2,672,0,1,0
21,0,105627.95,1,36560.51,1,613,7,0,0
32,0,100606.02,0,165693.06,1,712,9,1,0
38,0,0.0,1,163666.85,2,624,3,0,0
38,0,0.0,1,35644.79,2,676,1,1,0
32,1,138171.1,1,188203.58,2,683,0,0,0
31,0,139395.08,1,6120.84,1,489,7,0,0
29,0,0.0,1,164484.78,2,739,1,1,0
37,0,0.0,1,164268.28,2,701,3,0,0
50,1,109062.28,1,140136.1,1,666,7,0,1
40,1,89994.71,1,121084.27,2,565,1,0,0
36,0,0.0,0,35156.54,2,666,3,1,0
59,0,103996.74,1,103159.11,1,633,2,1,0
34,0,175111.11,1,74858.3,1,578,4,1,0
49,0,66079.45,0,91556.57,2,812,8,0,1
33,1,148055.74,0,199203.21,1,809,8,1,0
36,0,0.0,1,27011.8,1,615,6,1,1
31,0,0.0,0,188637.05,2,684,8,0,0
40,0,0.0,0,61581.2,2,544,8,1,0
47,1,95994.98,0,197529.23,1,713,1,1,0
37,0,0.0,0,182258.17,2,633,2,1,0
23,1,110741.56,0,80778.5,1,672,10,0,0
35,0,0.0,0,155394.52,1,661,5,1,0
28,0,0.0,0,3408.7,1,749,3,0,0
32,0,0.0,1,19367.98,2,635,8,0,1
70,1,96947.58,0,62282.99,3,850,1,0,1
41,0,0.0,0,65396.79,2,641,6,1,0
30,1,109786.82,1,139712.81,2,633,2,1,0
35,0,0.0,1,60972.84,2,413,2,1,0
31,0,0.0,0,1375.46,2,538,1,1,0
39,0,102721.49,0,22191.82,1,437,0,0,0
33,0,69478.57,0,8973.67,1,612,5,1,1
53,1,156674.2,0,118502.34,1,516,1,0,1
56,0,174506.1,1,161802.82,2,826,8,0,1
23,1,166070.48,0,90494.72,2,660,6,0,0
29,1,105957.44,0,15470.91,1,646,4,0,0
36,0,0.0,0,65147.27,1,767,3,1,0
40,0,110340.68,1,157886.6,1,640,8,1,0
33,0,0.0,0,85439.73,2,778,1,1,0
52,1,135870.01,0,54038.62,2,679,9,1,0
31,0,0.0,1,25684.85,2,549,4,1,0
47,0,0.0,1,186116.54,2,598,2,1,0
45,0,0.0,0,166830.71,2,655,0,0,0
30,0,85704.95,1,27886.06,1,494,3,1,0
42,0,0.0,1,5768.32,2,653,1,0,0
38,1,105435.74,0,80575.44,1,539,8,0,1
37,0,0.0,1,68987.55,2,645,1,0,0
34,1,108513.25,1,27097.82,2,751,9,1,0
35,0,156687.1,0,199320.77,1,528,3,1,0
31,1,150604.52,0,5566.6,1,696,3,1,0
44,0,155114.9,0,133871.83,1,716,6,0,0
35,0,0.0,1,152843.53,2,602,8,0,0
64,0,91216.0,1,41800.18,1,647,1,0,0
61,1,141784.02,1,92053.75,1,850,3,1,0
32,0,127763.24,0,100717.54,1,590,0,0,0
32,0,0.0,1,42935.15,2,825,1,0,0
31,0,82613.56,0,149170.92,2,850,6,1,0
32,0,69423.52,0,107499.39,1,789,7,0,0
42,0,86167.82,0,153342.38,1,701,6,0,0
47,0,0.0,0,107825.08,1,713,1,0,1
30,0,131406.56,1,47952.45,1,570,2,1,0
44,1,121898.82,0,131007.18,1,536,4,0,0
32,1,77487.2,0,33143.04,1,771,9,1,0
75,0,0.0,0,123304.62,1,512,2,0,0
45,0,164450.94,0,141970.02,1,698,5,1,1
33,0,138705.02,0,37136.15,2,656,7,1,0
37,0,132730.17,0,199293.01,1,761,7,1,0
30,0,0.0,1,161388.22,2,709,5,0,0
66,0,0.0,1,70532.53,1,597,3,0,0
28,0,116498.22,0,144290.25,1,592,2,1,0
41,0,0.0,0,96069.82,2,599,1,0,0
35,1,139979.07,0,185662.84,1,572,1,0,0
43,1,127216.31,1,17913.25,2,611,9,0,0
45,0,0.0,0,101039.53,4,634,2,0,1
51,0,148222.65,0,156953.54,1,666,2,1,1
41,0,0.0,0,28276.83,2,696,8,0,0
38,0,0.0,0,84049.16,2,669,8,0,0
30,0,134152.29,1,147822.44,1,726,8,1,0
32,1,111537.23,1,9497.99,4,497,8,0,1
39,0,119565.92,0,87067.73,1,750,7,0,0
29,0,0.0,0,23237.25,2,850,7,0,0
38,0,0.0,1,27239.28,1,617,7,1,0
46,1,121063.8,0,151481.86,3,652,10,1,1
27,0,124995.98,1,114669.79,1,560,7,0,0
39,0,0.0,0,116748.14,2,629,5,1,0
52,1,86891.84,0,90877.76,1,660,4,0,0
38,0,0.0,1,133692.88,2,676,8,1,0
43,0,78022.61,1,30662.91,1,581,9,1,0
34,0,154495.79,0,191395.88,1,798,9,1,0
38,0,189443.72,1,106648.58,1,705,1,1,0
31,0,152926.6,1,50899.91,1,714,6,0,0
44,0,142989.69,1,115452.51,1,664,8,0,1
43,1,115371.94,0,64139.1,2,697,7,1,0
37,0,0.0,1,22030.72,2,609,6,1,0
38,0,178056.54,0,38434.73,2,548,0,1,0
39,0,206014.94,1,42774.84,2,850,6,1,1
41,0,0.0,0,158973.77,2,656,2,1,0
37,1,101191.83,1,34551.35,1,727,9,1,1
55,0,0.0,1,101515.76,2,642,7,0,0
31,0,0.0,0,9561.73,2,710,5,0,0
33,0,0.0,0,168313.17,2,710,1,1,0
37,0,0.0,1,55100.09,2,718,7,0,0
32,1,149814.54,0,31830.06,1,586,1,1,0
36,0,115617.24,1,71519.4,1,617,7,0,0
28,0,0.0,0,32599.35,2,630,9,1,0
42,1,113657.41,1,139946.68,2,791,10,0,1
39,0,138160.0,1,110468.51,1,673,8,1,0
36,1,117700.86,0,74042.0,1,477,3,0,0
37,0,0.0,0,151871.84,2,662,5,0,0
37,1,122506.38,1,199693.84,1,850,9,1,1
58,0,0.0,1,58907.08,1,635,1,0,1
59,0,0.0,0,103799.77,2,537,9,1,1
39,0,166501.17,0,93835.64,2,579,3,0,0
46,0,89743.05,0,156425.57,1,651,4,0,1
25,0,0.0,0,123723.83,2,610,2,0,0
30,0,0.0,0,199464.08,2,581,1,1,0
39,0,0.0,0,83084.33,2,592,7,1,0
35,0,0.0,0,25488.43,1,688,6,0,1
18,0,98894.39,1,9596.4,1,681,1,0,0
37,1,168735.74,0,70370.24,2,658,3,1,0
34,0,0.0,1,86330.32,1,792,1,1,0
62,1,133201.17,0,168507.68,1,528,7,0,1
36,0,0.0,0,111605.9,2,624,0,0,0
31,1,127237.25,1,143317.42,2,562,4,1,0
36,1,117864.85,0,27619.06,2,678,1,1,0
64,1,153469.26,0,146573.66,3,705,3,0,1
23,1,93911.3,0,69055.45,2,650,4,1,0
46,0,76597.79,1,54453.72,1,593,2,0,0
40,0,79927.36,1,33524.6,2,652,4,0,0
27,0,0.0,1,135083.73,2,554,4,0,0
32,1,40172.91,1,137439.34,1,584,8,1,0
33,0,115195.58,1,11205.5,1,516,7,1,0
43,1,116644.29,1,60176.1,2,789,9,0,0
20,1,180293.84,1,29552.7,2,598,8,1,0
30,1,139872.81,0,188795.85,1,669,7,0,0
24,0,34547.82,1,11638.17,1,645,3,0,0
32,0,0.0,1,93155.75,2,659,9,0,0
29,1,96462.25,1,48986.18,2,833,1,1,0
40,0,130334.35,1,116951.1,2,697,7,0,0
39,1,119688.81,0,137041.26,1,580,3,1,0
38,0,0.0,0,44653.5,2,691,1,1,0
52,0,0.0,1,104035.41,3,534,1,1,1
32,0,71187.24,1,110593.62,1,478,6,0,0
47,0,0.0,0,36099.7,2,572,2,0,0
37,0,0.0,0,12470.3,2,501,4,1,0
38,0,0.0,0,95403.41,2,624,8,0,0
39,0,136422.41,1,151757.81,1,595,9,0,0
30,0,0.0,1,47536.46,2,603,8,1,0
25,0,0.0,1,101274.17,2,602,0,0,0
34,0,0.0,1,140268.45,1,500,6,0,0
41,0,153238.88,0,11663.09,1,422,6,1,0
35,0,0.0,0,150784.29,2,615,7,1,0
78,0,47536.4,1,119400.08,1,635,6,0,0
32,0,0.0,0,126188.42,2,711,1,0,0
36,0,142882.49,0,89983.02,1,834,8,1,1
44,0,0.0,0,29761.29,2,633,7,0,0
31,0,160566.11,0,27073.81,2,650,1,0,0
65,1,131935.51,1,96399.67,1,743,2,1,1
38,0,127678.8,0,45422.89,2,567,6,1,0
46,1,105214.58,0,108699.59,1,706,4,0,1
46,0,139859.54,0,38967.29,1,638,9,1,0
38,0,0.0,0,116466.19,2,641,3,0,0
34,0,112324.45,1,17993.43,2,574,5,0,0
30,1,134497.27,0,43250.54,1,642,8,1,0
35,0,120171.58,0,125240.8,1,722,1,0,0
23,0,106012.2,1,191415.94,2,623,1,1,0
25,0,0.0,1,90860.97,1,681,5,1,0
34,0,0.0,1,141872.52,2,530,8,0,0
55,0,0.0,1,49418.87,4,797,10,0,1
51,0,0.0,0,170426.65,1,653,3,1,1
42,1,119839.69,1,51016.02,1,850,8,1,1
34,0,0.0,1,81175.25,2,581,1,1,0
38,1,92219.21,0,99106.97,1,589,8,1,0
48,1,142055.41,1,79134.78,2,555,3,1,0
49,0,29602.08,0,163550.58,1,748,7,0,1
46,0,0.0,1,67769.94,2,745,7,0,0
34,0,0.0,1,126592.01,2,730,1,1,0
44,0,0.0,1,89602.81,2,565,1,0,0
37,0,141803.77,1,179421.84,1,778,3,1,0
24,0,0.0,1,156906.15,2,812,10,1,0
42,0,0.0,1,168486.02,1,526,1,1,0
47,0,126589.12,1,132730.07,2,708,0,0,1
33,0,108393.35,1,39057.67,1,680,2,1,0
43,0,115643.58,0,174606.35,2,567,2,1,0
48,0,132876.23,0,79259.77,1,564,5,1,0
24,0,110949.41,1,168515.61,1,709,3,0,0
46,0,130666.2,1,161125.67,1,629,1,1,1
45,0,103821.47,1,77878.62,2,510,10,0,0
32,0,0.0,1,80823.02,1,506,3,0,0
39,0,0.0,1,119348.28,1,605,7,1,0
32,0,132187.73,1,178331.36,2,650,1,1,0
49,1,98649.55,0,119174.88,1,850,8,1,1
38,1,126444.08,1,82662.73,2,489,2,1,0
30,1,154159.51,0,40441.1,1,659,8,0,0
43,0,0.0,0,109881.71,2,753,5,0,0
48,1,129250.0,1,157937.35,2,477,8,1,0
45,0,0.0,0,38276.84,1,610,3,0,1
33,0,167733.51,1,65222.48,2,619,2,0,0
31,1,56116.3,0,2181.94,2,619,2,0,0
30,0,141581.08,0,156249.06,1,758,3,0,0
50,1,139675.07,0,45591.23,2,516,7,1,0
27,0,66201.96,1,79458.12,1,789,8,0,0
44,0,0.0,0,103042.2,2,687,9,0,1
34,1,133658.24,0,70209.83,1,485,3,1,0
25,1,136202.78,0,176743.51,1,446,3,1,0
60,0,131778.08,0,10703.53,1,597,0,0,1
74,0,0.0,0,151425.82,2,712,5,1,0
34,0,0.0,1,3894.34,2,522,3,0,0
26,1,42712.87,1,28861.69,2,805,8,0,0
28,0,0.0,0,177703.15,2,781,4,0,0
57,0,0.0,0,136649.8,2,689,4,0,1
31,1,142631.54,1,175894.24,2,670,1,1,0
33,0,141204.65,0,76257.46,2,670,2,1,0
25,1,131402.21,0,193668.49,1,524,7,0,0
39,0,92636.96,1,125671.29,2,734,3,0,0
51,0,0.0,1,174098.28,2,489,3,0,1
31,1,102088.68,0,187866.21,4,578,5,0,1
39,0,0.0,1,100862.36,2,622,9,1,0
38,0,134887.53,1,10804.04,1,843,8,0,0
48,0,0.0,1,170893.85,2,687,4,1,0
28,0,159900.38,0,22698.56,1,700,8,1,0
50,1,102278.79,0,89822.48,2,410,2,0,0
41,0,0.0,1,175262.49,2,537,0,0,0
43,0,0.0,1,15705.27,1,780,0,0,0
58,0,0.0,1,170025.43,2,652,6,1,0
35,1,76989.97,1,17242.79,1,620,0,1,0
23,0,0.0,1,79734.23,2,697,10,0,0
35,0,0.0,0,92712.97,2,786,3,1,0
39,1,114491.82,0,99689.48,1,850,5,0,0
54,1,144768.94,0,93336.3,1,749,3,1,1
31,0,145056.59,1,175893.53,1,445,7,1,0
50,1,117206.3,0,42840.18,1,443,3,1,1
41,1,138014.4,0,140298.24,2,637,2,1,0
45,1,128352.59,1,144000.59,3,616,6,0,1
23,0,112568.31,1,113408.11,1,756,1,0,0
33,0,0.0,0,96420.58,1,644,2,1,0
41,1,176958.46,1,125806.3,2,850,1,1,0
38,1,99167.54,0,65720.92,1,703,9,0,0
42,0,103210.27,0,31002.03,1,684,3,0,0
48,1,104478.12,1,158248.71,3,706,10,0,1
61,0,125921.37,1,94677.83,1,580,8,1,0
35,0,0.0,1,17257.72,2,777,3,0,0
48,1,80697.44,0,101397.86,1,676,3,1,0
44,0,161887.81,0,84870.23,2,708,2,0,0
24,0,109558.36,0,183515.13,1,809,7,1,0
38,0,124271.26,0,75969.19,1,588,1,1,0
43,0,0.0,1,146379.3,2,623,1,1,0
42,0,190569.23,1,127154.8,1,537,1,1,0
53,0,143923.96,0,2019.78,1,536,2,1,1
48,0,96542.16,1,197885.72,2,769,2,1,0
33,0,0.0,0,138017.68,2,690,5,1,0
45,0,139825.56,0,170984.97,1,771,0,1,1
24,1,111769.14,0,55859.27,2,497,6,1,0
37,0,0.0,0,4459.5,2,622,4,1,0
30,0,113672.18,0,102135.92,2,602,9,1,0
32,0,147256.86,0,112771.95,1,543,7,0,0
45,0,107023.03,0,32903.93,1,520,7,1,0
37,0,125529.55,1,162260.93,1,669,1,1,0
41,0,0.0,0,87959.83,1,631,0,0,0
48,1,131834.8,0,166476.95,1,537,4,1,1
62,0,0.0,1,25438.87,2,732,2,1,0
56,0,99529.7,1,157230.06,1,844,5,1,1
35,0,0.0,1,197305.91,2,838,0,1,0
27,0,107303.72,0,44435.76,2,652,10,1,0
33,0,72783.42,0,181051.99,1,660,0,1,0
44,0,0.0,1,159069.37,1,692,8,0,0
35,0,0.0,1,155485.24,2,588,0,0,0
22,1,115743.6,0,43852.05,1,533,10,0,0
43,0,161256.53,1,140071.57,1,850,4,1,0
27,0,0.0,1,49089.36,2,511,8,1,0
44,0,0.0,0,55893.37,2,530,6,1,0
31,0,0.0,1,192660.55,2,554,1,1,0
40,1,162261.01,0,137028.51,2,585,3,0,0
39,0,74896.33,0,34430.16,1,754,3,1,0
54,0,0.0,0,108409.17,1,474,3,1,1
35,1,144037.6,0,145325.32,1,837,0,1,0
23,0,93522.2,1,81425.61,1,567,9,0,0
38,0,0.0,0,51553.43,2,800,1,1,0
18,0,0.0,1,52795.15,2,646,10,1,0
38,1,106922.92,1,84270.09,2,627,8,1,0
26,0,112972.57,0,145011.62,1,505,8,1,0
35,1,123042.0,0,66245.44,1,566,1,0,1
33,1,100488.92,1,36446.74,2,619,3,0,0
44,0,123322.15,0,137136.29,1,757,4,0,0
32,0,0.0,1,117323.31,1,648,0,1,0
42,0,68683.68,1,74157.71,1,621,8,1,0
49,1,59532.18,0,104253.56,1,543,6,1,0
43,0,140260.36,0,2748.72,2,658,7,0,0
50,1,88302.65,1,195937.16,1,633,7,1,0
19,0,0.0,1,22101.86,2,648,1,0,0
40,1,114655.58,0,126535.92,1,501,5,1,0
42,0,148283.94,1,44692.63,1,683,4,0,1
38,0,0.0,0,112442.63,1,619,1,0,1
35,0,0.0,1,66331.01,2,705,3,0,0
53,1,123916.67,0,16657.68,1,638,1,0,1
31,0,0.0,0,20081.3,2,710,1,0,0
54,0,0.0,1,93820.49,2,590,4,0,1
43,0,165896.0,0,130795.52,2,725,2,1,0
32,0,0.0,0,160129.99,2,638,0,0,0
36,0,111168.97,1,189969.91,1,791,6,1,0
40,0,103549.24,0,9712.52,1,702,1,0,1
32,0,0.0,0,196062.01,2,607,6,0,0
30,0,103804.97,1,125710.53,1,535,6,1,0
45,0,165901.59,0,23054.51,2,651,2,1,1
59,1,119152.1,1,170679.74,2,506,8,1,0
57,0,122950.31,1,181258.76,1,511,8,0,0
51,0,0.0,1,22835.13,1,757,1,0,1
49,1,133384.66,0,102397.22,1,768,1,1,1
32,0,0.0,0,115950.96,2,757,9,1,0
64,0,0.0,1,15876.52,2,663,6,1,0
37,1,158411.95,1,117690.58,4,537,7,0,1
29,1,122028.65,1,173792.77,2,570,4,1,0
35,0,0.0,1,80992.8,1,850,5,0,0
64,1,128751.65,0,189398.18,2,661,8,0,1
54,0,133436.52,0,56787.8,1,659,8,1,0
40,0,123177.01,0,148309.98,1,454,2,1,0
59,0,0.0,0,179673.11,1,708,2,0,1
37,0,120328.88,1,138470.21,2,720,2,0,0
39,0,130147.98,0,163798.41,1,785,1,0,1
36,0,92716.96,1,33693.78,1,743,8,0,0
48,0,0.0,0,48545.1,2,493,7,0,0
34,0,0.0,1,123427.98,1,557,3,1,0
40,0,76914.21,0,174183.44,1,850,1,1,0
32,0,106045.92,1,17938.0,2,799,3,0,0
34,0,103133.26,1,90059.04,1,756,1,1,0
38,0,145974.79,1,137694.23,2,752,0,1,0
36,0,0.0,0,65039.9,3,696,3,0,0
49,0,0.0,1,162858.29,2,630,1,0,0
38,0,0.0,1,35701.06,2,659,9,0,0
39,0,0.0,1,18826.06,2,685,9,1,0
31,0,0.0,1,130086.47,1,599,3,0,1
31,0,139183.06,1,143360.56,1,559,1,0,0
19,0,0.0,0,159920.92,2,615,5,1,0
36,1,74974.89,1,12099.67,1,580,3,0,0
44,0,61691.45,1,53087.98,1,487,6,1,0
35,1,121952.75,1,142839.82,2,646,1,0,0
35,0,0.0,1,178.19,1,811,7,0,0
35,0,0.0,1,105618.14,2,526,5,1,0
37,0,0.0,1,24734.25,2,767,7,1,0
33,0,80107.83,1,82245.67,2,548,1,0,0
45,0,0.0,1,177695.67,2,737,2,0,0
40,1,147856.82,0,107961.11,3,613,1,1,1
36,0,0.0,0,55207.41,2,711,8,1,0
53,0,65407.16,0,182633.63,2,850,7,0,1
53,0,114233.18,1,51587.04,1,752,8,0,0
37,0,0.0,0,115403.31,2,710,5,0,0
53,0,187602.18,0,186392.99,1,664,7,0,1
22,0,156834.34,0,44374.44,1,510,3,0,0
34,0,0.0,1,84033.35,2,577,2,0,0
42,0,157498.9,1,82276.62,1,529,1,1,0
44,0,0.0,0,177528.92,2,757,9,0,0
41,0,0.0,1,56850.92,1,691,2,1,1
34,0,0.0,0,47972.65,1,621,8,1,0
35,0,0.0,0,104982.39,2,709,2,1,0
19,0,130274.22,1,133535.29,1,756,4,1,0
41,0,0.0,1,25571.37,1,788,6,0,0
39,0,149379.66,0,96075.55,2,705,5,0,0
29,0,0.0,1,81634.45,1,483,9,1,0
35,0,100829.94,1,165008.97,1,719,1,1,0
32,1,96408.98,1,138191.81,1,793,1,0,0
41,0,0.0,1,99136.49,2,593,6,1,0
52,0,0.0,0,63584.55,1,551,1,1,1
39,0,0.0,0,160532.88,2,690,6,1,0
71,0,149105.08,1,162683.06,1,823,5,1,0
39,0,0.0,0,134878.19,1,512,3,1,0
41,0,0.0,1,134626.3,2,802,5,1,0
34,0,0.0,0,175480.93,2,450,2,0,0
41,1,90218.11,0,174337.68,1,651,1,1,0
33,0,87347.7,0,172524.51,1,697,1,0,0
28,0,0.0,0,25395.83,2,611,2,1,0
33,0,137811.75,1,184856.89,1,643,0,0,0
37,0,105563.0,0,182624.93,1,822,3,1,0
38,0,0.0,0,192505.62,2,632,4,1,0
26,0,0.0,0,112507.63,2,575,7,0,0
31,0,91125.75,0,177295.92,1,672,6,1,0
39,0,0.0,1,12465.51,2,517,3,1,0
39,0,0.0,0,36122.96,2,621,8,1,0
77,1,135120.56,0,37836.64,1,775,6,0,0
29,0,0.0,1,34747.43,2,600,8,1,0
28,0,0.0,1,131097.9,2,640,7,1,0
36,0,86837.95,1,105280.55,1,752,1,0,0
26,0,100446.57,1,149653.81,1,613,4,1,0
32,0,0.0,1,139390.99,2,484,3,0,0
33,0,0.0,0,132436.71,2,511,3,0,0
32,0,0.0,1,179705.13,4,745,2,0,1
32,0,114512.59,0,15796.66,1,786,6,0,0
35,0,136364.46,0,142754.71,1,727,5,1,0
31,0,106260.67,1,2578.43,1,622,5,1,0
24,0,146126.75,1,88992.05,1,794,10,1,0
52,0,111284.53,1,32936.44,1,636,4,1,1
42,0,121056.63,0,39122.58,2,741,9,0,0
34,0,128270.56,0,191092.62,1,687,5,1,0
30,0,0.0,0,129149.06,2,660,4,1,0
35,0,0.0,0,13218.6,2,660,7,1,0
79,0,0.0,1,160589.18,1,617,7,0,0
32,0,191775.65,0,179657.83,1,762,10,1,0
35,0,0.0,0,44335.54,1,752,2,0,1
34,0,85141.79,1,29217.37,2,561,4,1,0
26,0,126392.18,1,43651.49,1,609,10,1,0
28,0,0.0,0,159654.0,2,803,3,1,0
40,0,129860.37,0,17992.94,1,556,9,0,0
53,0,127642.44,0,141501.45,1,531,5,0,1
35,0,0.0,1,93825.78,2,411,2,0,0
44,1,125584.17,1,41852.24,2,587,5,0,1
56,0,50911.21,0,97629.31,3,683,7,1,1
29,0,91955.61,0,37065.66,1,654,2,1,0
36,1,84266.44,0,38614.69,2,670,2,0,0
36,0,147149.59,1,87816.86,1,655,2,0,0
36,0,0.0,0,184866.86,2,752,7,0,0
23,0,104822.45,1,160176.47,1,534,5,0,0
42,0,146766.72,1,164357.1,2,635,1,1,0
70,1,148745.92,1,17818.33,2,491,6,1,0
27,0,0.0,0,142680.64,1,516,9,1,1
48,0,0.0,0,85081.09,1,530,0,0,0
35,0,0.0,1,176450.19,2,687,3,1,0
41,0,135203.81,1,121967.88,2,684,6,0,0
23,1,93301.97,1,127187.04,2,706,2,1,0
33,1,96341.0,0,108313.34,2,490,5,1,0
44,0,165326.2,1,57205.55,1,796,8,1,0
27,0,0.0,1,157891.86,2,849,0,1,0
41,0,99786.2,0,86927.53,1,779,10,0,0
22,0,114440.24,1,107753.07,1,794,4,0,0
36,0,141573.55,0,82158.14,1,748,4,1,0
22,0,0.0,0,29135.89,1,663,9,0,1
55,0,133676.65,1,17095.49,1,645,1,0,0
33,0,147493.7,0,100447.53,2,464,10,0,0
54,0,0.0,0,83470.4,1,737,9,1,1
29,0,0.0,0,121846.81,2,590,4,0,0
37,1,95022.57,1,129107.59,1,522,3,0,0
34,0,0.0,0,54726.43,1,648,3,0,0
37,0,0.0,1,116141.72,1,754,6,1,0
50,0,149713.61,1,124872.42,3,669,4,1,1
43,1,107963.38,0,186438.86,1,648,1,0,1
40,0,0.0,0,134281.11,2,763,3,1,0
32,0,0.0,0,91044.47,1,790,3,1,0
37,0,0.0,1,74320.75,2,581,7,1,0
43,0,0.0,0,9704.66,2,703,8,1,0
33,0,102017.25,0,128600.49,2,571,9,0,0
27,0,0.0,0,6468.24,2,657,8,0,0
44,0,0.0,0,57898.58,2,737,7,1,0
29,0,96674.55,0,192120.66,2,793,8,1,0
44,0,81811.71,0,164213.53,1,783,3,0,1
33,0,79281.61,0,117547.76,1,751,4,1,0
31,0,0.0,0,26149.25,2,579,6,1,0
36,1,122314.39,0,9181.66,1,655,10,0,0
43,1,140733.74,1,166588.76,1,614,8,1,0
49,1,116933.11,0,195053.58,1,678,2,1,1
41,0,165445.04,0,85787.31,2,562,5,1,0
53,1,123805.03,0,102428.51,1,711,5,0,0
37,0,107548.94,0,71175.94,1,620,0,1,0
49,0,111634.29,1,166440.32,2,437,9,1,0
41,1,109153.96,1,148848.76,3,691,8,0,1
34,0,0.0,0,140286.69,2,552,4,0,0
34,1,86055.17,1,104220.5,2,765,5,1,0
51,1,98438.23,0,70778.63,1,707,10,0,1
29,0,0.0,0,65868.28,2,764,5,1,0
32,0,144705.87,0,171482.56,2,585,8,0,0
31,0,0.0,1,143204.41,2,784,7,1,0
41,0,91612.91,1,28427.84,1,605,5,1,0
40,0,0.0,0,78387.32,1,699,2,1,0
40,0,0.0,1,161076.92,1,544,7,0,0
32,0,192122.84,1,54277.45,1,803,9,0,1
41,0,179904.0,1,137180.95,1,735,7,1,0
59,0,178058.06,1,21063.71,2,673,0,1,1
30,0,176166.56,1,152210.81,2,652,2,1,0
42,0,156864.2,0,88890.75,2,694,3,1,0
44,0,0.0,1,190534.76,2,741,7,0,0
30,0,0.0,0,83090.35,2,590,3,1,0
33,0,0.0,1,141426.78,2,809,3,0,0
34,0,161588.89,1,51358.66,1,523,2,1,0
48,0,109349.29,0,88703.04,1,540,2,1,1
29,0,0.0,0,116696.77,2,596,6,0,0
36,0,0.0,1,7156.09,2,597,9,0,0
37,0,0.0,1,49161.12,1,407,1,1,1
60,0,152335.7,0,126743.33,1,748,0,1,1
51,0,124662.54,1,65390.46,1,562,1,0,1
47,1,91522.04,1,138835.91,2,734,10,0,0
45,0,0.0,1,36154.66,2,710,1,1,0
39,0,62052.28,1,59755.14,1,539,6,0,0
32,0,107871.72,0,125302.64,1,542,7,1,0
36,0,99472.76,0,94274.72,2,717,2,0,1
50,0,128039.01,1,102260.16,1,682,10,0,0
33,0,0.0,1,136028.97,2,515,2,1,0
33,0,114634.63,0,110114.38,2,526,8,0,1
26,0,56738.47,1,100442.22,2,702,5,1,1
34,1,90355.12,0,193597.94,2,651,2,1,0
36,1,115725.24,0,1871.25,2,792,5,1,0
58,1,114327.59,1,42831.11,2,817,3,1,0
36,1,100762.64,0,182156.86,1,674,6,0,0
40,0,0.0,0,151648.66,1,641,9,0,1
39,0,89039.9,1,146738.83,2,513,7,1,0
34,0,78829.53,1,12148.2,1,561,1,1,0
30,1,112372.96,1,118029.09,1,627,6,1,0
81,1,122029.15,1,50783.88,1,682,6,1,0
29,0,157829.12,0,129891.66,1,683,0,0,0
31,1,108377.75,1,9904.63,2,420,1,0,0
54,0,95507.12,1,63213.31,1,670,2,0,0
43,1,127146.68,0,137565.87,1,505,6,1,0
24,1,133811.78,0,17185.95,1,580,1,1,1
36,0,121092.47,1,143783.46,2,577,3,1,0
34,1,126979.75,0,36823.28,1,773,10,1,0
37,0,144235.73,0,154957.66,2,616,5,1,1
38,0,152582.2,0,31892.82,2,763,0,0,0
43,0,172478.15,0,191084.4,1,640,9,1,1
36,0,126477.42,0,179718.17,1,592,1,1,0
43,0,97473.87,1,159823.16,2,528,7,1,0
53,0,138053.67,1,114110.97,1,630,5,1,0
31,0,164003.05,1,60993.23,2,529,2,0,0
47,0,0.0,1,66408.01,1,546,8,0,1
62,0,0.0,1,136398.9,2,753,6,0,0
39,0,122486.11,1,140709.25,2,772,4,0,0
36,0,0.0,0,8555.73,2,567,1,1,0
45,1,53667.44,0,115022.94,1,628,6,0,0
20,0,0.0,0,187638.34,2,658,7,1,0
58,0,109327.65,1,3829.13,1,679,9,1,0
34,0,121151.05,0,119357.93,1,629,1,1,0
42,0,101043.63,1,192175.52,1,731,9,1,0
33,1,83501.66,0,128841.31,2,775,3,1,0
33,0,80462.24,0,150422.35,1,660,2,1,0
39,0,0.0,0,188187.05,1,752,3,1,0
37,0,109093.41,0,1775.52,2,655,6,1,0
46,0,140355.6,1,85086.78,1,543,5,0,0
42,0,0.0,1,3797.79,2,811,10,1,0
45,1,130170.82,0,150856.38,2,689,0,1,0
42,0,0.0,1,90537.47,2,531,2,0,0
40,0,109542.29,1,166370.81,1,515,0,1,0
41,0,33563.95,0,178994.13,2,466,3,0,1
36,0,148795.17,1,195681.43,2,782,1,1,0
64,0,0.0,1,53277.15,2,611,9,1,0
40,1,174126.75,0,172490.78,3,621,8,1,1
41,0,0.0,0,11819.84,1,604,3,1,0
35,0,106405.03,1,82900.25,1,655,1,0,0
38,0,0.0,1,82709.8,1,689,2,1,0
30,0,128393.29,1,180593.45,1,681,2,1,0
41,1,127841.52,0,172363.41,1,643,2,1,0
24,0,137295.19,1,91195.12,2,617,4,0,0
55,0,155828.22,1,108987.25,1,638,2,0,1
39,0,0.0,0,44265.28,2,743,6,1,0
25,1,144351.86,0,116613.26,1,828,7,0,0
35,0,106365.29,1,148527.56,1,776,8,1,0
35,1,127801.88,1,84239.46,1,540,7,1,0
45,1,122793.96,1,62002.04,1,616,4,0,0
38,1,113525.84,0,46044.48,1,628,10,1,1
23,0,136100.69,0,169669.33,2,667,6,0,1
30,0,0.0,1,156346.84,2,615,7,1,0
30,0,140916.81,0,157711.18,1,543,4,1,0
31,0,0.0,1,89087.4,2,553,4,0,0
26,1,121365.39,1,8742.36,1,554,4,1,0
36,0,0.0,0,117038.96,1,684,4,0,0
35,0,0.0,0,164241.67,2,452,7,0,0
47,0,93578.68,1,137720.56,2,606,3,1,1
40,0,0.0,0,106.67,1,629,9,1,0
33,0,115409.6,1,1539.21,1,659,8,0,0
33,0,90791.69,1,59659.53,1,493,8,0,0
62,0,123681.32,0,173586.63,3,794,9,0,1
44,0,92436.86,0,126033.9,1,554,6,0,0
52,1,167194.36,1,62808.93,1,796,9,0,1
36,0,0.0,1,147007.33,2,807,4,0,0
44,1,160838.13,0,196261.64,2,500,9,1,0
43,0,0.0,0,44560.17,1,722,1,1,1
40,0,144470.77,1,18917.95,1,559,7,0,0
38,0,0.0,1,4525.4,2,584,3,0,0
68,1,130169.27,1,93112.2,2,834,9,0,0
35,0,0.0,1,9658.41,2,754,4,1,0
43,0,81076.8,1,182627.25,2,590,7,1,1
36,0,0.0,1,13177.4,1,740,7,1,0
57,1,101465.31,0,43568.31,1,502,3,0,1
48,0,0.0,1,117830.57,1,733,5,1,0
37,1,113865.23,1,117396.25,2,755,0,0,0
46,0,87603.35,1,96929.24,3,554,7,0,1
36,0,120037.96,0,36275.94,1,534,4,1,0
33,0,0.0,0,116706.0,2,656,4,1,0
49,1,121205.15,1,168080.53,4,575,7,1,1
47,0,75408.33,0,25887.89,1,480,8,1,1
40,0,0.0,1,122488.59,2,575,5,1,0
40,0,0.0,0,113171.61,1,672,3,0,1
35,0,0.0,0,100365.51,2,758,5,0,0
50,0,121818.84,1,124151.37,2,682,6,1,0
29,0,0.0,0,112664.24,2,501,8,0,0
34,1,141806.0,1,183494.87,2,746,6,1,0
51,0,61354.14,0,198810.65,1,556,8,0,1
53,1,124954.94,1,131259.6,1,823,4,0,1
68,1,95039.12,1,116471.14,1,491,1,0,1
29,0,103417.74,1,15336.4,1,638,9,0,0
45,0,0.0,0,99593.28,2,734,2,1,0
40,0,43028.77,0,170514.21,1,555,10,1,0
44,1,119638.21,1,34265.08,1,745,0,0,1
37,0,122689.51,0,106977.53,2,728,3,1,1
44,0,0.0,0,164287.86,2,626,10,1,0
37,1,73179.34,1,25292.53,2,681,8,1,0
38,0,171913.87,0,51820.87,1,478,4,0,1
38,0,0.0,1,81452.29,2,709,5,1,0
33,1,92659.2,0,1354.25,2,562,8,1,0
34,1,137239.17,1,71379.92,1,769,7,0,1
46,1,102955.14,0,154137.33,2,684,3,0,0
61,0,65190.29,1,64308.49,1,536,8,0,1
29,1,96863.52,1,31613.35,2,631,2,0,0
34,0,154983.98,0,27738.01,1,657,5,1,0
59,1,106819.65,1,163570.25,1,699,3,1,0
38,0,128578.52,1,193878.51,1,606,7,1,0
63,0,126473.33,1,147545.65,1,612,2,0,0
38,0,110570.78,0,195906.59,2,660,5,0,0
50,0,0.0,1,178458.86,2,829,7,1,0
29,0,0.0,0,156125.72,2,567,8,1,0
33,0,0.0,1,11159.19,2,850,3,0,0
44,0,0.0,0,45738.94,2,712,2,0,0
30,0,111099.79,0,140650.19,2,562,3,1,0
29,0,0.0,0,4733.94,3,755,3,0,0
25,0,100913.57,0,10579.72,1,793,3,1,0
26,0,0.0,1,179655.87,2,471,8,1,0
42,0,16893.59,1,77502.56,1,707,2,1,0
38,0,122267.85,0,145759.93,1,784,10,1,0
32,0,125685.79,1,56246.72,1,703,1,1,0
36,0,127397.34,0,151335.24,1,704,8,1,0
38,0,105271.56,1,179833.45,1,662,0,1,0
28,1,115265.14,0,191627.85,1,636,2,0,0
36,0,0.0,0,173016.46,1,640,4,1,0
31,0,0.0,1,58469.75,2,739,1,1,0
23,1,139542.82,1,28038.28,1,767,2,1,0
46,1,111512.75,0,159576.75,3,753,3,0,1
37,0,148466.93,1,151280.96,2,714,9,1,0
29,0,0.0,0,139953.94,2,707,4,1,0
35,0,108155.49,0,105407.79,1,577,4,0,0
42,0,0.0,0,56865.62,2,633,1,0,0
41,1,84622.13,1,198072.16,1,849,10,1,0
41,0,146997.64,0,137791.18,2,614,7,0,0
47,0,0.0,0,103787.28,2,558,9,0,0
27,0,98590.25,0,30912.89,1,832,10,0,0
26,0,0.0,1,78651.55,2,567,2,0,0
45,1,134980.74,1,123309.57,1,587,8,0,1
79,0,108078.56,1,174118.93,1,712,5,0,0
29,0,0.0,1,85736.26,2,655,9,0,0
42,0,0.0,0,121138.77,2,641,6,0,0
35,0,106836.67,0,84199.78,2,676,5,1,0
29,0,102490.27,1,181224.56,1,472,8,1,0
34,1,112746.54,0,141230.07,2,644,9,1,0
38,0,125487.89,0,158111.71,1,598,0,1,0
25,0,142862.21,1,130639.01,1,792,8,1,0
37,0,0.0,0,17040.82,2,700,7,0,0
34,0,0.0,0,25662.27,2,616,10,1,0
35,0,79388.33,1,193360.69,1,743,6,1,0
37,0,0.0,1,121485.1,2,427,5,1,0
29,0,0.0,1,162452.65,2,731,10,1,0
31,0,107784.65,1,141137.53,1,610,6,0,0
41,0,142880.28,0,185541.2,3,724,4,0,1
38,0,149571.94,0,118383.18,1,653,9,0,0
49,0,142767.39,1,8214.41,1,774,1,1,0
49,1,121537.71,0,46521.45,2,547,8,1,1
50,0,0.0,0,10772.13,2,719,2,1,0
43,0,0.0,0,199290.68,1,740,9,1,1
42,0,89838.71,0,85983.54,3,543,4,1,1
45,1,103399.87,0,129870.93,1,688,9,1,0
30,0,0.0,0,63158.22,2,474,9,0,0
43,1,136855.94,0,171070.52,2,505,5,1,0
39,0,0.0,0,53222.15,2,688,0,0,1
55,1,140891.46,1,179834.45,3,650,2,0,1
37,0,0.0,0,114514.64,1,610,0,1,0
46,0,89364.91,1,139162.15,1,705,5,0,0
29,0,146011.4,0,50249.16,1,669,7,0,0
20,0,0.0,1,113469.65,2,650,8,1,0
29,1,145294.08,0,147484.13,2,550,9,1,0
45,1,106000.12,0,191448.96,1,595,9,0,1
26,0,0.0,0,119381.41,2,572,5,0,0
58,0,0.0,1,33277.31,2,622,2,0,0
20,0,104508.77,0,73107.53,2,662,9,1,0
58,1,127539.3,1,96590.39,1,783,3,0,1
44,0,0.0,1,6923.11,1,714,7,1,0
51,1,96891.46,0,176403.33,1,671,3,1,1
32,0,78535.25,0,64349.6,1,600,1,0,0
37,0,112712.17,0,116097.26,1,847,9,0,0
55,0,119618.42,1,29861.13,1,650,9,1,0
28,0,0.0,0,48426.98,1,710,6,0,0
33,0,74963.5,1,32770.56,1,682,8,0,0
26,0,138023.79,1,117060.2,2,642,1,1,0
28,0,0.0,1,136197.65,1,536,4,0,0
47,0,185513.67,0,27438.83,1,754,1,0,0
60,0,185648.56,0,192156.54,1,678,8,1,1
49,1,102286.6,0,69409.37,3,533,1,0,1
38,1,128015.83,0,58440.43,1,741,4,1,0
31,0,39539.39,0,192519.39,2,757,10,1,0
40,0,0.0,1,144874.67,1,721,3,1,0
37,0,77608.46,1,175373.46,2,700,3,1,0
26,0,141462.13,0,440.2,1,663,5,1,0
35,0,0.0,0,76637.38,2,677,0,0,0
27,0,131691.33,0,49480.66,1,655,2,1,0
29,0,93833.86,1,10417.87,1,832,8,1,0
46,0,137933.39,1,67976.57,1,721,7,0,0
54,0,105770.14,1,140929.98,1,542,8,1,1
54,0,0.0,1,47139.06,2,654,5,0,0
38,0,0.0,1,126241.4,2,821,8,0,1
38,0,166328.65,1,22614.19,2,508,3,0,0
42,1,164307.77,0,48498.19,1,588,2,0,0
38,1,163965.69,1,103511.26,2,691,9,1,0
40,0,125608.72,0,122073.48,1,664,7,1,0
66,0,0.0,0,65535.56,1,439,9,0,0
37,0,118433.94,1,160060.9,1,479,6,1,0
55,0,98488.08,0,155879.57,1,850,10,0,1
40,0,0.0,1,194416.58,2,518,4,1,0
64,1,98362.35,1,21630.21,2,717,10,0,0
51,0,144237.91,0,157143.61,4,698,6,0,1
34,0,0.0,1,52796.31,1,850,6,1,0
47,0,0.0,0,121798.52,1,700,4,1,1
29,0,105767.28,0,41104.82,2,626,4,0,0
32,0,0.0,0,10604.48,2,774,9,1,0
48,0,0.0,0,78563.66,2,719,5,0,0
31,0,0.0,1,170821.43,1,646,2,1,1
25,0,134467.26,1,113266.09,1,485,3,0,0
38,1,138515.02,1,171768.76,1,784,1,1,0
32,1,128647.98,0,54416.18,2,850,2,1,0
38,0,121858.98,0,130755.34,1,669,9,0,0
70,0,0.0,1,141180.66,2,731,3,1,0
49,0,120108.56,1,183421.76,1,721,1,0,0
37,0,196853.62,1,132770.11,1,515,0,0,0
35,0,121418.62,1,24400.37,1,774,3,0,0
36,0,0.0,1,180318.6,2,585,10,1,0
29,0,0.0,0,111565.45,2,695,9,0,0
42,1,97495.8,0,2002.5,2,729,4,0,0
42,0,0.0,0,82565.01,2,713,3,0,0
33,0,127343.4,1,121789.3,1,555,5,1,0
50,0,158633.61,0,193785.87,1,699,0,0,0
55,0,0.0,0,64593.07,1,587,9,1,0
69,0,183744.98,1,196993.69,1,762,9,0,0
44,0,0.0,1,175518.31,2,510,6,1,0
46,0,0.0,0,17268.02,1,842,9,1,0
31,0,79962.92,0,60901.72,2,608,7,1,0
36,0,0.0,1,100750.03,2,850,10,0,0
36,0,0.0,1,195224.91,2,642,4,1,0
33,0,140956.99,0,3510.18,1,850,7,1,0
43,0,0.0,1,81250.79,1,455,6,0,0
29,0,0.0,1,91844.14,2,726,7,1,1
30,0,145241.63,1,80676.83,1,544,8,1,0
31,1,138008.06,0,129912.74,2,651,7,1,0
31,0,0.0,1,142029.17,2,814,4,0,0
39,0,0.0,1,137651.6,2,537,2,1,0
37,0,0.0,0,33877.29,2,553,2,1,0
38,0,0.0,0,78744.39,1,800,9,1,0
34,0,0.0,0,96734.46,2,791,7,1,0
29,0,127570.93,0,164756.81,2,699,9,0,0
28,0,0.0,1,164394.65,1,756,6,0,0
27,0,107812.67,1,162501.83,1,591,5,0,1
22,1,91560.58,0,10541.38,2,850,7,1,0
34,1,121303.77,1,59325.21,2,760,6,1,0
43,0,161546.68,1,178187.28,2,569,8,1,0
35,0,128415.45,0,142626.49,1,661,5,0,0
31,0,57530.06,1,181893.31,1,670,2,0,1
38,0,0.0,1,156858.2,2,694,1,1,0
28,0,142243.54,0,33074.51,2,728,4,0,0
39,1,138341.51,0,50072.94,1,764,9,0,1
32,0,0.0,0,111340.36,2,639,9,1,0
30,0,0.0,1,100496.84,2,683,2,0,1
30,0,0.0,0,101371.05,3,663,4,1,0
41,0,146466.46,0,180934.67,2,826,5,1,0
36,0,0.0,0,105152.17,2,735,5,1,0
58,0,0.0,1,706.5,1,682,1,0,0
39,0,0.0,1,101168.9,2,663,8,0,0
29,0,120307.58,1,6795.61,1,562,9,0,0
27,0,87637.26,0,196111.35,2,696,4,1,0
38,0,94652.04,1,171960.76,1,850,2,1,0
22,0,114415.84,1,177497.4,1,719,7,0,0
71,0,0.0,1,147995.96,2,804,8,0,0
40,0,84315.02,0,36209.1,1,604,1,1,0
27,0,0.0,0,143614.01,2,782,3,0,0
42,1,93955.83,0,14828.54,2,512,9,1,0
36,0,67087.69,0,154775.7,1,569,1,1,0
22,1,101528.61,0,70529.0,1,597,6,0,1
30,1,110824.52,1,57896.27,1,753,1,1,0
33,0,0.0,1,69759.91,1,430,8,0,0
28,0,179960.2,0,89938.08,1,756,8,1,0
38,0,134006.77,0,89578.32,1,493,3,1,0
37,1,121532.17,1,73464.88,2,777,10,0,0
38,0,0.0,1,138542.87,2,779,7,0,0
38,0,0.0,1,161888.63,1,702,2,0,0
35,0,129717.3,0,86937.2,2,551,7,1,0
22,1,94762.16,1,42241.54,2,749,4,1,0
55,1,155196.17,1,121207.66,1,742,5,1,1
29,1,129514.99,1,102930.46,1,752,4,1,0
57,1,113386.36,1,65121.63,2,740,3,0,1
24,0,0.0,1,78498.04,1,576,3,1,1
43,0,172196.23,1,104769.96,1,637,3,1,0
28,0,97612.12,1,96498.14,1,724,5,1,0
20,0,104719.94,0,38691.34,2,685,4,1,0
38,0,0.0,0,164804.02,1,625,7,0,0
37,1,139592.98,0,104152.65,3,571,9,1,1
29,0,0.0,0,88866.92,2,584,4,0,0
22,0,139096.85,0,129890.94,1,550,7,0,0
72,0,140301.72,1,179258.67,1,662,7,0,0
43,0,0.0,0,72051.44,1,803,3,1,0
66,0,0.0,1,74580.8,2,615,7,1,0
39,0,111233.09,1,123995.15,1,481,1,1,0
23,0,0.0,0,38960.59,2,701,3,1,0
29,0,147737.63,1,94951.27,1,751,10,1,0
35,0,0.0,1,56642.97,2,675,8,1,0
40,1,125725.02,1,50783.1,2,733,5,1,0
38,0,128289.7,0,9149.96,3,822,6,1,1
46,0,0.0,0,21006.1,1,559,5,0,1
49,1,88826.07,1,33759.41,1,731,4,0,1
41,0,143443.61,0,196622.28,1,678,1,0,1
68,0,0.0,1,176353.87,4,645,9,0,1
29,0,0.0,0,176943.59,2,701,2,1,0
26,0,149134.46,1,177966.24,1,554,8,1,0
30,0,124119.54,0,162198.32,1,723,3,1,0
44,1,116822.7,0,197643.24,1,766,3,1,0
24,0,103219.47,0,60420.07,1,597,1,0,0
41,0,0.0,0,70550.0,2,574,1,1,0
40,1,81954.6,1,198798.44,1,655,0,0,1
37,1,95196.26,0,126310.39,1,780,10,0,1
43,0,0.0,1,64515.5,2,672,5,1,0
38,0,0.0,1,158580.05,2,717,7,1,0
32,0,136555.01,1,129353.21,2,521,2,0,0
59,0,0.0,1,137273.97,1,633,5,1,0
39,0,119452.03,1,171575.54,1,669,3,1,0
44,0,0.0,1,96528.0,1,740,9,1,1
24,1,69881.09,1,64421.02,2,462,9,0,0
39,0,0.0,1,158444.61,2,619,5,1,0
44,0,0.0,1,66548.58,2,665,7,0,0
27,0,0.0,0,108008.05,2,655,9,0,0
20,0,204223.03,0,128268.39,1,463,8,1,0
63,0,110314.21,0,37464.0,2,799,1,0,1
48,0,163760.82,0,157381.14,1,713,1,0,1
31,1,141069.18,1,194257.11,3,807,1,0,0
38,0,115934.74,1,139059.05,1,728,1,1,0
52,0,151457.88,1,40893.61,1,582,2,1,0
35,1,154206.07,1,40261.49,2,704,3,0,0
26,0,89928.99,0,46203.31,1,714,9,0,0
30,0,89182.09,1,13126.9,1,628,8,1,0
41,1,79706.25,0,165675.01,2,809,1,1,0
44,0,0.0,0,5459.07,3,547,5,0,1
27,0,0.0,0,131919.48,2,560,5,0,0
31,0,117799.28,1,182372.35,1,811,7,1,0
26,0,0.0,0,147600.54,2,584,4,1,0
28,0,0.0,0,92865.41,2,691,1,1,0
34,1,146422.22,0,67142.97,1,680,6,1,1
33,1,150186.22,1,65611.01,2,588,9,1,0
40,1,100275.88,0,138564.48,1,721,6,1,1
47,0,0.0,0,187391.02,1,850,6,1,1
32,0,147493.89,0,33656.35,1,529,9,1,0
43,0,0.0,0,100618.17,2,622,8,1,0
42,0,0.0,1,198134.9,2,683,8,0,0
29,0,121823.4,1,50368.87,2,575,4,1,0
40,0,0.0,1,108787.0,2,577,1,0,0
31,1,113688.63,0,33099.41,1,510,0,1,1
40,0,100471.34,1,124550.88,1,652,7,0,0
28,1,100032.52,0,5159.21,1,569,3,0,1
31,0,0.0,0,48228.1,2,687,3,1,0
32,0,116358.0,0,108798.36,1,822,8,1,0
23,1,163549.63,1,21085.12,1,656,4,0,0
51,1,99183.9,1,28922.25,1,745,3,1,0
53,0,131955.07,1,62514.65,1,386,1,0,1
41,0,134177.06,0,177506.66,1,684,1,0,0
38,0,0.0,0,90605.05,2,635,1,0,0
30,0,0.0,1,132029.95,2,582,2,1,0
19,0,0.0,1,176903.35,1,613,5,1,0
56,1,94348.94,0,29239.29,1,795,9,0,1
32,0,155584.21,1,153662.88,1,659,2,0,0
28,0,0.0,0,154389.18,2,745,6,0,0
41,0,0.0,1,166224.39,2,604,10,0,0
32,1,170661.47,1,21646.2,1,509,9,1,0
29,1,185544.36,0,171037.63,1,706,6,0,0
44,0,52831.13,1,112649.22,1,619,6,0,1
51,1,97750.07,1,193014.26,3,572,8,1,1
36,0,114007.5,0,118120.88,2,695,6,1,0
71,0,104308.77,1,25650.04,1,543,1,0,0
33,0,84719.13,1,113048.79,2,640,6,0,0
39,0,0.0,0,87372.49,2,672,2,1,0
39,0,140236.98,1,146651.99,1,701,9,1,0
25,0,0.0,1,8227.91,2,634,9,1,0
42,0,75302.85,0,57034.35,2,531,6,0,0
27,0,0.0,0,93003.21,2,699,1,1,0
51,0,104760.82,1,165574.54,1,605,9,0,1
49,0,0.0,0,13566.48,1,534,7,0,1
31,0,113693.0,0,82796.29,1,449,1,0,0
36,0,174180.39,0,119830.08,1,684,5,0,0
42,1,115766.26,0,72155.85,1,622,9,1,1
40,0,0.0,0,62762.12,2,714,0,0,0
48,0,0.0,0,183235.33,2,712,8,0,0
72,0,121215.9,1,105206.48,2,783,5,0,0
45,1,144677.19,0,22512.44,3,743,10,1,1
36,0,115350.63,1,122305.91,1,683,5,1,0
40,0,105683.63,0,173617.09,1,654,5,1,0
37,0,135179.49,0,160670.37,1,700,1,1,0
31,0,117551.23,0,158958.9,1,744,0,1,0
25,1,157404.02,0,93073.04,2,645,1,1,0
36,0,77910.23,0,67238.01,1,525,3,1,0
25,0,110942.9,0,172576.56,1,732,0,1,0
40,0,0.0,1,122580.48,2,721,7,0,0
32,0,179305.09,1,149043.78,1,622,5,1,0
31,1,150593.59,1,105218.45,2,654,5,1,0
43,0,123815.86,1,78463.99,1,529,0,0,1
59,0,0.0,1,160849.43,2,720,6,0,1
25,1,69385.17,0,87834.24,2,850,8,0,0
27,1,138032.15,0,166317.71,1,667,2,1,0
41,0,0.0,1,137309.06,2,620,3,1,0
29,0,0.0,1,166984.44,1,616,9,1,0
46,1,143500.82,0,166996.46,1,637,2,0,1
29,0,119670.18,0,188022.44,1,710,3,0,0
33,0,99106.73,0,194467.23,1,717,1,1,0
24,1,120135.55,1,125449.47,2,786,2,1,0
39,0,0.0,0,137452.57,1,651,8,0,0
55,0,120905.03,1,123475.88,1,530,4,0,1
57,0,0.0,0,38941.44,3,815,5,0,1
34,1,102277.52,0,177852.57,1,715,9,0,1
55,1,125292.53,1,31532.96,1,496,4,0,1
42,0,0.0,0,136377.21,1,680,0,1,0
51,0,101629.3,0,130541.1,1,646,4,0,0
47,1,171937.27,1,65636.92,1,807,1,1,0
47,0,0.0,0,193305.35,2,727,7,1,0
25,0,0.0,0,47307.9,2,787,5,1,0
34,0,0.0,0,100809.99,2,806,6,1,0
31,0,129743.75,0,109145.2,1,603,1,1,0
32,0,0.0,1,91167.19,1,649,1,1,1
41,1,151191.31,0,175295.89,1,547,3,1,1
32,1,102630.13,1,127433.47,2,684,3,1,0
57,0,114023.64,1,71167.17,2,477,9,0,1
41,1,124227.14,1,111184.67,1,558,2,1,0
23,0,0.0,1,141756.32,2,695,1,0,0
35,0,80285.16,0,72678.75,1,592,6,1,1
31,0,175477.15,1,172832.9,1,789,4,1,0
29,0,132144.35,0,158086.33,1,597,1,0,0
47,1,136911.07,1,168184.62,1,839,2,1,1
31,1,133299.67,1,72950.14,2,405,5,1,0
39,0,0.0,0,48378.4,2,658,7,1,0
42,1,117691.0,1,23135.65,1,684,1,1,1
35,0,0.0,0,65675.47,2,633,10,1,0
46,0,0.0,0,170676.67,2,589,9,1,0
37,1,133199.71,1,27366.77,2,750,1,0,0
51,0,135506.58,1,152479.64,3,771,5,1,1
33,1,127154.14,1,105383.49,2,812,2,1,0
39,0,0.0,1,48189.94,2,539,2,1,0
42,1,49508.79,1,100324.01,3,670,5,0,0
41,0,0.0,1,65657.29,1,673,5,1,0
62,0,75051.49,0,17682.02,1,538,3,0,1
52,0,123925.23,0,111342.66,1,575,8,1,1
41,0,0.0,1,134158.09,2,682,6,1,1
33,0,153819.58,0,79176.09,1,712,3,1,1
39,0,0.0,1,83103.46,2,598,5,0,0
30,0,0.0,1,63908.86,2,776,6,1,0
23,0,70417.79,1,90896.04,1,606,10,0,0
38,0,111484.88,1,76076.2,1,686,7,1,0
38,0,146343.98,1,103902.11,1,850,1,1,0
72,0,160541.0,1,142223.94,2,642,1,1,0
27,1,130274.26,0,147533.09,2,606,2,1,0
21,0,98993.02,1,169156.64,1,627,7,0,0
36,0,0.0,0,141242.57,2,850,0,1,0
32,1,141827.33,1,149458.73,2,850,9,1,0
40,0,110054.45,1,86950.72,1,724,6,0,0
28,0,0.0,1,176925.69,2,579,4,1,0
28,0,0.0,0,40357.39,1,727,1,1,0
36,1,98088.09,1,26687.22,1,813,6,0,1
48,0,118317.27,0,78702.98,4,642,9,1,1
22,0,0.0,0,176163.74,2,669,10,1,0
54,1,99774.5,0,4896.11,1,574,1,1,1
32,0,0.0,0,114899.13,2,774,4,0,0
38,0,0.0,0,92220.12,3,735,1,0,1
27,0,133806.54,0,6251.3,2,639,8,0,0
44,0,0.0,0,43018.82,2,738,2,1,1
32,0,124993.29,1,27548.06,2,835,8,1,0
44,0,157622.58,1,120454.2,1,637,0,0,0
48,1,126111.61,1,133961.19,1,589,5,1,0
42,0,161651.37,1,131753.97,2,591,9,1,0
40,0,142856.95,0,38019.74,2,723,7,0,0
44,1,111100.98,1,28144.07,1,831,3,1,1
35,0,102918.38,1,45959.86,1,733,8,1,0
30,0,0.0,0,189528.72,2,731,5,0,0
47,0,0.0,0,170481.98,2,654,10,1,0
37,0,0.0,0,94845.45,2,828,4,1,0
22,0,125265.61,1,161253.08,1,590,7,1,0
37,0,82500.28,1,115260.72,1,657,4,1,0
64,1,175754.87,1,60721.4,2,531,2,0,0
47,0,109387.33,0,121365.45,1,516,6,0,0
37,0,100443.36,1,101693.73,2,561,1,1,0
54,0,83102.72,1,54132.93,2,682,0,0,0
28,0,0.0,1,10666.05,1,575,7,1,0
28,0,0.0,0,41227.67,2,623,4,0,0
40,0,0.0,0,10712.82,2,642,7,0,0
48,0,115290.27,0,98912.69,1,779,2,0,1
42,0,0.0,0,197202.48,2,671,6,0,0
40,0,140197.71,0,150720.39,2,495,1,0,0
28,0,105245.34,1,74780.13,1,850,1,0,0
50,0,0.0,1,79377.45,2,630,8,1,0
32,0,0.0,1,8763.87,2,588,1,1,0
35,1,142296.13,1,177112.7,1,562,3,1,0
56,0,99097.33,1,85016.64,1,740,4,0,1
28,0,171069.39,1,88689.4,2,695,5,1,0
39,0,0.0,0,95985.64,2,589,7,0,0
31,0,102523.88,1,166792.71,1,607,1,0,0
35,0,0.0,1,68730.91,2,794,6,1,0
44,1,143391.07,0,146891.07,1,580,9,1,1
44,1,106022.73,0,148727.42,2,644,8,0,0
36,0,0.0,0,43134.58,1,636,1,0,0
36,1,128960.21,1,40318.33,2,599,3,1,0
35,0,0.0,0,97633.93,2,507,2,0,0
48,0,0.0,0,65069.03,2,682,7,0,0
24,0,0.0,0,166335.0,2,714,7,0,0
25,0,126442.59,0,121904.44,1,696,8,0,0
51,0,0.0,1,175235.99,1,599,0,1,0
37,0,127261.35,0,56185.05,1,577,2,1,0
32,0,0.0,0,131625.14,2,733,5,0,0
33,0,0.0,0,152323.04,1,647,4,0,0
34,0,0.0,0,165840.94,2,831,2,0,0
30,1,73481.05,1,176692.65,1,543,6,1,0
34,0,160515.37,0,121904.14,1,679,7,1,0
61,1,149525.34,0,123663.63,2,713,4,0,0
43,1,166522.78,0,119644.59,1,690,2,1,1
29,0,135536.5,0,66825.33,1,751,1,1,0
43,1,120481.69,0,94875.03,1,613,10,0,1
28,0,103421.32,1,76304.73,1,701,1,1,0
33,0,135658.73,1,39755.0,2,698,5,1,0
36,0,0.0,1,180142.42,2,451,2,0,0
28,0,191402.82,0,83238.4,2,665,8,1,0
50,1,94504.35,1,5078.9,1,726,9,1,0
44,1,126147.84,1,132424.69,1,608,5,0,1
46,0,0.0,1,109057.56,1,549,7,0,0
33,0,0.0,0,115676.61,2,803,6,1,0
43,0,87624.03,0,149401.33,2,663,4,1,0
45,0,153697.53,0,89891.4,2,558,1,0,1
25,0,0.0,0,82500.84,2,714,4,0,0
39,0,0.0,0,6416.92,1,704,5,1,0
45,1,116585.97,0,189428.75,1,805,9,0,1
34,1,134464.58,0,178833.34,2,659,9,1,0
62,1,83008.31,1,42766.03,1,738,10,1,0
35,0,113635.16,0,90883.12,1,635,2,1,0
36,0,0.0,0,80619.09,2,530,7,0,0
41,1,122552.48,1,120646.4,2,661,5,1,0
31,0,118899.45,0,41409.36,2,531,2,1,0
29,0,99713.87,0,112317.89,1,694,5,0,0
36,0,0.0,0,152128.36,1,731,6,0,0
36,0,134208.22,1,177670.57,1,556,2,0,0
41,1,85906.65,0,189159.97,3,647,1,0,0
32,1,137714.25,1,159403.68,1,850,3,1,0
33,0,160777.9,1,149536.15,1,573,1,1,0
45,0,0.0,1,155492.87,2,591,5,1,0
21,0,0.0,0,24847.02,2,723,4,1,0
25,0,102585.88,1,115387.4,2,617,1,1,0
39,1,102556.18,0,171971.25,2,704,10,0,1
42,1,126772.57,1,126106.4,1,457,4,1,0
38,1,158373.23,1,28228.35,1,787,3,0,0
34,0,0.0,0,138113.71,2,651,9,0,0
42,1,141927.1,1,43018.98,1,612,5,1,0
47,0,109876.82,0,83611.45,2,828,1,1,1
34,0,0.0,1,118863.38,2,724,2,0,0
44,1,111369.79,1,91947.74,2,648,9,1,0
35,0,116969.35,0,94488.82,1,569,3,1,0
34,1,136729.51,0,47058.21,2,765,8,0,0
44,1,152086.15,1,44719.5,1,577,1,0,1
46,0,0.0,0,174478.54,2,603,2,1,0
28,0,127289.28,0,45611.51,1,568,1,1,0
45,1,119852.01,0,73853.94,1,748,2,1,1
38,0,0.0,1,196517.43,2,573,4,1,0
41,0,0.0,1,92914.67,2,771,5,0,0
35,0,0.0,1,31372.91,1,763,9,1,0
35,0,117183.74,1,109733.73,1,410,7,0,0
33,0,129907.63,1,36083.96,1,728,8,1,0
78,0,0.0,1,188435.38,2,655,2,0,0
36,1,145387.32,1,169963.2,2,580,6,0,1
35,0,124616.23,1,69320.97,1,712,7,1,0
31,0,0.0,0,36145.53,2,680,9,1,0
48,0,95808.19,0,137702.01,1,383,8,0,1
35,0,0.0,0,71594.26,2,721,10,1,0
42,0,0.0,1,65565.92,2,620,1,0,0
36,0,117152.3,0,101828.39,1,774,8,0,0
35,0,106250.72,0,39546.32,1,563,3,1,0
27,1,111837.78,1,110805.79,2,850,8,0,0
47,0,97023.21,1,2168.13,1,681,9,1,0
31,0,137687.72,0,190067.12,1,631,8,0,0
40,0,113348.5,1,77789.01,1,614,3,0,0
24,0,122109.78,1,127654.37,1,704,10,1,0
32,0,120452.4,0,79602.86,2,786,2,1,0
53,0,0.0,1,80619.17,2,534,7,0,0
34,0,65812.35,1,160346.3,2,590,0,1,0
40,0,54428.37,0,109638.78,1,583,3,0,1
75,0,0.0,1,1276.87,2,656,3,0,0
33,0,0.0,0,49374.82,2,597,9,1,0
48,1,143279.58,0,31580.8,2,588,1,0,1
32,1,103846.65,0,20560.69,1,667,0,1,0
37,0,125190.86,1,84584.69,1,627,2,1,0
33,0,0.0,1,15246.83,2,708,8,0,0
65,0,38340.02,0,32607.77,1,641,6,1,1
28,1,123802.98,1,155846.69,2,527,2,0,0
37,0,96651.03,1,3232.82,1,592,3,1,0
33,0,0.0,0,177668.55,2,465,8,1,0
39,0,0.0,0,134441.6,2,628,6,1,0
43,0,133237.21,0,111032.79,1,678,1,1,1
61,0,142105.35,1,45214.04,1,570,6,0,0
37,0,166115.42,0,67208.3,1,815,1,1,0
37,0,81070.34,0,80985.88,2,817,6,0,0
35,0,0.0,1,167573.06,1,717,4,1,0
53,0,123835.52,1,160110.65,2,641,0,0,0
51,0,123401.43,1,127825.25,2,624,10,1,0
49,1,169377.31,1,123535.05,1,579,4,1,0
38,0,130015.24,1,41595.3,1,698,2,1,0
32,0,0.0,1,97628.08,2,645,4,1,0
34,0,133936.04,0,91359.79,2,691,8,1,0
34,0,114543.27,1,97755.29,1,638,6,1,0
31,0,119794.67,0,182528.44,1,705,3,0,0
33,0,0.0,1,142956.48,2,720,9,1,0
44,0,0.0,0,10789.3,1,553,4,1,0
29,0,0.0,1,130461.09,2,658,8,0,0
32,1,157138.99,0,190994.48,3,648,8,0,1
45,0,0.0,1,159463.8,2,636,3,1,0
41,1,136733.24,1,57589.29,1,527,10,0,0
28,1,82498.14,0,40437.67,2,717,9,0,0
39,0,151914.93,0,56459.45,1,614,3,1,0
43,0,80090.93,0,39920.0,1,737,0,1,1
51,0,83739.32,1,148798.45,1,587,3,1,0
35,0,181166.44,1,63737.19,1,682,2,0,1
38,0,130588.82,1,154997.64,1,710,3,1,0
42,0,0.0,0,34777.23,2,507,6,1,0
33,1,94126.67,0,93718.16,1,609,6,1,0
32,0,0.0,0,133112.41,2,786,9,1,0
38,0,148045.68,0,175479.92,1,688,7,1,1
38,0,0.0,0,96.27,2,710,2,1,0
33,0,0.0,0,30804.68,2,779,3,1,0
44,0,168165.84,1,197193.49,1,733,6,0,0
26,1,72835.56,0,96792.15,2,583,10,0,0
41,0,0.0,0,132719.8,2,627,3,1,0
31,1,123212.08,1,112157.31,2,666,3,1,0
38,0,0.0,1,38015.34,2,620,0,1,0
39,0,0.0,1,164018.98,2,614,6,0,0
40,0,119501.88,0,46774.94,2,606,6,1,0
39,1,144550.83,1,189664.43,2,700,5,0,0
34,1,126729.41,1,26106.39,1,677,3,1,1
36,1,119984.07,0,191535.11,1,850,5,1,1
35,0,0.0,0,158937.55,1,564,4,1,0
56,0,0.0,1,25222.6,1,771,2,0,1
42,0,121490.05,1,29296.74,1,620,9,1,0
46,0,91897.8,0,54394.28,1,610,5,1,0
39,0,139443.75,0,9234.06,2,609,2,1,0
35,1,144961.97,1,26796.73,1,683,5,1,0
42,1,126041.02,1,11796.89,1,633,3,1,0
28,1,69459.05,1,128461.29,2,676,1,1,0
38,0,198338.77,1,14278.18,2,693,7,1,0
36,0,0.0,0,46811.77,2,709,0,1,0
35,1,109196.66,0,109393.19,3,569,2,1,1
38,0,134168.5,0,3966.5,3,684,3,0,1
34,0,0.0,1,63173.64,1,565,6,1,0
29,0,0.0,0,66367.33,1,681,8,1,0
36,0,0.0,1,16274.67,2,503,9,0,0
40,0,0.0,1,180553.48,2,656,2,1,0
65,1,120100.41,0,107563.16,1,566,4,1,1
62,0,0.0,1,100941.57,1,592,5,0,0
50,0,0.0,0,110230.4,2,687,5,0,0
22,0,0.0,0,142331.85,2,686,8,1,0
30,0,0.0,0,199099.51,2,616,2,1,0
67,0,0.0,1,85890.16,2,494,5,1,0
38,0,0.0,0,143938.27,1,534,3,1,0
31,0,0.0,1,131644.41,2,695,8,0,0
31,0,0.0,0,112395.98,2,579,9,0,0
38,1,135559.8,1,71856.3,2,432,2,1,0
25,1,150355.35,1,35770.84,2,816,2,0,0
37,0,0.0,1,124364.63,2,730,1,0,0
35,0,133489.12,1,78101.29,2,593,6,0,0
37,1,105489.31,0,143096.49,1,715,9,0,1
25,1,60205.2,0,14073.11,2,775,10,1,0
38,0,0.0,0,47388.41,2,539,5,1,0
19,0,0.0,0,72306.07,2,576,6,1,0
50,0,0.0,0,184839.7,1,617,7,1,1
40,0,0.0,1,47886.44,1,688,6,1,0
33,0,0.0,1,130474.03,1,608,4,1,0
35,0,0.0,1,73181.39,3,597,9,1,1
42,0,112333.63,1,65706.86,1,670,6,0,0
57,1,116936.81,1,104379.36,1,616,7,0,0
50,1,117721.02,1,192146.63,1,579,5,0,1
37,0,165896.22,1,66977.68,2,786,7,1,0
44,0,153656.85,0,158742.81,1,704,9,0,0
50,0,94164.0,1,189414.74,1,796,1,0,0
39,0,0.0,0,159130.32,2,598,1,1,0
49,0,191808.73,0,97640.2,1,602,0,1,0
58,0,152199.33,1,86022.09,1,619,5,1,0
52,1,125396.24,0,10014.72,1,492,8,0,1
41,1,104405.54,0,17384.21,3,641,7,1,0
27,0,133801.49,1,143315.57,1,518,1,0,0
40,0,0.0,0,31669.18,3,623,4,0,0
28,0,0.0,0,12761.16,2,733,5,0,0
42,1,100047.33,0,93429.95,1,625,6,1,0
31,0,109848.6,1,42012.55,1,759,1,0,0
32,0,127849.38,0,15798.7,1,604,7,0,0
46,0,0.0,1,56408.14,2,512,3,0,0
29,0,95947.76,0,4696.44,1,520,8,0,0
26,0,0.0,1,25042.1,2,805,2,1,0
43,0,137638.69,0,130442.08,1,626,4,1,1
38,0,0.0,1,136521.82,1,656,10,1,0
41,0,0.0,1,199108.88,2,785,7,1,0
31,0,0.0,0,124596.63,2,553,6,1,0
44,0,0.0,0,134394.78,2,569,4,0,0
38,0,89416.99,0,144275.39,1,670,10,1,0
42,0,0.0,1,123410.23,2,586,6,1,0
45,0,0.0,0,143298.06,1,617,1,0,0
60,0,143262.04,1,129562.74,1,508,7,0,0
35,0,119656.45,1,4595.05,2,624,7,0,0
29,0,132954.64,1,146715.07,1,654,4,1,0
44,1,105206.7,1,163558.36,2,681,3,0,0
28,0,0.0,0,6947.09,2,578,4,1,0
37,0,83061.26,0,9170.54,2,621,9,0,0
40,0,147650.68,1,199674.83,1,632,5,1,0
44,0,73348.56,0,157166.79,1,644,5,1,1
28,0,0.0,0,46072.52,2,821,2,1,0
38,0,0.0,0,3524.69,2,754,2,0,0
27,0,116320.68,1,45563.94,1,568,1,0,0
33,0,0.0,1,59103.13,2,584,3,1,0
29,0,0.0,1,189558.44,2,549,8,0,0
38,0,0.0,0,45779.9,2,729,7,0,0
61,0,66250.71,1,21859.06,1,523,8,1,0
24,1,95675.62,0,162699.7,2,477,2,0,1
42,1,92616.64,0,8567.18,2,675,2,1,0
41,0,0.0,0,132943.88,1,782,4,0,0
36,0,0.0,1,12916.32,1,616,6,0,1
37,0,100565.94,1,128799.86,1,738,8,0,0
42,0,190305.78,0,99347.8,1,717,5,0,1
35,1,118536.4,0,40980.87,1,526,9,0,1
19,0,127649.64,1,40368.65,1,660,5,1,0
35,0,165358.77,1,94738.54,1,525,7,1,0
29,0,0.0,1,88842.8,2,629,6,1,0
36,1,78249.53,0,136934.91,1,616,10,0,0
61,1,125193.96,1,109356.53,1,521,0,0,0
29,0,0.0,0,199635.93,2,691,9,0,0
41,1,154007.21,0,158408.23,1,687,2,0,0
43,0,133214.88,1,95936.84,2,677,3,0,0
63,0,146202.93,1,126688.83,1,695,1,1,1
27,0,0.0,0,150850.29,2,663,9,0,0
30,0,90963.49,1,27802.0,1,496,0,1,0
41,0,0.0,0,32430.94,1,747,9,1,1
52,0,0.0,0,137332.37,1,546,2,0,1
68,0,114386.85,1,28601.68,1,706,4,1,0
26,0,0.0,0,108411.66,2,472,5,0,0
40,0,0.0,1,122518.5,2,703,7,0,0
38,0,0.0,0,9015.07,2,850,2,0,0
71,0,137260.78,1,94433.08,1,667,4,1,1
33,0,111060.05,0,110371.84,2,559,9,1,0
60,0,124447.73,1,141364.62,1,636,7,1,1
34,0,0.0,1,16245.25,2,672,8,0,0
42,0,0.0,1,108348.94,1,667,7,1,1
33,1,135310.41,1,171668.2,2,648,7,1,0
32,0,0.0,0,67364.42,2,497,8,1,0
73,0,0.0,1,107867.38,2,743,6,0,0
29,0,0.0,0,194310.1,2,619,5,1,0
34,0,139393.19,0,33950.08,2,639,5,1,0
28,0,0.0,0,197588.32,2,540,8,1,0
26,0,104258.8,1,428.23,1,766,3,0,0
26,0,0.0,1,34948.77,2,749,6,0,0
32,1,113447.01,0,82084.3,1,655,9,1,0
33,0,0.0,0,64804.59,2,630,9,1,0
33,1,111063.73,0,83556.65,2,778,4,0,0
30,1,161378.02,0,71926.28,1,757,6,0,1
39,0,82766.43,1,122925.44,1,529,2,0,0
29,0,0.0,0,13133.88,2,620,9,1,0
61,0,104267.7,0,62845.64,1,615,1,0,1
25,0,91718.8,0,28411.23,1,735,3,0,0
47,0,63488.7,1,28640.92,1,705,3,0,1
46,0,12459.19,0,156787.34,1,644,6,0,1
37,1,159863.9,1,125307.87,2,505,6,0,0
23,1,104592.55,0,131736.23,2,471,6,1,0
50,0,132088.59,1,128262.14,1,722,4,0,0
39,0,0.0,0,91366.42,2,577,4,0,0
44,0,120654.68,0,82290.81,1,744,5,1,0
30,0,0.0,0,66190.21,2,573,6,0,0
32,0,83772.95,1,23920.65,1,653,4,0,0
31,0,172325.67,1,45438.38,1,660,6,0,0
46,0,117685.31,1,93360.35,2,787,7,1,0
41,0,0.0,1,14496.67,2,617,7,1,0
39,0,0.0,0,168521.72,2,567,5,1,0
64,0,0.0,1,103318.44,2,682,9,0,0
35,0,135871.5,1,87219.41,1,684,6,1,0
41,0,0.0,1,197490.39,4,447,3,1,1
49,1,128504.76,0,126812.63,1,625,4,0,1
36,0,0.0,0,94283.09,2,585,7,1,0
42,0,56228.25,0,46857.52,1,516,8,0,0
45,1,98792.4,0,81491.7,1,732,6,0,1
40,1,181768.32,1,129107.97,2,628,5,1,0
48,0,101198.01,1,49732.9,1,682,9,0,0
25,0,0.0,1,88728.47,2,746,9,1,0
60,0,0.0,1,86981.45,2,655,3,0,0
39,0,0.0,0,3740.93,1,644,9,0,0
34,0,139064.06,0,67949.32,2,778,5,1,0
35,0,104508.1,1,147636.46,1,617,2,0,0
35,1,113948.58,0,188891.96,1,660,9,1,1
47,0,0.0,1,25482.62,2,537,10,1,0
39,0,0.0,1,18391.93,2,554,10,0,0
31,0,0.0,1,140168.36,2,806,9,1,0
37,1,117524.72,1,161064.29,2,611,1,1,0
37,0,160389.82,1,183542.08,1,665,5,0,0
37,0,0.0,0,194238.92,2,648,7,0,0
27,0,125547.53,0,7900.46,1,692,1,1,0
46,0,92783.68,1,51424.29,1,507,6,1,0
49,1,97036.22,0,152450.84,2,696,5,1,1
34,0,0.0,0,55816.2,2,681,3,1,0
26,0,0.0,1,32909.13,2,687,6,0,0
40,0,102145.13,1,100637.07,1,641,5,1,0
33,0,113452.66,0,142911.99,1,507,1,0,0
46,0,155681.72,0,26287.21,1,688,8,0,0
38,1,127475.24,0,60775.76,1,535,8,1,1
41,0,0.0,1,146257.77,2,701,10,1,0
43,0,112751.13,1,28332.0,1,488,10,1,0
29,0,0.0,1,100919.19,2,539,4,0,0
45,0,144889.18,1,102591.9,1,674,7,1,1
40,0,0.0,1,25554.4,2,538,8,1,0
22,0,150126.44,0,152107.93,1,829,7,0,1
54,0,69712.74,1,69381.05,1,768,8,1,0
44,0,0.0,1,101728.46,2,585,4,0,0
31,0,0.0,0,89040.61,2,581,3,1,0
35,1,117438.92,1,16910.98,2,682,2,0,0
38,0,119315.75,0,150468.35,1,653,8,1,0
30,0,89571.59,1,177613.19,1,712,1,0,0
34,1,102251.57,0,120672.09,1,620,8,0,0
42,0,118546.71,1,77142.85,1,709,9,1,0
61,0,0.0,1,127804.66,1,832,2,1,1
38,0,103257.14,0,158344.63,1,635,0,1,0
43,0,124209.02,1,167179.48,1,749,1,0,0
32,0,0.0,1,15404.64,2,629,3,1,0
41,0,150302.84,1,156036.19,1,836,7,0,0
34,0,108653.93,1,144725.14,1,542,8,1,0
45,0,85325.93,0,22558.74,1,645,8,0,0
29,0,0.0,0,147342.03,2,844,8,0,0
37,1,135776.36,0,85470.45,3,747,9,1,1
40,0,131411.24,1,194656.11,1,645,6,1,0
36,0,0.0,1,48505.1,2,752,3,0,0
41,0,0.0,0,101491.23,2,760,6,0,0
45,1,106431.97,1,164117.69,2,714,9,0,0
50,0,90305.76,1,124626.57,1,717,9,1,0
28,1,117466.03,1,34490.06,2,645,7,1,0
32,0,148884.47,1,90967.37,2,681,3,1,0
44,1,91115.76,0,24208.84,2,681,4,0,1
37,1,77373.87,1,174873.09,2,679,8,0,0
23,0,104744.89,0,170262.97,1,528,7,1,0
31,0,0.0,1,112289.06,2,710,3,0,0
39,1,91538.51,1,93783.0,1,733,5,1,0
32,0,0.0,1,150026.79,2,724,6,0,0
34,0,185734.75,1,102036.82,1,726,0,0,0
30,0,143396.54,1,898.51,2,520,3,1,0
40,0,125909.85,1,95124.4,1,556,5,1,0
45,0,0.0,0,11514.39,2,579,2,0,0
36,0,154525.7,1,27468.72,1,674,2,1,0
29,0,0.0,0,37092.43,1,570,0,0,0
51,0,100654.8,0,171587.9,1,631,8,1,0
44,0,83325.77,1,80828.78,1,623,1,1,0
35,0,110934.54,0,169287.99,1,665,8,1,0
36,0,113680.54,0,13197.44,1,523,8,0,0
31,1,117020.08,0,54439.53,2,706,1,1,0
49,0,145359.99,0,38186.85,1,619,9,0,0
39,1,151391.68,0,27274.6,1,593,8,0,1
66,0,123935.35,1,65758.19,1,608,8,1,0
36,0,0.0,0,97767.63,2,526,0,0,0
40,0,70291.02,1,115468.84,1,684,2,1,1
42,1,166031.45,0,98293.14,1,604,10,0,0
36,1,96643.32,0,182059.28,1,636,6,1,0
33,0,0.0,1,128538.05,2,669,8,0,0
71,0,0.0,1,108841.83,2,624,7,1,0
29,0,0.0,1,18581.84,2,631,2,1,0
48,0,0.0,1,146821.42,2,753,4,1,0
40,0,0.0,0,100727.68,2,588,5,1,0
26,1,97268.1,0,39356.38,2,729,4,1,0
42,0,0.0,0,169921.11,2,602,10,0,1
55,1,76296.81,0,42364.75,1,689,1,0,1
27,0,0.0,0,28823.04,2,486,7,1,0
42,1,64497.94,1,182436.81,3,809,6,0,1
38,0,0.0,0,115700.2,1,562,5,1,0
32,0,0.0,0,16725.53,2,763,8,0,0
57,0,0.0,1,56875.76,2,669,5,1,0
39,0,0.0,0,56214.09,2,709,8,1,0
45,0,0.0,1,193412.05,2,554,4,0,0
37,0,0.0,0,83263.04,2,699,10,1,0
54,0,134249.7,1,13404.4,1,732,0,1,0
45,0,0.0,1,184474.15,1,625,3,0,1
30,0,105443.68,1,121124.53,1,599,9,1,0
50,0,0.0,1,152567.75,1,584,1,0,1
35,0,0.0,0,10722.54,2,499,10,1,0
38,0,0.0,0,58010.98,2,526,2,1,0
35,1,86147.46,0,163440.8,2,625,5,0,1
38,0,96939.06,1,102606.92,1,537,1,0,0
47,0,106758.6,1,80591.18,1,696,1,1,0
33,0,112528.65,0,177362.45,2,679,9,0,0
60,0,116563.58,0,120257.7,1,684,2,1,1
32,0,0.0,1,180622.02,1,850,4,1,0
42,0,0.0,0,130404.53,2,495,7,0,0
38,0,141786.78,1,147797.54,1,537,6,0,0
41,0,136416.82,1,57844.26,1,850,3,1,0
30,0,0.0,0,162523.66,2,513,5,1,0
40,1,133245.52,1,54495.82,2,618,1,0,0
41,1,90757.64,1,169183.66,2,802,4,0,0
43,0,92350.36,1,80262.91,1,547,1,1,0
69,1,78778.49,1,8751.59,1,613,9,1,0
34,1,102143.93,1,102628.98,2,592,6,0,0
29,0,0.0,1,94823.95,1,546,5,1,0
37,1,98459.6,0,90821.66,1,721,4,1,0
47,1,114603.76,0,153194.32,2,671,7,0,1
35,0,0.0,0,87310.59,2,624,2,1,0
51,1,148074.79,0,146411.41,1,751,7,0,1
36,0,0.0,1,74048.1,3,636,1,1,1
62,0,108004.64,1,23386.77,1,607,8,0,1
29,1,107712.57,1,92898.17,2,509,0,0,0
35,0,0.0,1,45956.05,2,653,9,1,0
37,0,0.0,0,71738.56,3,709,8,0,0
32,0,145303.52,0,103560.98,1,559,9,1,0
37,1,138476.41,1,52367.29,2,684,4,1,0
27,0,127471.56,1,152916.05,1,635,8,0,1
26,0,156551.63,1,4410.77,1,709,6,1,0
49,1,97092.87,0,74771.22,1,656,9,0,1
32,0,0.0,0,193817.63,2,793,2,1,1
37,0,129312.79,1,26793.82,1,609,5,1,0
29,1,100315.1,1,32526.64,2,618,10,0,0
35,0,81684.97,0,824.0,1,850,6,0,0
51,0,88827.53,0,85250.77,1,669,3,1,1
40,1,152092.44,1,83508.93,2,594,0,1,0
71,0,0.0,1,173599.38,2,616,4,1,0
49,0,0.0,0,79342.31,1,676,1,0,1
38,0,102406.76,1,57600.66,1,608,9,0,0
21,0,109130.96,1,56191.99,2,710,4,1,0
29,0,0.0,1,6770.44,2,695,5,1,0
33,1,75242.28,1,101694.67,1,530,9,1,0
29,0,0.0,0,69113.14,2,509,1,1,0
45,0,0.0,0,172674.36,1,517,4,0,1
33,1,129142.54,1,26606.28,2,758,0,1,0
51,0,0.0,0,53353.36,1,665,2,1,0
22,1,139129.92,1,63747.51,1,631,6,0,0
33,0,0.0,1,190112.05,2,576,3,1,0
22,0,66483.32,1,110317.39,1,544,3,1,0
40,1,62389.03,0,148623.43,3,596,5,1,1
34,0,0.0,1,125253.46,2,481,5,0,0
46,0,91857.66,0,101954.78,1,498,1,1,1
31,0,0.0,0,168462.26,2,512,6,1,0
56,0,0.0,0,26215.85,1,594,7,0,1
30,0,176173.52,0,97045.32,1,570,10,0,1
38,0,0.0,1,53534.8,1,721,7,1,0
37,0,131834.76,0,8949.2,2,453,4,0,0
48,0,92347.96,1,163116.75,1,562,3,1,0
40,0,0.0,1,140745.91,2,682,4,1,0
40,0,95297.11,0,171515.84,1,748,3,1,0
32,0,0.0,0,150803.44,2,729,9,0,0
39,0,0.0,0,76884.05,1,663,4,1,0
53,0,123845.36,1,170454.93,2,735,8,0,1
62,1,143426.34,1,143104.3,2,627,3,1,0
46,0,0.0,1,55701.62,1,713,5,1,0
31,1,112708.2,1,186370.3,1,562,2,1,0
43,0,100013.51,0,24275.32,1,632,2,1,0
33,0,208165.53,0,50774.81,1,479,2,0,1
21,0,0.0,1,154279.87,2,658,7,1,0
40,0,0.0,0,68462.59,1,598,9,0,1
19,0,0.0,1,91036.74,2,597,2,1,0
33,0,121685.31,1,83681.97,2,512,6,0,0
39,0,111525.02,0,199484.96,1,704,2,1,0
26,0,0.0,0,152491.22,2,474,6,1,0
36,1,113546.3,1,134875.37,1,604,10,1,0
41,0,95696.52,1,184366.14,2,683,6,1,0
28,0,88963.31,1,189839.93,2,537,0,1,0
31,0,144880.34,1,175643.44,2,794,0,1,0
55,0,136576.02,1,3268.17,1,732,9,1,1
38,0,63093.01,1,47089.72,1,495,2,0,0
38,1,132271.12,1,46562.02,2,552,10,1,0
29,0,88814.4,1,62487.97,2,602,3,0,0
40,1,90594.55,1,181598.25,1,607,5,1,0
33,1,141816.25,0,64815.05,1,675,0,0,1
54,0,138547.97,1,70196.23,1,443,3,0,1
31,0,52192.08,1,160383.47,2,727,2,0,0
38,0,124976.19,0,35848.12,1,482,4,1,0
34,0,0.0,0,87278.48,2,686,1,0,0
35,1,104356.38,0,94498.82,1,588,3,1,0
48,0,150315.92,1,133486.36,1,605,10,0,0
39,0,129299.28,0,73107.6,2,583,1,1,0
37,1,140950.92,0,195333.98,2,738,7,1,0
30,0,128065.12,0,121525.48,1,744,1,1,0
23,0,107433.48,0,173843.21,1,781,2,1,0
34,0,117468.67,0,185227.42,1,699,2,1,0
27,0,0.0,0,125244.18,2,639,2,0,0
27,0,0.0,0,163113.41,3,583,4,0,0
42,0,0.0,0,123006.91,1,587,1,1,0
40,0,0.0,0,40463.03,2,694,9,1,0
29,0,153040.03,1,131363.57,1,570,4,0,1
45,1,142084.04,0,188305.85,4,692,6,1,1
30,0,0.0,0,143994.86,2,511,5,0,0
32,0,112079.58,0,89368.59,1,788,4,1,0
66,0,132044.6,1,158365.89,2,526,7,1,0
46,0,66582.81,0,78753.12,1,749,9,0,1
33,0,0.0,1,100408.31,2,691,6,0,0
39,0,0.0,1,24677.54,1,481,6,0,0
33,0,0.0,1,39570.78,2,752,4,1,0
38,0,102895.1,0,155665.76,1,658,6,0,0
42,0,0.0,1,168294.27,1,679,2,1,0
27,1,117578.35,1,87908.01,2,754,7,1,0
47,0,198546.1,0,191198.92,2,679,10,1,1
39,0,0.0,0,191207.03,2,633,2,0,0
31,0,0.0,0,128954.05,1,674,1,0,0
28,1,116623.31,1,59905.29,1,600,2,1,0
49,0,0.0,0,162012.6,2,645,8,1,0
36,0,0.0,1,19231.98,2,698,6,1,0
54,0,0.0,1,175749.36,1,508,10,1,0
44,0,105770.7,0,60533.96,3,555,3,0,1
48,0,0.0,0,137508.42,1,751,9,0,1
39,0,94435.45,1,189430.86,2,738,1,0,0
39,1,112889.91,1,6723.66,1,706,8,0,0
53,0,0.0,0,41371.68,2,595,7,0,1
43,1,127940.47,0,125140.72,1,577,3,0,1
36,1,129745.1,1,143683.75,1,578,8,0,0
32,0,0.0,1,170770.44,2,699,3,1,0
30,0,0.0,1,157397.57,2,826,5,0,0
46,1,141535.52,0,50595.15,1,656,7,0,1
47,0,139914.27,1,50390.98,1,556,2,0,0
41,0,120243.49,0,163150.03,1,569,4,1,1
34,0,91835.16,0,138280.17,1,765,9,1,0
37,0,0.0,0,135067.02,2,544,2,1,0
22,0,67178.19,1,163534.75,1,588,9,0,1
31,0,0.0,0,86657.48,2,740,8,0,0
38,0,115378.94,1,162087.82,1,850,7,1,0
30,1,127786.28,1,28879.3,2,766,4,1,0
41,0,0.0,1,169203.51,2,849,6,0,1
33,0,64900.32,0,102426.12,2,612,0,0,0
53,1,109172.88,0,54676.1,1,517,0,1,1
55,0,0.0,1,18369.33,2,645,7,0,0
43,1,114091.38,1,159888.1,1,696,4,1,0
40,0,0.0,1,167636.15,2,716,3,0,0
32,0,0.0,0,138889.15,2,590,9,1,0
45,0,145933.27,1,199392.14,1,656,7,0,0
35,1,131504.73,0,189560.43,1,473,7,0,0
44,1,107926.02,1,17375.27,1,742,8,0,1
57,1,112281.6,0,140225.14,3,834,8,0,1
41,0,0.0,1,61018.85,2,721,7,1,0
29,0,0.0,1,51907.72,1,590,10,1,1
31,0,0.0,0,47018.75,1,516,7,0,0
33,0,124781.67,1,33700.52,1,850,0,1,0
39,0,132865.56,1,59636.43,1,748,9,0,1
38,1,129055.13,0,157147.59,1,798,4,0,0
76,1,96166.88,1,191393.26,1,612,6,1,0
40,0,165298.12,1,199862.75,1,540,3,0,0
33,0,0.0,0,20016.59,2,719,7,0,0
48,0,120682.53,0,30635.52,1,598,6,1,1
32,0,102773.15,1,117832.88,2,796,5,1,0
42,1,144386.32,1,22497.1,1,579,0,1,1
40,1,104449.8,1,747.88,1,850,7,0,0
35,0,137102.65,0,76870.81,1,599,6,1,0
30,0,142475.87,1,107848.24,1,724,9,0,0
43,0,0.0,0,103726.71,1,508,9,0,0
37,0,103195.2,0,178268.36,2,773,2,1,0
28,0,112070.44,1,126281.83,1,526,1,1,0
29,0,0.0,1,196651.72,2,542,7,0,0
35,0,96473.59,0,5962.3,1,470,1,1,0
37,0,0.0,0,21928.81,2,805,5,1,0
49,1,108437.89,0,127022.87,1,548,9,1,1
37,0,153195.59,1,162763.01,1,672,5,1,0
45,0,96877.21,1,113950.51,1,773,8,1,0
44,0,0.0,1,104930.46,2,614,6,1,0
38,0,0.0,0,52337.97,1,537,10,0,1
40,0,95452.89,1,179964.55,1,704,6,0,0
41,0,63873.56,0,83753.64,1,586,3,1,0
24,0,148298.59,0,182913.95,2,677,0,0,0
31,0,0.0,0,166720.28,2,558,7,0,0
37,1,143258.85,0,192721.98,2,634,7,0,0
37,1,121342.24,1,180241.44,1,655,9,1,0
28,1,99152.73,0,48475.12,2,619,6,0,0
41,0,0.0,0,126551.48,2,662,4,0,0
33,0,68423.89,1,64872.55,1,705,7,1,0
35,0,0.0,0,98031.53,1,527,8,0,1
25,1,79656.81,0,93524.22,1,630,7,0,0
35,0,0.0,1,56991.66,2,850,2,1,0
53,0,110240.04,0,183980.56,1,668,10,0,1
32,0,125321.84,1,130234.63,2,573,9,0,0
27,0,0.0,0,32454.26,1,680,3,1,0
32,0,84378.9,1,75396.43,1,758,2,0,0
45,0,0.0,0,167756.45,2,597,7,1,0
35,1,136281.41,1,24799.47,2,580,10,1,0
59,0,119380.37,1,60429.43,1,622,5,1,0
62,1,108716.59,1,74241.09,2,638,4,1,0
20,0,0.0,1,78310.82,2,640,4,0,0
28,0,0.0,0,119419.37,2,644,0,1,0
31,0,106596.29,0,91305.77,1,753,6,0,0
37,0,99546.25,1,25136.95,3,629,10,0,1
30,0,0.0,0,193880.6,1,775,5,0,1
41,0,0.0,0,47856.78,1,701,2,0,0
19,0,112615.86,1,4491.77,1,708,7,1,0
22,0,0.0,1,101311.95,1,521,10,0,0
24,0,0.0,1,38830.72,2,636,9,0,0
31,0,0.0,0,26817.23,2,529,5,0,0
28,0,75381.15,1,199727.72,1,757,3,1,0
24,0,0.0,1,67445.85,2,767,5,0,0
33,0,0.0,0,161002.29,2,525,5,1,0
38,0,0.0,0,20778.39,2,759,1,1,0
45,1,123086.39,1,41042.4,1,520,1,0,1
26,0,0.0,0,67484.16,2,738,3,0,0
37,0,0.0,0,121763.68,1,548,4,1,0
48,0,109472.47,0,157358.43,1,535,9,1,1
59,0,155766.05,1,110275.17,1,615,4,1,0
38,1,101985.81,0,43801.27,2,850,7,1,0
34,0,96019.5,0,9085.0,1,487,2,0,0
30,0,0.0,1,143086.09,2,731,7,1,0
35,0,0.0,1,100556.98,2,726,9,0,0
35,0,147900.43,0,140000.29,1,609,2,0,0
52,0,100755.66,1,186775.25,1,714,4,1,0
35,0,0.0,0,133570.43,1,694,7,0,1
33,0,83036.05,1,154990.58,1,786,0,0,1
27,0,125427.37,0,27654.44,2,698,6,1,0
46,0,98202.76,0,137763.93,1,601,3,0,0
41,0,72509.91,0,25723.73,1,769,1,1,0
44,1,140393.65,1,186285.52,2,850,3,1,0
50,0,142644.64,1,142208.5,2,646,5,0,1
44,0,23503.31,1,169862.01,1,659,9,0,1
33,0,145729.71,0,41365.85,1,487,8,1,0
40,1,122295.17,1,30812.84,2,740,2,0,0
39,0,0.0,0,155023.93,2,686,4,1,0
36,0,119799.27,0,159416.58,2,612,5,0,0
37,0,163708.58,0,76259.23,2,655,8,1,0
34,0,61687.33,0,105965.25,2,617,1,1,0
27,0,79144.34,1,50743.83,1,674,4,0,0
32,0,0.0,1,147720.27,2,711,5,1,0
27,1,104848.68,1,167387.36,1,624,7,0,0
26,0,0.0,1,95159.13,2,597,5,1,0
46,0,0.0,1,4654.28,1,682,4,1,0
45,0,0.0,0,130376.68,1,775,8,1,0
29,0,146652.01,1,173486.39,1,727,1,0,0
31,0,0.0,0,93881.75,2,629,6,1,0
46,0,0.0,1,36376.97,2,684,0,1,0
37,1,130622.34,1,128499.94,2,549,1,0,0
69,1,187013.13,1,105898.69,2,593,2,1,0
40,0,0.0,1,11959.03,2,536,9,1,0
36,0,0.0,0,98810.78,1,707,6,0,0
41,0,0.0,0,65906.07,2,592,0,1,0
44,0,98862.54,0,151516.7,1,703,6,1,0
45,0,0.0,0,37214.39,2,723,4,0,0
52,1,98443.14,0,92033.98,2,452,1,1,0
42,0,0.0,0,195692.3,2,552,4,1,0
47,0,0.0,1,6342.84,1,633,0,0,1
23,1,123575.51,1,95148.28,1,479,9,0,0
25,0,0.0,1,21215.67,2,768,6,1,0
31,0,105239.1,1,19700.24,1,742,4,1,0
56,1,110993.79,0,134396.64,1,668,9,1,1
44,0,0.0,1,135077.01,2,707,3,1,0
39,0,157691.98,0,133600.89,2,754,7,1,1
47,1,105245.21,0,99922.08,1,544,5,1,1
32,0,0.0,1,41399.33,2,718,8,1,0
31,0,117687.35,1,159344.43,1,762,7,1,0
23,0,0.0,0,18364.19,2,772,2,1,0
37,1,123067.63,1,98162.44,1,691,7,0,1
45,0,0.0,0,84663.21,1,502,0,1,0
34,0,0.0,0,36536.93,2,563,6,0,0
41,0,101457.14,1,79101.67,1,676,4,0,0
52,0,100549.43,1,16644.16,2,576,2,1,0
35,0,174588.8,1,158420.14,2,629,4,1,0
52,0,121161.57,0,48988.28,1,625,8,1,0
45,0,0.0,1,96862.56,2,628,9,1,0
36,1,90063.74,1,96366.7,2,471,5,0,0
45,0,0.0,1,146123.19,2,811,5,0,0
42,0,134936.97,0,135178.91,2,504,3,1,0
24,0,110495.27,0,158615.41,1,687,3,0,0
37,1,133200.09,0,71433.88,1,660,2,0,0
41,0,82596.8,1,55672.09,1,548,4,0,0
31,1,103837.75,1,150218.11,1,609,9,1,0
42,0,0.0,0,162734.31,1,659,2,0,1
52,0,93590.47,1,21228.71,1,526,8,1,1
40,1,104149.66,0,62027.9,1,725,8,1,0
38,1,114141.64,1,60988.21,1,519,1,1,1
31,1,117153.0,1,108675.01,1,562,9,0,0
45,1,156353.46,0,72643.95,1,482,7,1,1
37,0,175534.78,1,9241.52,2,535,3,1,0
27,0,135637.0,0,153080.4,1,561,9,0,1
30,0,0.0,0,72196.57,2,661,7,0,0
27,0,0.0,1,199527.34,2,771,2,1,0
26,0,0.0,1,156598.23,2,545,7,1,0
33,1,83415.04,1,74917.64,1,850,2,0,0
43,1,141859.12,1,111249.62,2,601,3,1,0
38,1,132767.66,1,59115.77,2,712,7,1,0
31,0,110635.32,0,148218.86,1,589,10,0,0
37,0,177657.35,1,77142.32,1,600,8,1,0
41,1,157777.58,0,67484.6,1,642,4,1,0
47,1,107915.94,1,63452.18,2,575,9,1,1
57,1,86568.75,1,103660.31,1,570,5,0,0
52,1,137755.76,0,163191.99,1,532,9,1,1
30,0,137262.71,0,62905.29,2,796,2,1,0
32,0,0.0,1,44323.22,1,833,6,1,1
36,0,0.0,1,97938.59,2,642,6,0,0
28,0,0.0,1,126565.21,2,655,10,1,0
50,1,116309.01,0,185360.4,1,736,9,1,1
34,0,131244.65,0,183229.02,2,617,0,0,0
28,1,125155.83,1,106024.02,2,762,3,1,0
35,1,140691.08,0,167810.26,2,703,5,1,0
41,0,58820.32,1,138536.09,2,507,3,1,0
26,1,105099.45,1,184520.0,1,581,3,0,1
31,0,0.0,1,20492.16,2,593,9,1,0
23,0,168372.52,0,134676.72,1,648,9,1,0
34,1,94682.56,0,138478.2,2,462,1,1,0
36,0,0.0,1,125557.95,2,596,2,1,0
44,0,0.0,0,82969.61,2,627,5,0,1
40,0,0.0,1,158071.69,2,494,7,1,0
73,0,146329.73,1,43615.67,1,627,0,1,0
37,0,0.0,0,119969.99,2,850,2,1,0
49,0,167962.7,0,140201.21,1,632,5,0,0
33,0,0.0,1,80792.83,2,490,1,1,0
40,0,0.0,1,141359.11,1,715,7,1,0
48,0,0.0,0,23344.94,2,679,8,1,0
44,0,116967.68,0,5075.17,1,619,3,1,1
33,0,0.0,1,95500.98,2,465,6,0,0
32,0,0.0,1,79082.62,1,736,7,1,0
34,1,93244.42,1,199805.63,1,501,7,0,0
29,0,0.0,1,52709.55,2,535,5,0,0
33,0,0.0,0,56583.88,2,759,2,0,0
35,0,0.0,1,3385.04,2,819,1,1,0
43,1,80442.06,1,12537.42,2,533,4,1,0
35,1,150561.03,0,64722.61,2,632,2,0,0
60,0,0.0,1,75246.21,3,686,9,1,1
34,0,125474.44,0,198929.84,1,687,9,0,0
33,1,127076.68,0,69011.66,2,667,4,0,0
25,0,0.0,1,52404.47,2,699,8,0,0
37,0,128650.11,1,163641.53,2,497,8,1,0
33,0,145580.61,1,154598.56,1,780,6,0,0
51,0,0.0,0,173989.47,1,652,3,0,1
47,0,144900.58,0,61315.37,1,477,9,1,1
37,0,0.0,0,143393.24,2,652,4,0,0
31,0,97588.6,0,124210.53,1,488,8,0,0
24,0,0.0,1,151460.84,2,572,1,1,0
38,0,0.0,0,20734.81,2,755,1,0,0
24,1,122200.31,0,43705.56,2,779,10,0,0
46,0,151709.33,0,180736.24,1,693,3,0,0
22,0,0.0,0,104170.48,2,530,7,0,0
33,0,122134.4,1,27867.59,2,738,3,0,0
31,1,137260.45,0,55387.28,2,690,2,1,0
30,0,88594.14,0,196332.45,1,611,9,0,0
34,0,0.0,1,116046.22,2,643,6,1,0
41,1,127205.32,0,93874.87,4,632,8,1,1
31,0,96997.09,0,76614.04,2,727,10,0,0
64,0,0.0,1,6076.62,1,508,2,0,0
31,0,142200.19,1,122221.71,2,550,5,1,0
39,1,160761.41,1,24156.03,1,754,3,0,0
26,0,0.0,0,135394.62,2,759,4,1,0
33,0,0.0,0,91340.02,2,794,8,1,0
29,0,0.0,0,146090.38,2,549,3,1,0
31,0,116234.61,0,172096.08,1,671,0,1,0
26,1,155143.52,1,135034.57,1,756,5,0,1
21,0,0.0,0,84008.66,2,632,1,0,0
38,0,0.0,0,91763.67,2,579,8,1,0
34,0,84009.47,1,137001.1,1,748,5,1,0
28,1,139246.22,0,106799.49,2,488,7,0,0
58,1,170113.0,1,10494.64,2,710,7,1,0
41,0,0.0,1,79866.73,3,619,8,0,1
64,0,145578.28,1,186172.85,1,773,2,1,0
75,0,126273.95,1,91673.6,1,657,7,1,0
26,0,162482.76,1,18458.2,1,579,10,0,0
29,0,0.0,0,8342.35,1,542,9,1,0
32,0,87814.89,0,138578.37,1,709,2,0,0
61,0,113858.95,1,38129.22,1,617,3,1,0
43,1,87612.64,1,107155.4,4,568,5,1,1
73,0,0.0,1,29792.11,1,769,1,0,0
26,1,106648.98,1,7063.6,1,608,1,1,0
31,0,0.0,1,21645.06,2,503,4,1,0
38,1,103653.51,1,137079.86,2,608,8,0,0
37,1,116880.53,0,172718.35,1,731,3,1,1
40,1,97990.49,0,106691.02,2,850,4,0,0
34,1,150635.3,1,72274.84,1,591,4,0,0
37,0,0.0,1,32246.63,2,579,4,1,0
39,0,129674.89,0,80552.36,2,570,10,1,0
37,0,0.0,0,16733.59,2,709,9,0,0
53,0,83568.26,0,1235.49,1,611,3,1,0
48,0,178144.91,0,50168.41,2,775,4,1,1
36,1,147137.74,1,33687.9,1,699,6,1,0
37,0,0.0,1,178705.45,1,618,5,1,1
36,0,114370.41,1,66810.48,1,704,3,1,0
47,1,108289.28,1,45859.55,2,835,5,0,1
39,1,149887.49,0,63846.36,2,714,3,1,0
43,0,170172.9,1,100236.02,1,581,4,0,0
27,0,0.0,1,19645.65,2,592,3,1,0
43,0,0.0,0,178393.68,2,551,7,1,0
28,1,64808.32,0,78591.15,2,689,2,0,0
56,0,62732.65,1,124954.56,1,604,0,0,0
41,0,0.0,1,3756.65,2,514,7,0,0
29,0,95167.55,1,152723.23,1,698,5,1,0
54,1,152508.99,0,187597.98,1,581,2,0,1
31,1,134644.19,1,70381.49,1,573,0,1,0
33,0,0.0,0,156792.89,2,449,8,0,0
31,1,51293.47,0,35534.68,1,850,3,0,0
41,0,0.0,0,151256.22,3,612,5,1,0
49,0,116622.73,1,51011.29,1,690,8,1,0
49,0,0.0,0,111190.53,2,599,2,0,0
33,0,198113.86,0,69664.35,1,498,1,1,0
29,0,85646.81,0,63233.02,1,497,4,0,1
51,0,0.0,1,40855.79,1,802,7,1,0
33,0,141234.98,0,95673.05,1,644,9,1,0
34,0,0.0,1,80234.14,2,714,10,1,0
40,0,77641.99,0,189051.59,1,690,9,0,1
30,0,0.0,0,145490.85,2,522,3,1,0
40,1,117304.29,0,196278.32,1,502,7,0,0
62,0,0.0,1,162889.1,2,730,2,0,0
36,1,92340.69,1,174667.58,2,590,6,1,0
35,1,146780.52,1,3476.38,2,458,9,1,0
41,0,144974.55,1,19344.92,1,553,6,1,0
47,0,0.0,0,95270.83,1,479,1,1,0
31,0,0.0,1,107759.31,2,693,2,1,0
43,0,0.0,0,118368.2,2,707,10,1,0
37,0,115137.26,0,52484.01,1,636,1,1,0
33,0,101952.97,0,178153.65,2,807,10,1,0
45,0,164649.52,0,49915.52,3,513,0,0,1
31,0,0.0,1,33747.03,2,582,2,1,0
32,0,91956.49,1,59961.81,1,694,0,1,0
39,0,0.0,1,18613.52,2,777,8,1,0
32,1,123938.6,0,198894.42,2,598,9,1,0
46,1,123571.77,1,57014.17,3,762,6,1,1
34,0,120777.88,1,131729.52,1,588,3,0,0
42,1,90248.79,1,79169.73,1,663,5,1,0
36,0,0.0,0,106472.34,1,777,7,1,0
71,0,0.0,1,17013.54,2,592,4,1,0
48,1,106396.48,1,150661.42,1,631,1,1,1
47,1,104887.43,0,86622.56,1,725,1,0,1
34,0,72079.71,1,115767.93,1,850,2,1,0
37,0,0.0,0,141998.89,2,540,6,1,0
36,0,0.0,1,182787.17,2,674,2,1,0
38,0,99844.68,0,187915.7,1,553,3,1,0
28,0,0.0,1,133267.78,2,630,1,0,0
26,0,156815.71,1,137476.09,1,466,3,1,0
47,0,146034.74,1,77146.14,1,613,6,1,0
27,0,152283.39,0,183271.15,1,558,1,1,0
33,1,118897.1,1,26362.4,2,775,1,0,0
52,1,96781.39,1,153373.71,1,698,8,1,0
33,1,102772.67,0,70705.58,2,608,1,1,0
20,0,0.0,0,119759.24,2,670,4,0,0
39,0,0.0,0,42392.24,2,591,8,1,0
40,0,150578.0,1,34670.62,1,633,4,1,1
46,0,0.0,0,82106.19,2,678,1,0,0
47,0,0.0,0,171774.5,2,590,3,1,0
48,0,0.0,0,149772.61,2,705,0,0,0
42,0,163548.07,0,38866.85,1,608,10,1,0
37,0,148580.12,0,35179.18,1,682,8,0,0
32,1,96709.07,0,41788.37,2,596,3,1,0
34,1,106011.59,1,17376.57,1,395,5,0,1
37,1,135650.88,0,199428.19,1,578,1,1,0
55,1,111362.76,0,16922.28,3,547,4,1,1
37,0,39344.83,1,178291.89,1,609,1,1,1
36,1,130809.77,0,152290.28,1,774,9,1,0
27,0,133009.51,0,126809.15,1,712,2,0,0
28,1,135337.49,1,40385.61,2,585,9,0,0
32,0,112536.57,1,34350.54,2,666,10,0,0
35,0,122570.69,0,199005.88,1,708,8,0,0
44,0,63562.02,1,52629.73,2,513,1,1,1
37,0,0.0,1,180012.39,2,445,3,1,0
44,1,100368.63,0,35342.33,2,690,9,1,0
37,0,0.0,0,109291.22,2,850,6,1,0
33,0,136082.0,0,62746.54,1,537,7,0,0
48,1,114169.16,0,173273.2,1,705,9,1,1
45,0,47884.92,1,54340.24,1,670,5,0,0
36,0,0.0,1,19302.78,2,652,1,0,0
24,0,0.0,0,10883.52,1,696,9,1,0
49,0,202904.64,1,17298.72,1,747,6,1,1
46,0,0.0,1,115779.48,1,511,1,0,1
43,0,161807.18,1,93228.86,2,743,2,1,1
52,1,110791.97,0,148704.77,1,532,3,1,1
33,0,0.0,1,150475.14,2,642,9,0,0
54,1,108755.0,0,40914.32,1,554,6,0,1
34,0,0.0,0,38587.7,2,604,3,0,0
72,0,0.0,1,171260.66,2,602,3,0,0
55,0,117294.12,0,94187.47,4,757,9,0,1
26,1,102251.14,1,145900.89,1,491,4,1,0
31,0,0.0,0,152298.28,2,850,4,1,0
22,0,0.0,1,99828.45,2,521,5,1,0
37,0,132057.92,0,34743.98,2,726,2,1,0
33,0,0.0,0,121189.3,1,596,8,1,1
35,1,114285.2,1,129660.59,1,850,7,0,0
41,0,0.0,0,145477.36,2,637,9,0,0
32,0,76087.98,1,151822.66,1,690,2,1,0
40,0,160272.27,0,49656.24,1,689,8,1,0
63,0,114552.6,0,73856.28,1,633,4,1,1
27,0,102000.17,1,116757.0,1,555,8,0,0
24,0,0.0,0,16319.56,2,563,7,1,0
33,0,137853.0,1,90273.85,1,494,1,0,0
27,0,0.0,0,161344.13,2,534,9,1,0
42,1,162318.61,0,121061.89,1,696,7,1,0
50,0,140292.58,0,69531.22,3,535,1,0,1
34,0,0.0,1,3756.23,2,600,0,1,0
34,0,0.0,0,114448.13,1,807,1,0,0
52,0,0.0,1,144045.08,1,714,2,0,1
24,0,126431.54,0,58781.11,1,590,7,1,0
41,0,123475.04,1,179227.52,1,614,3,0,0
45,1,97652.96,0,127332.33,1,766,6,0,0
42,0,0.0,1,86642.38,2,557,4,1,0
49,1,137455.99,0,184178.29,1,788,4,0,1
38,0,0.0,1,9551.49,2,648,2,0,0
33,1,99046.31,1,56053.06,2,726,7,0,0
33,0,0.0,1,1118.31,2,773,9,1,0
27,1,105907.42,1,195732.04,2,583,4,1,0
52,1,97720.35,0,175070.94,2,565,5,1,1
25,0,0.0,1,112331.19,2,705,9,1,0
43,0,97392.18,0,43956.83,2,685,4,1,0
29,0,0.0,1,115994.52,2,741,8,1,0
28,1,152812.58,0,166682.57,1,658,9,0,0
27,0,139301.68,0,99843.98,1,575,3,1,0
41,0,76319.64,1,141175.18,1,844,10,0,1
67,0,125919.35,0,175910.95,1,559,9,1,1
37,0,124348.38,1,176984.34,2,725,6,1,0
29,0,117199.8,1,43480.63,1,450,7,1,0
57,1,148384.64,0,155047.11,1,738,9,0,1
19,1,113905.48,1,176137.2,1,642,3,0,0
32,0,133476.09,1,154843.4,1,618,5,1,0
47,0,117879.32,1,8214.46,1,590,0,1,0
50,0,0.0,1,147075.69,2,735,2,1,0
34,0,122359.5,0,116495.55,1,550,8,1,0
28,0,0.0,1,31165.06,2,729,0,0,1
59,1,108585.35,1,192127.22,1,743,5,1,1
31,0,145875.74,0,137491.23,1,555,8,1,0
36,0,121542.57,1,186841.71,2,667,3,0,0
41,0,109508.68,0,86776.38,1,790,7,0,0
34,1,146407.11,1,72073.72,1,727,2,1,0
39,0,0.0,0,10662.58,1,744,6,0,0
35,1,112330.83,1,91001.02,1,629,8,1,0
35,0,90413.12,1,20555.21,1,619,4,0,0
34,0,105302.66,1,123164.97,1,634,8,1,0
35,0,0.0,1,143463.28,2,608,6,0,0
35,0,0.0,0,92131.54,2,507,1,0,0
35,1,121520.36,0,77178.42,1,536,4,0,0
43,0,103960.38,1,193650.16,1,730,1,0,0
39,1,102945.01,0,52861.89,1,583,8,1,0
24,0,92760.55,0,35896.75,1,644,8,0,0
37,0,0.0,1,149418.41,2,790,8,1,0
40,1,134590.21,1,46253.65,1,807,1,0,0
37,0,104255.03,0,86609.37,1,581,10,0,0
55,0,0.0,0,91943.94,1,627,6,0,1
41,0,0.0,0,128892.36,2,850,3,1,0
35,0,0.0,0,44830.71,2,754,4,0,0
50,1,121399.98,1,84508.44,1,551,1,1,1
35,1,147127.81,1,84760.7,2,637,8,1,0
31,0,125927.51,0,147661.47,2,699,8,1,0
25,0,0.0,1,82393.08,2,542,7,0,0
48,1,111599.32,1,135995.58,1,640,1,1,0
27,0,0.0,0,159800.16,2,553,3,0,0
38,0,0.0,0,14379.01,2,741,9,1,0
35,0,114212.6,1,74322.85,1,598,8,1,0
42,0,0.0,1,189016.24,3,660,5,0,1
41,0,115251.64,0,136435.75,1,618,4,1,0
43,0,0.0,1,78488.39,2,647,9,1,0
68,0,107571.61,1,113695.99,1,491,3,0,0
32,0,0.0,0,54628.11,2,652,2,0,0
45,1,152367.21,0,150835.21,3,650,9,0,1
39,1,130969.77,1,158891.79,2,413,1,1,0
25,1,97738.97,1,160523.33,2,416,0,0,0
34,0,0.0,1,180595.02,2,629,8,1,0
40,0,113794.22,0,16618.76,1,678,4,0,0
28,0,128396.33,0,79919.97,2,527,6,1,0
48,0,118207.69,0,186489.14,2,743,5,0,1
73,1,124730.26,1,51999.5,1,683,9,1,0
41,0,0.0,0,121299.14,1,536,9,0,0
52,0,136298.65,0,144593.3,1,663,0,1,1
38,0,0.0,0,178752.73,2,646,2,0,0
35,0,0.0,1,94148.3,3,707,2,1,0
34,0,0.0,1,77414.45,2,602,5,1,0
47,0,125724.95,0,63236.97,2,635,2,0,0
67,0,0.0,1,108645.85,2,597,2,1,0
38,0,0.0,1,95153.24,2,503,1,1,0
64,0,0.0,0,136079.64,1,524,5,0,1
46,0,95872.86,0,98273.01,1,700,5,1,1
33,0,0.0,0,113505.93,1,692,9,1,1
37,0,0.0,1,52525.15,1,562,2,1,1
37,0,74260.03,0,194617.98,1,679,7,1,0
35,1,123407.69,0,152541.89,1,603,1,1,1
33,0,123783.91,1,142903.44,2,720,3,1,0
24,0,0.0,0,182257.61,2,797,5,1,0
36,0,153880.15,0,135431.72,1,594,6,1,0
31,0,0.0,1,175697.87,2,529,7,0,0
32,1,106301.85,1,59061.25,2,606,1,0,0
40,0,0.0,1,131283.6,2,621,7,0,1
43,0,0.0,0,152499.8,2,513,9,0,0
44,1,138076.47,0,15523.09,1,753,3,1,1
30,0,135422.31,1,186418.85,1,605,9,0,0
37,0,0.0,0,32262.28,2,574,7,0,0
38,0,126875.62,0,128052.29,1,726,5,0,0
28,0,96381.68,0,181419.29,2,611,3,0,0
41,1,119703.1,1,109783.29,2,593,4,0,0
41,1,152102.18,0,181879.56,2,466,2,1,0
36,1,127675.39,0,74260.16,2,741,0,0,0
44,1,133776.86,1,49865.04,2,684,2,0,0
33,0,72788.03,1,103608.06,1,550,9,0,0
26,0,76226.9,0,167564.82,1,593,9,1,0
48,1,163630.76,1,41816.49,1,601,9,1,1
30,0,0.0,0,179066.58,2,676,5,0,0
46,0,0.0,0,109184.24,2,556,10,0,0
36,0,155423.17,1,199841.32,1,719,3,1,0
55,1,98710.89,1,83617.17,1,850,0,1,1
49,0,0.0,0,84863.85,1,649,2,0,1
41,0,126683.8,1,114775.53,1,509,7,1,0
33,0,140700.61,0,103557.93,1,684,4,1,0
30,1,168078.83,0,85028.36,1,806,8,1,1
44,0,107726.93,0,153064.87,2,729,4,1,0
33,0,0.0,1,38784.42,2,683,9,0,0
63,0,0.0,1,186526.12,2,689,1,0,0
21,1,35741.69,0,28789.94,1,672,1,0,0
53,1,98268.84,1,45038.29,1,602,5,0,1
20,0,133800.98,1,150245.81,1,739,4,0,0
21,0,125682.79,0,57762.0,1,618,2,0,0
42,0,0.0,0,4292.72,2,674,9,0,0
26,0,130428.78,0,173365.89,1,762,6,1,0
37,0,0.0,1,119484.01,2,790,6,1,0
27,0,0.0,0,121821.16,2,754,8,0,0
44,0,0.0,0,151733.43,2,729,6,1,0
47,1,137138.2,1,53784.22,2,606,0,0,0
23,0,73112.95,1,62733.05,1,616,8,1,0
47,0,152347.01,1,17671.78,1,772,9,1,0
41,0,115144.68,0,188905.43,1,652,8,1,0
43,0,0.0,0,113079.19,2,743,5,1,1
39,0,137817.52,0,83997.79,1,793,3,1,0
45,0,157332.26,0,125424.42,1,743,7,1,0
37,0,0.0,0,143194.05,2,746,2,1,0
39,1,124586.93,0,93132.61,1,627,5,0,1
38,0,116980.78,1,76038.38,2,713,6,1,0
40,0,128398.38,0,168658.3,1,678,3,0,0
39,0,0.0,1,108419.41,1,540,1,1,0
33,1,137657.25,1,171657.57,2,615,3,0,0
53,0,167259.44,1,22357.25,1,415,5,1,0
45,0,0.0,0,193903.06,2,628,8,0,0
26,0,119009.57,0,141926.43,1,700,4,1,0
33,1,80002.33,1,104079.62,1,623,2,1,0
37,0,140211.88,1,93832.33,1,623,4,0,0
44,0,118742.74,0,1568.91,2,679,3,0,0
37,0,138207.08,0,60778.11,1,632,1,1,1
47,0,148636.21,1,16119.96,1,790,10,0,1
45,0,178827.79,0,60375.18,1,514,1,1,0
33,0,83134.3,0,187946.55,1,491,5,1,0
92,0,121513.31,1,195563.99,1,753,3,1,0
37,1,95900.04,1,38196.24,1,693,6,0,0
30,0,112543.42,1,179435.21,1,679,1,0,0
34,0,0.0,1,93208.22,1,529,9,1,0
31,0,141751.82,1,61531.86,1,619,3,0,0
37,0,124140.57,0,92826.35,2,680,6,0,0
45,1,116546.59,0,23140.28,2,693,2,1,1
28,0,0.0,0,74287.53,1,834,6,0,0
29,0,157576.47,1,101102.39,2,636,6,0,0
43,0,0.0,0,126933.73,2,538,5,1,0
44,1,141428.99,0,68408.74,2,566,5,0,0
35,0,127510.99,1,155356.34,1,597,0,1,0
29,0,0.0,1,3234.8,2,711,9,0,0
31,0,0.0,0,195209.4,2,606,10,1,0
51,0,81818.49,1,169149.38,1,615,6,1,0
36,0,100895.54,1,68075.14,1,589,1,1,0
45,1,63832.43,1,93707.8,1,606,5,1,0
29,0,0.0,0,156153.27,2,582,4,1,0
36,0,116085.06,0,58601.61,1,710,4,0,0
57,0,0.0,1,114448.77,2,467,1,1,0
30,0,0.0,1,126551.65,2,749,1,1,0
33,1,115761.51,1,112350.21,1,564,2,0,1
26,0,0.0,1,185808.7,2,730,6,1,0
32,1,139626.01,1,118235.52,1,678,4,1,1
31,0,0.0,1,183051.6,1,540,7,0,1
35,0,115576.44,1,27922.45,1,767,6,0,0
23,0,0.0,0,196476.19,2,615,4,0,0
41,1,77647.6,0,190429.52,1,583,5,0,0
40,0,0.0,0,35034.15,2,850,5,0,0
34,1,148962.46,0,66389.43,1,651,10,0,1
22,0,0.0,0,107615.43,2,798,8,1,0
37,0,0.0,1,99692.65,2,695,2,1,0
41,1,80542.81,0,88729.22,1,497,5,1,1
40,0,0.0,0,173321.65,2,739,4,1,0
34,0,0.0,0,139463.57,2,549,4,0,0
35,0,102050.47,1,3769.71,1,850,9,1,0
49,0,0.0,0,149946.43,1,648,5,1,1
24,0,114948.76,1,135768.25,2,679,6,0,0
39,1,136000.45,0,31708.53,2,606,8,1,0
32,0,156001.68,1,151677.31,2,850,4,1,0
41,1,147974.16,0,170518.83,2,619,3,1,0
44,0,0.0,0,196582.19,2,719,2,1,0
26,1,90402.77,1,3298.65,1,640,5,1,0
40,0,0.0,0,162878.96,2,710,5,1,0
31,0,0.0,1,64014.24,2,580,2,1,0
44,0,0.0,0,26257.01,2,550,9,1,0
31,0,162701.65,1,126794.56,2,841,3,0,0
34,0,0.0,0,164162.44,2,760,2,1,0
30,0,0.0,0,179206.92,2,687,6,0,0
35,1,82453.96,0,18254.75,2,753,5,0,0
35,0,100107.99,0,83949.68,1,661,9,1,0
28,0,0.0,1,22684.78,2,699,7,1,0
39,1,83348.89,0,7953.62,3,617,5,0,1
44,1,96553.52,0,143952.24,2,595,4,0,1
50,0,201009.64,0,158032.5,1,669,9,1,1
27,0,125167.74,0,199104.52,1,613,5,0,0
32,0,0.0,1,87566.97,1,782,9,1,0
43,0,153313.67,0,170563.73,1,582,5,0,0
30,0,0.0,0,157871.55,2,679,9,1,0
40,0,125879.29,0,93203.43,1,611,2,0,0
37,1,170057.62,1,54398.56,1,455,6,0,0
32,0,0.0,1,168779.47,2,621,1,1,0
48,1,131326.47,0,1140.02,1,596,2,1,1
56,0,128472.8,0,186476.91,1,585,1,0,1
32,0,160485.16,0,29023.03,1,742,6,1,0
42,1,84445.68,1,60021.34,3,850,6,1,1
40,1,115409.18,0,180456.8,2,738,1,0,0
46,0,62400.48,1,132498.39,1,619,8,1,1
50,0,143054.56,1,109608.81,1,628,4,0,1
24,0,133628.09,1,98570.01,2,487,7,1,0
41,0,107135.04,1,160546.58,2,513,9,0,0
26,0,0.0,0,6139.74,2,563,7,1,0
65,0,151659.52,1,6930.17,2,803,2,0,0
32,0,0.0,1,10674.62,3,607,7,0,0
51,1,155903.82,1,71159.84,2,628,9,0,0
49,0,82940.25,0,62413.01,2,521,4,0,1
50,1,112650.89,0,166386.22,1,669,4,0,1
41,0,0.0,0,133086.45,1,686,10,0,0
35,1,95853.39,0,192933.37,2,700,4,1,0
42,0,82228.67,0,71359.78,2,663,1,0,0
31,0,0.0,1,79270.02,2,671,4,0,0
35,1,163700.78,1,29583.48,3,651,1,0,1
34,0,106328.08,0,88680.65,1,728,4,1,0
34,0,152992.91,1,134691.2,1,574,7,0,0
38,0,116439.65,0,75574.48,1,464,3,1,0
27,0,101352.78,0,30252.3,1,604,9,1,0
37,0,0.0,0,111324.41,2,836,10,0,0
75,1,105609.17,1,105425.18,1,511,9,0,0
45,0,0.0,1,36193.07,2,518,8,0,0
67,0,0.0,1,93081.87,3,756,4,1,0
47,0,103894.38,1,107625.46,2,489,8,0,0
27,0,139834.93,1,152733.89,1,622,9,1,0
36,0,112518.71,1,110421.31,2,652,6,0,0
37,0,115895.42,0,48486.25,1,625,7,0,0
39,0,146408.68,0,72993.67,1,521,3,0,0
34,0,165363.31,1,25744.13,2,546,4,1,1
45,0,0.0,0,46807.62,2,697,1,0,1
33,1,71843.15,0,26772.04,1,571,3,1,0
35,0,105492.53,1,150057.2,1,748,5,1,0
35,0,183027.25,1,56028.79,1,591,7,1,0
29,1,131968.57,1,147693.92,2,814,1,1,0
45,0,104118.5,1,174032.0,1,709,3,0,0
27,0,0.0,1,153698.65,2,433,2,1,0
20,0,125023.1,1,108301.45,2,781,0,1,0
30,0,74323.2,1,22929.08,1,656,4,0,0
38,0,109346.13,0,102665.92,2,683,7,1,0
32,0,0.0,0,56139.09,2,620,6,1,0
39,1,109698.41,1,88391.29,1,637,3,0,1
30,0,0.0,1,149195.44,2,525,5,0,0
34,1,127758.09,0,143357.03,1,793,5,0,0
50,1,102645.48,0,168359.98,1,638,1,1,1
31,0,93249.4,0,77335.75,1,520,4,1,0
35,0,0.0,0,93148.93,2,641,5,1,0
51,1,87779.83,1,36687.11,1,840,1,0,1
40,0,0.0,0,146703.36,2,504,5,1,0
38,0,138131.34,1,115927.85,1,686,0,1,0
38,1,70362.52,1,104189.46,2,533,4,1,0
32,0,0.0,0,9902.39,2,577,1,0,0
48,1,168286.58,0,16645.77,1,445,7,0,1
44,0,86102.27,0,180134.88,1,720,3,1,1
25,1,115142.9,1,148098.95,1,643,4,1,0
47,1,126597.89,1,38798.79,2,652,0,0,1
33,0,0.0,0,153295.0,2,663,2,0,0
30,1,157989.21,1,100687.67,2,525,0,0,0
54,0,187997.15,0,111442.71,1,662,1,0,1
54,1,172192.49,1,136902.01,1,724,8,1,0
38,1,133105.47,0,105732.9,1,581,1,1,1
38,0,0.0,1,35884.91,2,685,4,1,0
46,0,0.0,0,73489.15,1,595,10,1,1
21,0,0.0,1,110114.19,2,588,8,0,0
35,1,192407.97,1,40145.28,1,647,3,1,0
38,1,107199.75,0,146398.51,1,785,9,0,0
55,1,115796.7,0,160526.36,1,794,6,0,1
37,0,164858.18,1,173516.71,1,823,5,1,0
38,1,117633.28,1,88396.6,1,687,4,1,0
28,0,0.0,0,185821.41,2,850,9,0,0
36,0,0.0,0,108098.28,2,496,7,0,0
30,1,126663.51,1,162267.91,1,527,6,0,0
71,1,140273.47,1,193135.25,1,576,6,0,1
60,0,0.0,1,168034.9,2,525,7,0,0
21,1,153344.72,1,163295.87,1,727,8,1,0
23,1,123943.18,1,159553.27,1,671,9,0,0
39,0,0.0,0,99800.87,1,625,5,1,0
33,1,98630.31,1,40250.82,2,643,7,1,0
33,0,58036.33,1,83335.78,1,707,2,0,0
28,0,0.0,0,48382.4,2,539,5,1,0
45,1,109200.74,1,165990.44,2,498,7,1,0
30,0,0.0,1,9002.8,2,696,0,0,0
33,0,0.0,0,188156.34,1,758,7,0,0
33,0,0.0,1,186785.01,2,685,6,0,0
30,1,83173.98,1,184259.6,2,655,1,0,0
40,0,0.0,0,57817.84,1,747,3,0,1
24,0,0.0,0,144660.42,2,601,7,1,0
22,0,82559.42,0,163112.9,2,477,5,1,1
32,0,73494.21,0,136301.1,1,558,5,1,0
29,0,132450.24,1,36176.63,1,586,2,1,0
49,0,128663.9,0,65769.3,1,850,6,1,1
36,0,79951.9,1,174123.16,1,505,2,0,1
51,1,132508.3,1,161304.68,1,591,8,0,1
38,1,120530.13,0,109394.62,2,761,1,0,0
35,0,74988.59,1,190155.13,2,554,10,0,0
47,0,94722.88,1,61450.96,1,774,6,0,0
33,0,0.0,0,8673.43,2,771,5,0,0
31,0,71269.89,1,125912.77,2,792,6,1,0
41,1,98612.1,0,151349.35,1,673,9,0,0
40,0,138033.55,1,67972.45,1,765,6,1,0
41,0,91621.69,1,71139.31,1,748,2,0,0
54,0,140014.42,1,86350.97,1,422,3,1,0
27,0,126815.97,1,118648.12,2,568,5,1,0
64,0,139663.37,1,100995.11,1,502,3,0,0
28,0,0.0,1,147100.72,2,524,7,0,0
34,0,165312.27,0,155495.63,1,689,1,1,0
26,0,0.0,0,196875.87,2,661,8,1,0
33,0,0.0,1,63176.77,2,606,8,1,0
54,1,123699.28,1,105221.76,2,678,1,0,0
29,1,97325.15,1,131924.38,1,636,3,0,0
32,0,97041.16,1,23132.73,1,647,5,1,0
36,0,0.0,0,161428.25,2,732,5,1,0
50,0,104129.24,0,181794.86,2,646,0,1,1
43,0,0.0,1,86634.3,1,559,1,0,0
28,0,104367.5,1,29937.75,1,581,3,1,0
46,0,135369.71,1,140130.22,1,565,7,1,0
41,0,112119.48,0,17536.82,1,657,6,0,0
66,0,123760.68,1,53157.16,1,847,7,1,0
41,0,0.0,1,143585.29,1,558,6,0,1
57,0,0.0,1,72402.0,2,596,6,1,0
39,0,0.0,1,39891.84,2,579,5,1,0
36,0,0.0,1,89804.83,2,741,3,0,0
44,0,0.0,1,136491.72,2,613,3,1,0
31,0,0.0,0,35593.18,1,694,5,1,0
42,0,0.0,0,58268.2,2,729,7,0,1
42,0,152160.21,0,101778.9,2,480,1,0,0
59,0,0.0,1,185123.09,2,666,5,0,0
24,0,0.0,1,119927.81,2,575,2,1,0
36,0,0.0,0,195033.07,2,850,3,1,0
36,0,172381.8,1,86480.29,1,740,4,1,0
41,1,106116.56,0,198766.61,2,588,6,1,0
36,0,141952.07,1,185144.08,1,681,5,1,0
33,0,0.0,1,3729.89,2,611,7,0,0
37,0,138497.84,1,18988.58,1,589,6,0,0
34,0,0.0,0,119313.74,2,717,1,0,0
33,1,124213.36,0,62627.55,2,556,3,1,0
37,0,126872.6,0,197266.58,1,850,4,1,0
42,0,0.0,0,199992.48,2,685,2,0,0
37,0,0.0,1,16403.41,1,713,8,0,0
26,0,120923.52,1,78854.57,1,437,1,0,0
47,0,142643.54,0,189310.27,1,605,7,1,0
41,1,79857.64,1,78088.17,1,758,10,1,0
46,0,95502.21,0,19842.18,1,600,10,1,0
38,0,0.0,0,103305.01,2,827,5,1,0
23,1,197715.93,1,116124.28,2,608,8,1,0
30,0,85859.76,0,142730.27,1,608,8,0,0
44,0,85304.27,1,58076.52,1,554,7,1,0
35,1,132371.3,0,186123.57,2,683,1,0,0
33,0,0.0,0,29664.45,1,660,4,1,0
31,0,0.0,0,147963.07,1,628,5,0,1
39,1,79896.0,0,38466.39,1,668,4,1,0
29,0,0.0,1,143301.49,2,776,5,0,0
36,0,0.0,0,31422.69,2,820,4,1,0
36,0,0.0,1,121505.61,2,665,1,1,0
31,1,146587.3,1,89874.82,1,850,4,1,0
42,0,0.0,1,72500.68,2,703,7,0,0
32,0,0.0,1,182692.8,2,506,8,1,0
32,0,109109.33,1,4993.94,1,588,3,1,0
26,0,0.0,1,124964.82,2,622,8,0,0
34,0,0.0,0,161971.42,1,606,5,1,0
56,0,142147.32,0,39488.04,1,517,9,1,1
43,0,0.0,1,55313.44,2,758,10,0,0
49,0,0.0,1,187811.71,2,677,3,0,0
35,0,0.0,1,184514.01,2,827,0,0,0
36,0,109106.8,0,121311.12,1,729,8,0,0
36,0,112262.84,0,12873.39,1,654,2,1,0
36,0,0.0,0,157238.05,2,654,5,0,0
52,0,0.0,1,123242.11,2,619,8,1,0
26,0,144238.7,1,184399.76,1,642,8,1,0
32,0,159397.75,1,57323.18,1,472,1,0,0
30,0,125385.01,0,68293.93,1,470,4,1,0
60,0,69365.25,1,10288.24,1,633,8,0,0
31,0,155271.83,1,179446.31,1,602,7,1,0
29,0,197200.04,0,141453.62,2,640,5,1,0
48,0,144837.79,1,93151.77,1,454,5,0,0
57,0,0.0,0,6554.97,3,562,3,0,1
34,0,0.0,0,38570.13,2,636,8,1,0
50,0,163085.79,1,131048.36,1,621,3,1,0
38,1,125903.22,1,127068.92,2,795,7,1,0
22,0,154377.3,1,51721.52,1,550,6,1,0
41,0,107511.52,1,46156.87,1,630,7,1,0
30,1,127406.5,0,192950.6,1,573,8,1,0
24,0,143656.55,1,180932.46,1,561,8,1,0
39,0,138106.75,0,19596.73,1,662,5,0,0
27,0,128940.24,0,46786.92,1,637,9,1,0
37,1,114453.58,1,175820.91,1,651,9,1,0
33,0,0.0,0,198208.0,2,646,2,0,0
48,0,0.0,0,55362.45,1,567,3,0,0
41,0,131762.94,1,47675.29,1,638,1,1,0
31,0,0.0,0,61326.43,1,725,6,0,0
41,0,150300.65,0,71672.86,2,709,3,0,0
39,0,108935.39,1,101168.3,1,787,10,1,0
37,0,135847.47,0,144880.81,1,653,7,1,0
37,1,109908.06,0,115037.67,2,661,7,1,1
49,1,142946.18,0,187280.51,1,681,8,1,1
45,1,104339.11,1,183540.22,2,436,3,1,1
33,0,157274.36,1,28531.81,2,663,5,1,0
64,0,98848.19,1,42730.12,1,662,0,1,0
39,1,105103.33,0,104721.5,1,607,8,0,1
34,0,0.0,1,65219.85,2,754,7,1,0
66,1,127120.62,1,118929.64,1,850,0,0,1
39,0,0.0,0,70563.9,2,578,2,1,0
36,1,129118.5,0,139435.12,2,666,3,0,0
43,0,0.0,0,170347.1,1,599,4,0,0
46,0,0.0,1,131553.82,3,586,0,0,1
36,0,146053.66,1,138344.7,1,825,3,0,0
67,0,124577.15,1,169894.4,1,808,10,0,0
29,0,151012.55,0,9770.97,2,515,4,1,0
58,0,216109.88,1,74176.71,1,663,5,0,1
34,0,144318.97,0,112668.06,1,444,2,1,0
39,0,0.0,0,186275.7,2,650,4,0,0
26,0,0.0,0,98463.99,2,609,7,1,0
77,1,27517.15,1,2746.41,2,824,3,1,0
29,0,147092.65,0,10928.3,1,662,5,1,0
51,1,92246.14,1,91346.03,2,699,2,0,0
41,0,0.0,0,139844.04,2,752,8,0,1
40,1,148897.02,0,105052.9,1,603,8,0,0
50,0,0.0,0,144366.83,1,628,8,1,1
36,0,0.0,0,19605.18,1,745,9,0,1
33,1,138335.96,1,80483.76,1,804,10,0,0
50,1,92895.56,0,154344.0,1,454,10,0,1
46,0,160736.63,1,93503.02,1,631,9,1,0
32,0,0.0,1,153036.97,2,503,4,1,0
37,0,0.0,0,98029.58,2,548,9,0,0
28,0,107141.27,0,193018.71,1,668,4,1,0
55,0,0.0,0,60810.64,3,619,0,0,1
37,0,132446.08,0,87071.18,2,842,4,0,1
57,0,92053.0,1,164064.44,1,707,1,0,1
38,0,96798.79,1,4554.67,2,715,2,1,0
35,1,134498.54,1,119924.8,2,573,9,1,0
55,0,132387.91,1,170360.11,2,509,8,1,0
40,1,147171.2,1,69850.04,1,670,2,0,0
44,0,100524.69,1,47298.95,1,613,9,1,0
26,0,0.0,0,45443.68,2,678,1,0,0
51,1,138214.5,0,198715.27,1,555,9,0,1
30,0,0.0,1,115611.97,2,777,4,0,0
55,0,0.0,1,40333.94,1,552,3,1,0
39,0,0.0,1,105997.25,1,640,3,1,0
34,0,128743.55,0,134851.12,1,541,3,1,0
31,0,122647.32,0,61666.87,1,756,10,1,0
24,0,79263.9,1,196574.48,1,684,9,0,0
42,0,0.0,0,111097.39,4,618,2,0,1
53,0,121389.78,1,48201.64,1,604,2,0,1
38,0,123906.55,0,135096.78,1,624,7,1,0
38,0,143006.7,1,15650.89,1,661,7,1,0
28,0,157597.61,1,34097.22,1,627,3,0,0
38,0,127117.8,1,174822.74,2,812,3,1,0
39,0,117103.26,1,85937.52,2,473,9,0,1
36,0,102989.83,1,49185.57,2,717,2,1,0
28,0,145118.83,1,77742.38,1,693,1,1,0
92,0,126076.24,1,34436.83,2,705,1,1,0
41,0,0.0,1,88279.6,1,661,5,1,0
27,0,0.0,1,157549.6,2,573,4,0,0
37,0,98186.7,1,173386.95,1,639,5,1,0
67,0,0.0,1,82782.08,3,718,7,0,0
37,0,0.0,1,187758.5,1,570,6,1,0
40,0,0.0,0,176547.8,2,461,7,0,0
33,1,129335.65,1,56585.2,1,638,5,0,1
48,0,75801.74,0,125762.95,1,608,7,1,0
42,0,0.0,0,113868.4,2,599,6,1,0
44,0,159316.64,0,24780.13,1,762,7,0,0
38,0,96479.81,0,120259.41,1,662,2,0,0
29,1,117726.33,1,175398.34,1,747,7,1,0
39,0,0.0,1,86767.48,2,539,6,1,0
43,0,122351.29,0,71216.6,1,625,4,1,0
48,0,0.0,1,85240.61,2,656,9,0,1
48,0,0.0,0,160529.71,1,469,5,0,1
43,0,0.0,0,102806.6,1,621,8,0,0
27,0,0.0,0,144134.64,2,754,7,0,0
50,1,132598.38,1,184017.98,2,679,6,0,0
38,0,119272.29,0,195896.59,1,535,2,1,1
37,0,0.0,1,126722.57,2,487,2,1,0
42,0,0.0,1,176883.42,2,850,3,0,0
55,0,106415.57,1,122960.98,3,585,10,1,1
31,0,0.0,1,9607.1,2,603,4,1,0
32,1,127772.1,1,152643.48,2,728,9,0,0
41,0,104631.67,1,95551.22,1,621,5,1,0
30,0,0.0,0,141860.62,2,833,1,1,0
37,0,0.0,1,76642.68,1,502,10,1,0
37,1,118050.79,1,52301.15,1,825,6,1,0
46,0,0.0,0,29388.02,2,668,0,1,0
40,0,136093.74,1,193408.43,1,487,6,0,0
39,1,88477.36,0,58632.37,2,600,7,0,0
34,0,161572.24,1,191076.22,1,606,3,1,0
50,1,126608.37,1,645.61,1,623,7,1,1
54,0,68332.96,1,144390.75,1,575,9,0,0
48,0,179852.26,0,193580.32,1,577,6,1,0
25,0,0.0,1,126761.2,2,651,8,0,0
46,1,104763.41,1,62368.33,1,693,2,1,0
60,0,88541.57,1,131718.12,2,800,6,1,0
38,0,162888.73,0,91098.76,1,760,6,1,1
35,0,0.0,1,67508.01,1,711,8,0,0
43,0,0.0,0,12156.93,1,637,8,1,1
32,0,0.0,0,65089.38,2,662,9,1,0
44,0,0.0,0,62370.67,2,568,7,0,1
30,0,0.0,1,18826.34,2,692,7,0,0
35,0,0.0,1,3342.62,2,614,1,0,0
35,0,92474.05,0,178626.07,1,478,1,1,0
36,0,0.0,0,32845.32,2,562,6,1,0
30,1,115479.48,1,134732.99,2,709,9,1,0
26,0,87098.91,0,106095.82,1,684,5,0,0
42,1,86351.85,0,57380.13,2,546,9,0,0
42,0,0.0,0,25951.91,2,779,5,0,0
63,1,148843.56,0,69414.13,1,576,3,1,1
44,1,163714.52,0,96123.72,1,481,3,1,0
25,0,0.0,0,119425.94,2,445,6,1,0
36,0,94153.56,1,120138.27,1,606,0,1,0
50,0,162702.35,0,150548.5,1,559,5,1,1
56,0,129255.2,0,142492.04,2,608,10,0,1
41,0,90605.29,1,14357.0,1,698,3,1,0
39,0,0.0,1,129569.92,2,568,5,1,0
29,0,102787.42,0,55972.56,1,528,3,1,0
39,0,120145.96,1,59497.01,2,802,7,0,1
47,1,63723.78,1,181928.25,2,669,0,1,0
24,0,159203.71,1,102517.83,1,581,10,0,1
38,0,0.0,0,88827.67,2,640,9,1,0
44,0,0.0,0,14161.3,2,529,1,0,0
51,0,0.0,1,56908.41,2,547,1,0,0
49,0,0.0,0,184474.72,1,718,10,0,1
34,1,162691.16,0,94912.78,2,707,9,1,0
43,0,127806.91,1,73069.59,1,735,9,1,0
43,0,157960.49,0,136602.8,2,765,9,1,0
52,1,139493.25,0,150093.32,3,469,8,0,1
21,1,87096.82,0,168186.11,2,594,2,0,0
34,0,84944.58,0,146230.63,1,675,10,0,0
50,0,160139.59,1,79314.1,2,703,8,1,0
33,0,0.0,1,77965.67,2,810,6,1,0
42,0,0.0,1,128745.69,2,715,6,1,0
40,0,0.0,0,194767.3,2,664,9,1,0
29,0,0.0,1,10672.54,2,850,6,1,0
36,1,94615.11,1,10627.21,2,724,6,1,0
30,0,90727.79,0,122268.75,1,563,7,1,0
26,1,119545.48,0,65482.94,2,714,3,1,0
36,0,118311.76,0,146134.68,1,614,1,1,0
33,0,129574.98,1,123300.38,1,740,1,1,0
33,0,148163.57,0,122925.4,1,587,8,1,0
24,1,117154.9,1,127744.02,1,465,5,1,0
40,0,154251.67,1,118319.5,1,689,5,0,0
30,0,0.0,1,17104.0,2,656,3,1,0
33,0,65667.79,0,164608.98,2,579,1,0,0
44,0,0.0,1,152108.47,1,716,1,0,0
42,0,50194.59,1,23399.58,1,551,1,1,0
39,1,96748.89,0,94711.43,2,527,9,0,0
37,0,0.0,0,7312.25,3,600,4,0,1
43,0,132667.17,1,41876.98,1,685,1,0,0
36,0,0.0,1,96881.32,2,738,5,1,0
41,0,127087.06,0,102402.91,1,622,2,1,1
34,0,125566.9,1,176763.27,1,528,1,1,0
52,1,106074.89,1,23548.45,1,546,1,0,1
46,1,137367.94,1,33450.11,1,576,4,1,0
38,0,157658.36,0,19658.43,1,733,3,0,0
45,1,114422.85,1,104678.78,2,727,6,1,1
41,0,103154.66,0,143203.78,1,605,5,1,0
33,0,0.0,0,6975.02,1,586,9,1,0
24,0,149592.14,1,153771.8,1,564,6,0,0
48,1,133903.12,1,85902.39,2,593,3,0,1
26,1,84587.9,1,188037.76,1,736,0,0,0
32,0,197436.82,1,52710.7,1,675,8,1,0
32,0,104254.27,1,17034.37,1,656,1,0,0
39,0,140133.08,0,131304.45,2,462,4,1,0
30,0,0.0,1,172576.43,3,685,2,0,1
36,1,136980.23,1,99019.65,2,850,0,0,0
48,1,120568.41,0,190160.04,1,636,3,0,1
27,0,43658.33,1,3025.49,2,850,7,0,0
37,0,0.0,1,34689.77,2,628,9,0,0
28,0,0.0,0,2305.27,2,798,3,1,0
57,0,72092.95,1,113228.82,4,610,7,0,1
42,0,0.0,0,171099.22,2,591,10,0,0
37,0,0.0,1,62023.1,2,614,9,0,0
35,0,181821.96,1,36923.67,2,651,0,1,1
25,0,90920.75,1,112256.57,1,665,7,1,0
23,0,0.0,0,198830.98,1,570,2,1,0
29,0,0.0,1,197963.46,2,631,3,1,0
32,0,0.0,0,31635.99,2,586,1,1,0
30,0,0.0,0,49594.02,1,691,9,1,0
35,0,0.0,0,170483.9,2,639,8,1,0
27,0,94920.71,1,40339.9,1,698,1,0,0
45,1,113939.36,0,3218.71,2,733,2,1,0
19,0,0.0,1,68569.89,1,850,8,1,0
31,0,0.0,0,29176.04,2,618,4,0,0
25,0,110666.42,0,46758.42,2,473,6,0,0
39,0,0.0,0,171060.01,3,490,1,1,1
48,1,141819.02,0,93550.53,1,754,7,0,1
56,0,156974.26,0,89405.26,1,649,8,0,1
50,0,151215.34,0,169804.4,2,578,5,1,0
26,0,116318.23,1,83253.05,1,690,8,1,0
49,1,113882.33,0,195813.81,1,610,6,1,1
42,0,0.0,1,121568.37,2,596,7,1,0
48,0,127253.98,1,92144.09,1,492,6,0,1
41,0,100062.39,0,126307.25,1,575,2,1,0
66,0,0.0,0,130784.2,1,569,2,1,1
41,0,126605.14,1,166694.93,1,674,4,0,0
31,0,106942.08,1,44001.11,1,507,0,0,0
44,0,0.0,0,185992.36,2,457,7,1,0
41,1,88594.93,0,178997.89,1,584,3,0,0
29,1,123737.04,0,141558.04,2,744,6,1,0
35,0,110752.15,1,47921.22,2,687,1,0,0
46,0,0.0,1,104902.68,2,688,3,0,0
34,0,0.0,0,68479.6,1,519,5,1,0
38,0,0.0,1,1271.51,2,733,5,0,0
43,0,0.0,0,29346.1,2,666,5,1,0
40,0,0.0,1,184118.73,1,511,1,0,0
54,1,125889.3,0,96013.5,3,705,3,0,1
48,0,78314.63,1,103713.93,3,544,10,1,1
36,0,206329.65,1,46632.87,1,564,7,0,1
40,0,145536.9,1,135334.24,1,702,7,1,0
31,1,77082.65,0,13482.28,2,658,2,1,0
24,0,145081.73,1,130075.07,1,654,8,0,0
41,1,115897.73,0,143544.48,1,649,4,0,0
24,0,108058.07,1,187826.11,2,597,0,1,0
33,0,191523.09,1,167058.75,1,782,7,1,0
38,0,0.0,1,79928.41,2,644,3,1,0
39,0,91187.9,1,6075.36,1,679,7,0,0
60,0,0.0,1,43821.56,2,678,2,0,0
34,0,113958.55,1,32125.98,1,806,5,1,0
43,0,147167.25,0,141679.73,1,668,1,1,0
29,1,82916.48,1,84133.48,1,659,9,1,0
34,0,0.0,0,9692.58,2,660,1,1,0
37,0,0.0,0,20708.6,1,601,5,0,0
48,0,57098.96,0,85644.06,1,781,0,0,1
39,1,115341.19,1,107674.3,1,628,1,1,1
30,0,165257.2,0,134822.05,1,751,3,1,0
37,0,0.0,0,4606.97,1,531,1,0,0
42,0,0.0,1,51362.82,2,647,9,0,0
46,0,68799.72,1,39704.14,1,708,7,1,0
39,0,116120.19,1,195638.13,2,550,2,1,0
33,0,0.0,1,86413.11,2,670,1,1,0
31,0,84102.11,1,116385.24,2,592,2,0,0
50,0,0.0,1,182076.97,2,589,4,0,0
33,0,0.0,1,67879.8,1,725,4,0,0
43,0,0.0,1,11417.26,2,570,9,0,0
46,0,0.0,1,65998.26,2,575,1,1,0
25,1,104013.79,0,114774.35,1,501,6,1,0
42,1,120822.86,0,126153.24,2,431,8,1,0
40,0,128389.12,1,176091.31,1,719,4,1,0
36,1,102800.72,1,87352.43,1,850,7,1,0
31,1,135470.9,0,107074.81,1,554,6,0,0
36,0,90145.04,1,69157.93,1,418,7,1,0
31,0,0.0,1,149970.59,1,715,7,1,0
33,0,161801.47,1,153288.97,1,750,3,0,1
37,1,99660.13,1,147700.78,2,766,2,1,0
38,0,123081.84,1,188657.97,2,652,6,0,0
42,0,102870.93,1,103764.55,1,658,8,1,1
37,0,151105.68,1,140934.57,1,659,1,0,0
35,1,163856.76,1,15118.2,1,574,5,1,0
38,0,0.0,1,63202.0,1,611,7,1,0
35,0,127290.61,0,16081.62,1,738,8,1,0
49,0,180614.04,0,523.0,1,571,4,1,0
44,0,55053.62,0,181757.19,1,686,7,0,0
33,0,96110.22,0,1173.23,1,679,4,1,0
46,0,106521.49,1,86587.37,1,617,3,0,0
39,0,82255.51,0,109545.56,2,673,7,1,0
33,0,0.0,1,174431.01,2,745,1,0,0
26,1,102395.79,0,119368.99,1,677,3,0,0
39,0,118201.41,0,23315.59,1,613,8,1,0
55,0,44582.07,1,67539.85,3,576,6,0,1
30,0,0.0,1,185201.58,2,584,5,0,0
22,0,0.0,1,131827.15,2,663,6,1,0
26,0,105522.06,0,10842.46,1,466,9,1,0
50,1,123936.54,1,23768.01,1,510,7,0,0
38,0,0.0,1,117616.29,2,619,6,0,0
66,1,119499.42,1,174027.3,2,696,7,0,0
44,0,135814.7,0,115091.38,2,554,9,0,0
52,0,0.0,1,106340.66,1,595,9,1,1
39,1,106259.63,1,198103.32,2,659,8,1,0
44,0,0.0,1,175314.87,2,662,8,1,0
38,0,115463.16,0,150679.65,1,556,2,1,0
39,0,0.0,1,110043.88,2,701,9,0,0
42,0,120233.83,0,194890.33,1,587,5,1,0
47,0,0.0,0,112366.98,2,571,7,0,0
40,0,81132.21,0,167289.82,1,539,7,0,0
34,1,122196.99,1,182099.71,2,644,10,0,0
39,1,112290.22,0,49373.97,1,572,4,1,1
50,0,0.0,1,861.4,2,753,4,0,0
35,0,0.0,1,81718.37,2,706,5,1,0
44,0,154409.74,0,49324.03,1,588,8,1,1
32,0,0.0,0,9751.03,2,825,9,1,0
48,0,132759.8,0,78899.22,1,627,1,1,0
60,0,76705.87,1,13889.73,2,532,5,1,0
44,0,0.0,1,11467.38,2,764,1,0,0
36,0,0.0,0,130789.15,2,700,4,0,0
41,0,0.0,1,108665.89,2,660,3,1,0
29,1,125961.74,0,160303.08,2,518,9,1,1
39,0,49572.73,0,115287.99,1,557,7,0,1
35,0,103015.12,1,139094.12,2,639,1,0,0
24,0,0.0,0,20515.72,1,557,4,0,0
32,0,104001.38,1,36642.65,1,633,1,0,0
50,0,87116.71,1,104382.11,1,623,2,0,0
68,0,82547.11,1,146448.01,2,611,5,1,0
47,0,0.0,0,166650.9,1,666,5,0,1
27,0,121325.84,1,164223.7,1,521,4,1,1
28,0,111167.7,0,149331.01,1,775,9,1,0
48,1,139714.4,0,73066.72,2,681,5,1,0
32,1,139875.2,0,15378.23,2,564,10,0,0
44,1,113063.83,0,53072.49,1,646,2,0,1
50,0,138340.06,1,3159.15,1,670,8,0,0
43,0,114974.24,0,125920.54,1,751,1,1,0
33,0,0.0,1,124113.04,2,544,6,0,0
38,0,0.0,0,93716.38,2,639,5,0,0
65,1,117325.54,0,155799.86,1,635,5,0,1
28,0,0.0,1,8814.69,1,672,6,0,0
35,0,0.0,0,164453.98,1,639,8,0,0
25,0,0.0,0,87803.32,2,697,1,0,0
44,0,0.0,1,183617.32,2,850,8,1,0
34,0,0.0,0,53584.03,2,748,8,0,0
35,0,0.0,1,1950.93,2,463,2,0,0
30,0,0.0,1,175025.27,1,572,6,0,0
50,0,78737.61,1,13018.96,1,741,1,1,0
25,0,182876.88,1,42537.59,2,646,5,1,1
50,1,130023.38,0,62989.82,1,805,9,1,1
36,0,152606.82,1,71692.8,1,637,2,1,0
28,0,0.0,0,823.96,2,651,7,1,0
28,0,167268.98,1,169469.3,1,672,4,1,0
54,0,167831.88,0,150159.95,2,493,3,1,1
29,1,144287.6,0,32063.3,2,524,9,1,0
45,1,151855.33,0,68794.15,1,624,5,0,0
51,0,0.0,0,75084.96,3,569,3,0,1
27,0,0.0,1,114685.92,2,677,2,0,0
37,1,155994.15,0,143665.44,1,464,4,1,0
26,1,147527.03,0,51099.56,1,718,7,1,0
53,0,0.0,0,5408.74,1,594,4,0,1
33,0,100267.03,0,103006.27,1,574,8,1,0
48,0,83287.05,1,44147.95,2,478,0,1,1
41,0,0.0,1,149278.96,1,615,4,1,0
45,0,0.0,0,193009.21,2,651,4,1,0
53,1,117438.17,0,74898.8,1,465,1,1,1
56,0,121235.05,1,116253.1,2,558,7,0,0
37,1,129965.18,0,19374.08,1,540,3,1,0
46,1,150836.92,0,64516.8,1,568,8,1,1
31,0,0.0,1,34475.14,2,630,0,1,0
60,1,163894.35,1,57061.71,1,523,1,1,0
48,0,0.0,1,32301.88,2,678,2,0,0
38,0,0.0,0,136859.55,2,438,2,1,0
44,0,0.0,0,69244.24,2,544,1,1,0
34,1,87967.42,1,156309.52,2,595,2,1,0
26,0,0.0,0,4989.33,2,678,3,1,0
36,0,0.0,1,190194.95,2,850,6,0,0
20,1,121093.29,0,3529.72,2,589,2,0,0
31,0,121691.54,0,81778.72,2,785,2,0,0
57,0,0.0,1,39297.48,2,563,6,1,0
39,0,154121.32,0,176614.86,2,602,6,0,1
29,0,0.0,1,108684.65,2,591,6,1,0
43,0,0.0,1,145764.4,2,643,1,1,0
32,0,0.0,1,42135.28,2,605,5,0,0
43,1,165048.5,0,16929.41,3,755,6,1,1
38,0,0.0,0,104393.78,2,769,6,1,0
33,0,127638.35,1,192717.57,1,620,9,0,0
31,0,0.0,1,59650.42,2,725,8,1,0
72,1,135290.42,1,63729.72,2,818,8,0,0
71,0,170252.05,1,73679.59,3,624,4,0,1
35,1,108269.2,0,174969.92,2,669,4,0,0
32,0,0.0,0,1703.58,2,712,1,0,0
35,1,145623.36,0,163181.62,1,603,9,0,0
41,0,145809.53,1,52319.26,2,597,4,0,0
76,1,130334.84,1,51672.08,2,580,2,1,0
39,0,0.0,1,145355.11,2,718,3,0,0
53,0,0.0,1,51711.57,1,527,8,1,0
42,0,0.0,1,149535.97,2,729,1,0,0
24,0,0.0,1,94105.0,1,746,4,0,0
54,1,111009.32,1,155905.79,1,699,3,0,1
46,0,0.0,1,138380.11,1,759,2,0,0
39,0,157371.54,1,97734.3,1,748,3,0,0
63,0,0.0,1,173576.71,1,698,5,0,0
37,0,134560.62,0,27596.39,1,686,9,1,0
40,0,0.0,1,16897.19,1,679,1,1,0
36,1,72373.62,0,36895.99,2,682,5,1,0
34,0,109564.1,1,113046.81,1,778,7,0,0
25,0,132116.13,0,129933.5,2,742,4,0,0
24,1,101195.23,0,133091.32,1,649,7,1,0
67,0,149436.73,1,106282.74,2,763,1,1,0
30,1,130682.11,1,57862.88,2,595,9,1,0
51,1,115280.49,0,12628.61,2,628,10,0,1
36,0,129944.39,0,198914.8,2,625,8,0,0
36,0,0.0,1,109127.54,2,733,5,1,0
32,0,0.0,1,22487.45,1,665,10,0,0
56,1,151802.29,0,46791.09,1,805,6,1,1
38,0,0.0,1,158697.28,2,725,6,1,0
38,0,138731.95,1,194138.36,1,554,3,0,0
35,0,155621.08,1,35177.31,1,675,8,0,0
54,0,150005.38,0,157015.5,1,556,4,0,1
48,0,0.0,1,136551.25,2,635,2,0,0
47,0,64430.06,1,96517.97,2,601,1,1,0
53,1,106261.63,0,93629.66,1,600,7,1,1
40,0,0.0,0,96097.65,2,758,3,1,0
41,1,132670.53,0,156476.36,1,606,4,0,1
67,0,0.0,1,42964.63,1,640,3,0,0
38,1,117314.92,0,122021.33,1,753,1,0,1
38,0,145874.35,0,56311.39,1,559,3,1,1
50,0,146777.44,1,150685.52,2,754,7,0,0
51,1,109978.83,0,177740.58,1,621,4,1,1
37,0,0.0,1,71492.28,1,654,5,0,0
24,0,108881.73,0,104492.83,1,650,8,1,0
44,0,0.0,1,47729.33,1,831,10,0,0
39,0,112957.26,0,97593.16,2,519,2,1,0
42,1,103362.14,1,186869.58,1,552,8,0,1
41,0,89015.61,1,135227.23,1,577,4,1,0
45,0,133618.01,0,135244.87,1,576,5,1,0
40,0,93680.43,1,179473.26,2,646,5,1,0
45,1,97486.15,0,50610.62,2,711,1,0,0
37,0,137794.18,1,75232.02,2,806,2,0,0
39,0,101928.51,0,89205.54,1,670,8,0,0
28,0,0.0,1,61761.77,2,679,9,0,0
39,0,0.0,0,103921.43,2,850,6,0,0
35,1,79585.96,1,198802.9,1,670,2,0,0
24,0,161884.99,1,9617.24,1,733,3,0,0
39,0,129068.54,1,187905.12,2,764,1,0,0
42,0,0.0,0,121440.8,2,673,4,0,0
49,1,132623.76,0,36292.94,3,588,6,1,1
31,0,121461.87,1,20432.09,1,564,5,1,1
32,0,175307.32,0,187051.23,1,715,8,1,0
31,0,136658.61,1,148689.13,1,621,7,1,0
23,0,146584.19,0,125445.8,2,796,3,0,0
34,0,0.0,0,22736.06,1,672,6,1,0
46,0,131414.76,0,54947.51,1,527,10,0,0
38,0,0.0,1,167984.72,2,722,3,0,0
34,1,99441.21,1,4802.27,2,596,4,1,0
32,0,0.0,1,72909.75,2,746,4,0,0
26,0,0.0,0,185488.81,2,523,4,0,0
44,0,0.0,0,88407.51,2,624,3,1,0
38,0,181110.13,0,184544.59,2,553,1,1,0
33,0,100476.46,1,136539.13,2,850,3,1,0
33,1,51949.95,0,85045.92,2,599,2,1,0
35,0,121063.49,0,85421.48,1,492,8,1,0
48,0,88441.64,1,119903.2,1,707,8,1,1
30,0,127023.39,1,138780.89,1,743,1,0,0
41,0,144147.68,1,14789.9,1,522,5,1,0
57,0,173306.13,1,131964.66,1,681,2,0,0
49,0,0.0,0,178709.98,1,826,0,0,1
28,1,106425.75,1,20344.84,1,630,8,0,0
66,1,135392.31,1,172852.06,2,430,6,0,1
67,0,0.0,1,103945.58,2,806,1,0,0
39,0,152685.4,0,183656.12,1,703,6,1,0
38,1,82083.52,1,10333.78,1,755,1,0,0
63,0,131629.17,0,122109.58,2,612,2,0,1
54,0,0.0,1,125041.52,2,719,7,0,0
55,1,108477.27,1,140003.0,1,554,0,0,1
30,0,114779.35,0,183171.47,1,683,4,1,0
41,0,57568.94,1,61128.29,1,749,5,1,0
36,0,0.0,0,52462.25,2,724,1,1,0
30,0,0.0,1,50839.85,2,770,8,1,0
37,0,0.0,0,61240.87,2,680,4,1,0
32,0,110559.46,1,127429.56,1,699,4,0,0
34,0,0.0,0,68343.08,2,442,4,1,0
46,0,0.0,0,126511.94,1,529,8,1,1
36,0,0.0,1,8559.66,2,574,3,1,0
33,0,128152.82,0,147822.81,1,605,9,1,0
45,1,120961.5,1,39288.11,3,515,7,1,1
65,1,129472.33,1,85179.48,1,632,6,1,0
32,0,105000.23,0,190019.61,1,558,10,1,0
55,1,109339.17,0,96405.88,2,434,8,1,1
59,0,55328.4,0,83342.73,1,525,6,0,1
23,1,72012.76,0,161333.13,1,640,3,1,0
36,0,110480.48,0,81292.33,1,690,6,0,0
34,0,132439.99,0,177747.72,1,607,9,1,0
46,0,0.0,1,187980.21,2,850,3,0,0
34,1,94108.54,0,177235.21,2,780,5,1,0
28,1,105173.99,1,29835.37,1,616,10,0,1
40,0,0.0,0,80204.38,2,618,8,0,0
29,0,131959.86,0,189268.81,1,676,7,1,0
33,0,0.0,1,85411.01,2,507,7,1,0
34,0,122952.9,0,154360.97,2,490,5,1,0
36,0,107379.68,1,84460.18,1,678,0,1,0
30,1,122641.56,0,65618.01,2,637,6,1,0
33,0,0.0,1,112928.74,2,602,8,0,0
30,0,124037.28,1,142210.94,1,744,1,0,0
50,0,117565.03,0,82559.77,2,640,9,0,0
38,0,133189.4,0,127388.06,1,684,5,0,0
39,1,120252.02,1,10160.23,2,495,8,1,0
28,1,152264.81,0,64242.31,1,559,3,0,0
38,0,105069.98,1,198355.28,2,684,5,1,0
42,0,115076.06,1,79323.61,1,613,7,1,0
30,0,0.0,1,24113.91,2,794,8,1,0
42,0,117280.23,0,41921.06,3,736,7,0,1
49,1,110540.43,1,107472.99,2,692,6,1,0
36,0,135095.47,0,143859.66,1,703,7,1,0
23,1,187861.18,1,104120.17,2,720,0,1,0
44,1,124655.59,1,79792.3,2,777,3,1,0
44,0,0.0,1,154639.72,2,653,8,1,0
38,0,134105.01,0,57850.1,1,552,9,0,0
34,0,0.0,1,62868.33,1,708,4,0,0
40,0,0.0,1,92357.21,2,647,9,0,0
52,1,83693.34,1,161083.53,2,597,8,1,0
42,0,114631.23,1,91429.74,1,501,9,1,0
44,0,128601.98,0,117031.2,1,709,9,1,0
34,1,91258.52,0,44857.4,2,621,2,0,0
70,0,70416.75,1,36483.52,1,799,8,1,0
33,0,0.0,0,34045.61,2,675,6,0,0
35,0,0.0,0,59981.62,2,561,5,0,0
42,0,0.0,1,152944.39,2,707,10,0,0
33,0,88294.6,0,66979.06,1,670,6,1,0
32,0,0.0,0,28797.32,1,649,7,0,0
28,0,93577.3,1,51670.82,1,524,1,1,0
30,1,136650.89,1,41865.72,1,689,5,0,1
72,0,98765.84,1,96015.53,1,573,8,0,0
33,0,84309.57,0,103914.4,2,657,1,1,0
39,0,136258.06,0,89199.51,1,686,10,1,0
29,0,0.0,1,48849.89,2,683,9,0,0
47,1,131160.85,0,197444.69,1,753,1,0,0
30,0,145222.99,0,145160.96,2,520,4,0,0
25,1,98141.57,1,52309.8,2,547,4,1,0
47,0,0.0,0,50695.93,1,653,6,1,1
28,0,102282.61,1,157891.11,1,648,9,0,0
37,0,116121.84,1,181850.74,2,639,4,0,0
25,0,190066.54,0,51345.39,1,711,5,0,1
55,1,149349.58,0,137519.92,3,484,8,0,1
36,0,155176.83,1,49653.37,2,721,1,1,0
32,1,98986.28,1,55867.38,1,548,2,1,0
41,0,147726.98,0,172749.4,3,679,8,1,1
41,0,0.0,0,90607.31,2,553,1,1,0
36,0,144852.06,0,130861.95,1,757,7,1,0
54,0,89299.81,0,5558.47,1,581,4,1,1
40,0,0.0,0,121537.91,2,718,9,1,0
41,0,97663.16,0,57128.78,2,625,6,1,0
39,0,95161.75,0,19409.77,1,744,4,1,0
31,1,154586.92,1,88604.89,1,799,9,1,1
34,0,127095.14,0,479.54,2,751,8,0,0
35,1,92526.15,1,173837.54,2,781,7,1,0
46,1,107362.8,0,487.3,1,777,0,0,0
24,0,0.0,0,35600.25,1,704,2,0,1
47,0,127286.04,1,166929.43,2,539,2,0,1
29,0,0.0,1,98998.61,2,716,6,0,0
37,0,0.0,1,54229.74,2,670,2,1,0
40,0,139930.18,1,105720.09,1,555,10,1,0
30,1,77949.69,1,121151.46,1,679,4,0,0
38,0,121405.04,1,154844.22,1,571,1,1,0
35,0,124580.69,1,18785.48,1,512,5,0,0
35,0,133087.76,0,64771.61,1,697,5,1,0
34,0,0.0,1,16250.61,1,424,7,1,0
43,0,0.0,0,131093.99,2,684,7,0,0
62,0,0.0,0,129188.18,1,697,7,1,1
45,1,103741.14,0,47428.73,1,580,8,1,1
32,0,98877.95,0,132973.21,1,600,7,0,0
37,0,105843.26,1,84908.2,2,521,5,1,0
44,0,77526.66,0,57338.56,3,664,7,1,1
77,0,0.0,1,161579.85,2,634,5,1,0
33,0,0.0,0,122625.68,2,445,7,0,0
36,1,105264.88,1,52909.87,2,702,2,0,0
37,0,0.0,1,170226.47,2,485,5,1,0
40,1,110150.43,1,191757.65,1,582,3,0,1
57,0,0.0,0,66652.75,3,605,2,0,1
25,0,0.0,1,195977.75,2,628,7,1,0
28,0,0.0,1,69056.26,2,604,6,0,0
31,1,138166.3,0,12920.43,1,724,9,1,0
40,1,122265.24,0,138552.74,1,567,7,1,0
55,0,133295.98,0,22832.71,1,779,0,0,1
36,0,0.0,1,61811.1,1,785,2,1,0
32,0,148326.09,0,191604.27,1,563,0,0,1
31,1,68927.57,1,25445.0,1,821,2,0,0
47,0,139914.6,1,129964.56,4,747,5,0,1
58,1,118723.11,0,6209.51,1,600,8,0,1
32,0,106957.28,1,134794.02,1,625,7,1,0
41,0,190238.93,1,57549.65,1,773,7,0,0
53,0,113537.73,1,28367.21,1,726,1,0,0
40,0,101090.27,1,51703.09,1,641,4,0,0
46,0,0.0,1,66602.7,2,649,2,0,0
33,0,0.0,1,2739.71,1,434,3,1,0
38,0,0.0,0,69227.42,2,738,7,0,0
60,0,168920.75,0,31445.03,1,762,10,0,1
31,1,111589.67,0,150037.19,1,507,9,1,0
27,1,172310.33,1,111448.92,1,606,6,0,0
34,1,118028.35,0,51226.32,1,655,7,1,1
51,1,147910.3,1,53581.14,1,697,1,1,0
42,1,131287.36,1,149697.78,2,504,7,1,0
74,0,121276.32,1,160348.31,1,653,0,0,0
38,0,109869.32,1,154641.91,1,660,6,1,0
34,0,97435.85,1,104331.76,2,652,6,0,0
42,0,0.0,0,135630.32,2,669,9,0,0
35,0,133853.27,1,65361.66,1,594,2,1,0
32,1,109528.16,1,56176.31,2,756,0,1,0
33,0,84607.34,1,60059.47,2,642,4,0,0
37,1,101438.0,0,51364.56,1,486,1,1,0
55,0,0.0,1,118752.6,2,804,7,1,0
59,0,113657.83,1,116848.79,1,629,9,1,1
44,0,189318.16,0,45026.23,2,581,7,0,1
31,0,99513.91,1,189657.26,1,667,3,1,0
35,0,97585.32,0,57213.46,2,667,4,1,0
29,0,0.0,1,63687.06,2,679,3,1,0
43,0,0.0,1,58761.33,2,680,4,0,0
32,0,136659.74,1,14187.78,1,644,3,1,0
30,0,85755.86,0,145115.95,1,571,4,0,0
35,0,0.0,0,187718.26,1,627,7,0,0
39,0,0.0,0,27150.35,2,536,4,1,0
33,0,51690.89,0,111622.76,1,599,4,1,1
34,0,0.0,0,27244.35,2,744,3,1,0
34,0,111669.68,0,57029.66,1,709,2,0,0
31,1,154741.45,0,25183.01,2,653,2,1,0
31,1,125681.51,1,129980.93,1,648,7,1,0
37,1,155303.71,0,118716.63,1,663,8,0,0
43,1,140681.68,1,20134.07,1,613,4,0,0
28,0,71902.52,1,190208.23,1,620,9,1,0
51,0,146606.6,1,68021.9,1,661,6,1,0
45,1,123949.75,0,110881.56,1,669,1,1,0
33,1,144753.21,1,132480.75,1,767,1,0,0
72,0,91285.22,1,7032.95,1,491,6,0,0
43,0,0.0,0,27862.58,2,653,0,1,0
58,1,125850.53,1,87008.17,2,679,8,1,0
28,0,108116.66,1,27411.19,1,687,7,1,0
38,0,0.0,1,46395.21,2,837,2,0,0
28,0,67639.56,1,194245.29,2,850,8,1,0
53,0,150200.23,1,151317.27,1,663,6,0,1
22,0,141287.15,0,118142.79,1,547,7,0,0
41,0,0.0,1,138700.75,3,627,6,0,1
37,0,0.0,1,6035.51,2,707,1,1,0
43,0,0.0,1,41263.69,2,629,0,0,0
36,0,97157.96,1,63185.05,1,687,4,0,0
36,0,0.0,0,92536.0,2,588,2,0,1
33,1,125241.17,1,158736.07,2,502,6,0,0
54,1,128966.13,0,18633.4,1,793,2,1,1
59,1,152581.06,0,71830.1,1,727,5,1,1
32,0,0.0,0,19525.65,2,632,1,0,0
37,1,142688.57,1,110953.33,2,474,5,0,0
31,1,130089.56,1,4466.21,2,850,1,0,0
36,0,0.0,1,105818.51,1,584,9,1,0
32,0,117094.02,0,149558.83,1,713,1,0,1
24,0,0.0,0,4070.28,2,742,8,1,0
39,0,0.0,0,132741.13,3,607,10,0,1
34,0,0.0,0,61251.25,2,761,2,0,0
49,0,90218.9,0,91347.76,1,600,7,1,0
42,0,194532.66,0,171045.31,1,650,4,1,1
56,1,169743.83,0,155850.4,1,850,1,1,1
34,0,0.0,0,27380.99,1,501,5,0,0
34,0,155973.88,0,154208.96,1,418,8,1,0
59,0,129321.44,1,93624.55,1,797,4,1,0
42,1,138650.49,0,64746.07,2,788,6,0,0
43,0,136487.86,0,82815.93,2,699,2,1,0
18,0,0.0,1,27308.58,2,616,6,1,0
41,0,38617.2,1,104876.8,1,651,4,0,0
28,0,0.0,0,151316.37,2,654,7,0,0
34,0,82909.14,0,91817.38,1,676,8,0,1
54,1,145151.4,1,125311.17,1,708,8,0,1
42,0,147187.84,1,14868.94,1,499,0,0,1
39,0,0.0,0,196112.45,2,689,4,1,0
54,0,108185.81,0,24093.4,2,850,7,1,1
30,0,0.0,1,66263.87,2,502,4,1,0
34,0,0.0,1,100304.13,2,643,7,1,0
28,0,0.0,0,167909.52,2,762,2,1,0
49,0,105918.1,1,16246.59,1,719,5,1,0
27,0,0.0,0,103603.65,2,789,6,1,0
42,0,0.0,0,7680.23,2,553,7,1,0
25,0,0.0,0,95215.73,2,448,2,1,0
42,1,59972.26,1,148172.94,2,632,6,1,0
25,0,157228.61,0,124382.9,2,669,7,1,0
34,0,0.0,0,159311.46,2,654,5,1,0
38,0,0.0,0,6787.48,2,726,4,0,0
21,0,210433.08,1,197297.77,2,596,4,1,1
30,1,102452.71,0,21556.95,1,733,1,0,0
35,0,0.0,0,56518.0,2,529,5,0,0
37,0,142987.46,0,158840.99,2,493,8,0,0
29,0,143330.56,1,126396.01,2,615,7,0,0
49,0,0.0,1,148087.88,1,600,6,0,1
36,0,120165.4,0,33701.5,2,666,4,1,0
54,0,0.0,1,84622.37,1,644,6,1,0
36,0,0.0,0,185580.89,1,692,4,0,1
73,0,66573.17,1,62768.8,1,707,6,1,0
40,0,102833.46,1,38829.11,2,603,4,1,0
34,0,164757.56,0,110748.88,1,671,5,0,0
36,0,153610.61,1,54083.8,1,568,10,0,1
35,0,0.0,1,88658.73,3,598,8,0,0
42,0,0.0,0,177938.52,2,606,10,1,0
36,1,169025.83,0,174235.06,1,850,3,0,0
26,0,153455.72,1,82696.84,2,644,4,0,0
37,0,0.0,1,142415.97,2,655,4,1,0
30,0,153972.89,0,62811.03,2,850,10,1,0
34,0,114609.55,1,25339.29,2,683,9,1,0
37,1,143625.83,1,176487.05,2,663,7,1,0
38,1,116520.28,1,49833.5,1,682,1,0,1
77,0,80926.02,1,55829.25,2,639,6,1,0
23,0,166594.78,1,155823.2,1,704,6,1,0
40,0,115465.98,1,60622.61,1,691,0,0,0
34,0,0.0,1,174196.68,2,599,8,1,0
36,0,0.0,1,56905.38,1,573,1,0,0
41,1,92618.62,1,101178.85,1,589,7,0,0
25,1,141825.88,1,73857.94,1,620,8,0,1
28,0,149594.02,0,102325.19,2,647,6,1,0
39,0,130051.66,0,55356.39,2,737,7,0,1
41,0,0.0,1,131284.93,2,634,7,0,0
38,0,0.0,0,88080.43,2,660,4,1,0
37,1,158468.76,1,93266.01,1,666,2,0,0
44,0,161889.79,0,75562.47,1,696,8,1,0
29,0,133681.78,1,153747.73,1,836,9,0,0
34,0,0.0,0,163830.64,2,667,5,0,0
20,0,187294.46,0,103456.47,1,596,3,1,0
31,0,0.0,0,95655.16,1,430,5,1,0
67,0,0.0,1,138350.74,2,596,6,1,0
28,0,119706.22,0,31190.42,1,599,7,1,0
22,0,0.0,1,167553.06,1,519,8,0,0
45,1,138523.2,0,59604.45,1,721,7,0,1
56,0,90778.76,0,162223.67,2,603,5,0,1
47,1,99353.42,0,196549.85,1,572,4,1,1
40,1,111524.49,1,120373.84,1,453,1,0,1
37,0,128645.67,0,92149.64,1,668,7,0,0
35,1,117458.51,1,178361.48,1,762,1,1,1
39,0,129189.15,0,170998.83,2,633,9,0,0
33,0,121260.19,0,77216.48,2,647,7,1,0
56,0,94231.13,0,121164.6,1,796,6,1,1
39,0,0.0,1,141841.31,2,733,1,1,0
34,0,163757.06,1,104000.06,1,556,8,1,0
58,0,0.0,1,191419.32,2,489,4,1,0
22,0,0.0,0,28188.96,2,639,4,1,0
35,0,141005.47,1,60407.93,1,715,2,1,0
42,1,105356.09,1,130489.37,2,807,9,0,0
34,0,0.0,0,193040.32,2,714,5,1,0
23,1,85897.95,0,109742.8,1,626,6,0,0
36,0,0.0,1,74760.32,2,697,7,1,0
31,1,164672.66,1,61936.1,1,850,4,0,0
45,1,99169.67,1,78650.95,2,737,2,0,0
29,0,0.0,0,168023.6,2,812,6,1,0
36,0,0.0,1,5571.59,2,583,8,1,0
37,1,124053.03,0,118591.67,1,730,5,0,0
36,0,0.0,0,7824.31,2,677,4,1,0
40,1,103499.09,0,38153.19,2,748,3,0,0
38,1,151766.71,1,180829.99,1,753,9,0,0
36,0,0.0,1,143960.72,1,634,1,0,0
29,0,101486.96,1,8788.35,1,622,7,1,0
36,1,123601.56,0,103557.85,2,699,2,1,0
38,1,127201.58,0,147168.28,1,570,1,1,1
33,1,144962.74,0,58844.84,1,552,3,1,1
48,0,0.0,0,18094.96,1,619,4,0,1
33,0,122017.19,0,162515.17,1,714,8,1,0
32,0,100262.88,1,157921.25,2,503,9,1,0
43,0,117302.62,0,68701.73,1,685,6,0,0
35,0,135984.15,0,186778.89,2,606,0,0,0
38,0,0.0,0,66561.6,2,678,3,1,0
31,1,160997.54,1,64831.36,2,724,2,1,0
37,1,128389.63,1,6589.16,1,779,2,0,1
35,0,0.0,0,165370.66,2,638,1,1,0
50,0,130554.51,0,184758.17,3,610,5,0,1
57,1,90212.0,0,13911.27,1,646,6,0,1
29,0,71996.29,1,34857.46,1,628,9,0,0
32,0,85615.66,0,156192.43,2,528,4,0,0
27,0,62339.81,0,53874.67,2,432,6,0,0
47,0,142319.03,0,100183.05,1,622,6,0,0
54,0,0.0,1,4493.12,2,721,5,1,0
36,0,0.0,0,130610.78,2,614,5,1,0
24,0,87413.19,0,63340.65,1,634,2,0,0
29,0,0.0,1,180066.59,2,742,4,0,0
45,0,0.0,0,95273.73,1,516,4,0,1
35,0,97560.16,1,53511.74,1,718,3,1,0
30,1,141787.31,1,109685.61,2,636,8,1,0
36,0,129934.64,0,75664.56,1,691,7,1,1
37,0,166178.02,1,71972.95,2,698,2,0,0
39,0,163097.55,1,23702.42,2,712,5,0,0
20,0,0.0,0,112572.02,2,659,8,1,0
44,0,0.0,0,62424.46,2,573,8,1,0
35,1,151958.19,1,131238.37,3,778,1,0,1
46,0,0.0,1,184350.78,2,732,0,1,0
33,1,118400.91,1,13999.64,1,550,4,1,1
20,0,0.0,0,168152.76,2,790,8,1,0
43,1,116322.27,0,35640.12,4,665,2,0,1
43,0,0.0,1,120088.17,1,728,5,0,0
29,0,0.0,1,74346.11,2,645,4,0,0
30,1,143138.91,0,2955.46,2,647,6,1,0
32,0,0.0,1,146504.35,2,596,4,1,0
40,0,0.0,1,149602.54,1,610,9,1,0
36,0,129804.17,0,53020.9,1,512,0,1,0
37,1,108308.11,0,41788.25,1,768,9,1,1
30,1,110153.27,1,74849.46,1,666,3,1,0
30,1,116377.48,1,134417.31,1,700,4,0,0
37,1,117791.06,1,75837.58,2,651,10,0,0
26,0,0.0,1,54869.54,2,542,2,0,0
35,0,105419.73,0,35356.46,1,686,8,0,0
47,1,99219.47,1,122141.13,2,850,4,0,0
55,1,119327.93,1,119439.66,1,658,8,0,0
36,0,83947.12,0,81999.53,2,448,6,0,0
32,0,99883.16,1,120594.85,1,609,4,1,0
50,0,165438.26,0,120770.75,1,704,4,1,1
31,0,156111.24,0,134790.74,1,698,1,1,0
44,0,111095.58,0,100137.7,2,759,2,1,0
56,0,119963.45,0,158325.87,1,677,0,0,1
22,0,0.0,0,70007.67,2,544,4,1,0
35,0,153137.74,0,88659.07,1,567,8,1,0
40,0,156111.08,0,190889.13,1,490,6,1,0
34,0,113014.7,1,56646.28,2,626,7,1,0
43,1,132615.73,0,32999.1,2,718,5,1,0
44,0,102016.38,1,178235.37,1,616,5,1,1
35,0,0.0,1,25448.31,1,772,9,0,0
32,0,0.0,0,84871.99,2,561,5,1,0
49,0,0.0,0,157822.54,2,814,8,1,0
56,0,0.0,0,84383.22,1,651,4,0,1
42,1,80380.24,0,119216.46,1,538,4,0,0
26,0,108909.12,0,82547.01,1,600,6,0,0
35,0,90865.8,1,86764.46,1,654,2,0,0
40,0,99799.76,0,197372.13,2,622,4,1,0
28,0,200724.96,1,82872.64,1,682,10,1,1
37,0,140363.95,1,129563.86,2,610,10,0,0
36,0,151844.64,1,135388.89,1,795,1,0,0
27,0,0.0,1,4497.55,2,557,2,0,0
49,1,133231.48,1,67885.37,1,824,8,1,0
27,0,0.0,0,111471.55,2,698,7,1,0
36,0,126598.99,1,134407.93,2,630,8,0,0
71,1,113317.1,0,108258.22,1,609,6,0,1
47,0,0.0,0,197528.62,2,694,4,1,0
58,0,93173.88,1,139761.25,1,681,8,0,0
32,0,0.0,0,136119.96,1,721,10,0,1
44,1,105007.31,1,197812.16,2,563,7,1,0
32,0,0.0,1,51972.92,1,654,2,0,1
27,0,0.0,0,99341.87,2,659,4,1,0
44,1,131593.85,1,171345.02,1,674,4,0,1
44,1,119530.52,0,119056.68,1,576,9,1,1
54,1,118614.6,1,172601.62,2,566,4,1,0
37,1,95829.13,1,104936.88,2,545,9,1,0
36,0,0.0,1,159044.1,2,798,1,1,0
38,0,0.0,0,83263.06,1,757,0,1,0
50,0,153590.73,1,130910.78,2,641,6,1,0
29,0,0.0,0,126336.72,1,718,2,1,0
64,0,113109.52,0,27980.8,1,699,9,1,1
35,0,130557.24,1,47880.71,1,623,0,0,0
40,0,93183.19,0,73882.49,1,644,8,1,0
58,0,151933.63,0,162960.05,1,586,7,1,1
30,1,125495.64,1,68807.47,2,500,2,1,0
42,0,0.0,0,144039.05,2,583,7,0,0
26,1,118547.72,1,151192.18,1,595,8,0,0
43,0,97792.21,0,120225.62,1,670,1,1,0
41,0,0.0,0,56118.81,3,610,6,1,1
72,0,0.0,1,130853.03,2,814,2,0,0
40,0,167181.01,1,185156.94,1,660,8,0,0
35,1,121355.19,1,35671.45,1,580,9,1,0
81,0,0.0,1,59568.24,2,850,1,0,0
35,0,0.0,0,139911.58,2,676,0,1,0
46,0,113226.47,0,56770.76,1,578,5,1,0
33,0,118392.75,1,157564.75,1,579,1,0,0
52,1,145262.54,1,131473.31,1,711,8,0,0
40,0,163505.16,0,90424.09,1,692,6,1,0
33,0,118114.28,1,156660.21,2,760,1,0,0
51,1,108449.23,0,88372.69,3,630,0,0,1
32,0,0.0,1,46200.71,2,808,1,1,0
36,1,103294.56,0,160548.12,1,611,10,0,0
42,0,0.0,0,1262.83,1,697,1,0,1
38,0,0.0,1,188639.28,1,655,6,0,0
28,0,0.0,0,14665.28,2,601,6,1,0
42,0,119919.12,0,156868.21,1,755,2,1,0
37,0,0.0,0,30461.55,1,553,1,1,0
28,0,0.0,1,123885.88,2,723,4,1,0
34,0,0.0,1,60688.38,2,507,4,0,0
43,0,0.0,0,21785.91,2,777,1,1,0
34,0,0.0,0,188135.69,1,566,3,1,0
26,0,0.0,0,154364.66,2,732,7,1,0
42,0,0.0,0,61312.15,2,697,10,0,0
29,0,128744.04,1,47454.93,1,555,4,1,0
62,1,137727.34,1,121102.9,2,584,9,0,0
44,1,106731.58,0,137419.87,1,705,10,0,1
38,0,123544.21,1,157664.02,1,688,7,0,0
37,0,133968.96,0,148689.65,2,626,2,0,0
76,0,126534.6,1,39789.62,1,636,9,1,0
35,0,0.0,1,165162.4,1,719,8,0,0
30,0,87609.68,0,137674.55,2,706,6,1,1
41,0,0.0,0,101371.72,2,731,3,1,0
49,0,0.0,1,65066.48,3,738,3,1,1
34,0,0.0,0,107876.91,2,426,9,1,0
36,0,108960.0,0,111180.3,2,622,0,0,1
30,0,0.0,0,115650.63,2,701,2,0,0
51,0,144953.31,1,165035.17,1,512,6,1,0
41,0,103544.88,0,193746.55,2,635,4,1,0
33,0,0.0,0,58458.26,1,685,6,1,0
53,0,0.0,1,52332.85,2,609,7,1,0
38,1,101487.18,1,75959.1,1,598,1,1,1
52,0,105355.81,0,123.07,1,708,10,1,1
36,0,77967.5,0,167066.95,1,574,4,1,1
44,0,0.0,0,117572.59,4,629,5,1,1
54,0,0.0,1,7166.71,2,422,4,0,0
28,0,120047.77,1,137173.39,1,656,8,1,0
32,0,175464.85,0,116442.42,3,697,7,1,1
52,0,79475.3,1,32421.32,3,718,8,1,1
37,1,167735.69,1,104665.79,2,586,8,1,0
37,0,0.0,0,44215.86,2,481,8,0,0
33,0,74385.98,0,20164.47,1,749,1,0,0
49,1,94754.0,1,26691.31,1,561,5,1,0
27,0,0.0,1,107955.67,1,676,4,1,0
43,1,86920.86,1,150048.37,1,615,3,1,0
39,0,132077.48,0,192255.15,2,582,1,0,0
40,0,127847.86,0,173245.68,1,601,10,1,0
34,0,0.0,1,121457.88,1,708,3,1,1
42,1,176702.36,1,104804.74,2,708,9,1,0
33,1,83555.58,0,69767.14,1,797,10,0,0
26,0,0.0,0,178373.43,2,682,8,1,0
39,0,0.0,0,99924.04,2,694,9,0,0
40,0,0.0,1,49594.19,1,490,1,0,1
42,0,0.0,1,186071.14,1,828,10,1,0
38,0,96858.35,0,77511.45,1,594,7,0,0
33,0,0.0,1,54816.57,2,579,1,1,0
35,0,0.0,1,61290.99,2,723,0,0,0
42,1,132796.04,1,191821.35,3,619,8,0,1
30,0,154970.54,1,156768.45,1,794,1,0,0
44,1,88902.21,0,73731.32,1,674,3,1,0
28,0,98738.92,0,122190.22,1,418,7,1,0
33,0,0.0,1,123509.01,2,502,8,1,0
50,0,0.0,0,8199.5,1,678,6,0,0
40,1,137456.28,1,14113.11,2,599,10,1,0
29,0,0.0,0,51705.01,2,736,4,1,0
60,0,73937.02,0,161937.62,1,430,7,0,1
45,0,158621.04,0,120892.96,1,537,7,0,1
30,0,113257.2,1,65035.02,1,683,1,1,0
31,0,0.0,1,164257.37,1,828,9,1,0
29,0,116536.43,0,51987.99,1,691,9,0,0
28,0,0.0,0,10899.63,2,608,4,0,1
60,0,101070.69,0,177355.8,1,691,6,0,1
39,0,0.0,1,63889.1,2,718,6,1,0
31,1,127331.46,1,176433.6,3,680,3,0,0
41,0,0.0,0,81313.51,2,838,5,0,0
31,0,0.0,1,13998.88,2,695,5,0,0
46,0,105969.42,0,5771.56,1,681,0,1,0
36,0,119547.46,1,42693.65,1,762,5,1,0
38,0,0.0,0,90839.61,2,751,7,1,0
28,0,138668.18,1,54144.01,1,678,5,1,0
37,0,51582.5,1,184312.88,2,634,7,0,0
37,0,0.0,0,20306.79,2,749,7,1,0
37,0,169902.92,1,128256.18,1,590,6,1,0
27,0,87262.4,0,182720.07,2,610,4,0,0
33,0,0.0,1,4082.52,2,502,7,1,0
40,0,0.0,0,102233.73,2,578,7,0,0
32,0,0.0,0,132002.83,2,547,2,0,0
27,0,0.0,0,126838.7,2,579,9,0,0
39,0,0.0,0,181461.46,2,661,5,1,0
46,0,0.0,0,195325.74,2,794,6,1,0
61,0,0.0,1,29132.43,2,719,5,1,0
69,0,0.0,1,131804.86,2,728,1,0,0
19,1,150348.37,1,173784.04,1,598,3,1,0
46,1,115074.02,0,26249.86,2,822,3,0,0
40,0,0.0,1,182650.15,1,670,3,0,0
28,0,99986.98,0,196582.55,1,850,8,1,0
68,1,110357.0,0,141977.54,1,723,3,0,1
42,1,166685.92,1,55313.51,2,705,8,1,0
40,0,95312.8,1,62944.75,1,677,7,1,0
43,0,202443.47,0,72375.03,1,736,4,1,0
47,1,109493.62,0,188324.01,1,661,0,0,1
38,1,88977.39,1,133403.07,2,501,9,1,0
29,0,104982.57,0,157378.5,1,516,2,0,0
59,1,154110.99,0,101240.08,2,517,8,0,1
32,0,185714.28,1,102502.5,1,766,6,1,0
23,1,116022.53,1,37577.66,2,520,3,0,0
46,0,0.0,1,83456.67,2,541,6,1,0
34,1,164011.48,0,199420.41,1,790,2,0,0
31,0,0.0,1,24748.89,2,797,9,1,0
40,0,101514.89,1,121765.0,1,811,1,1,0
32,0,0.0,1,113666.48,2,722,4,0,0
28,0,0.0,0,134110.93,1,675,9,1,0
39,1,134599.33,0,183095.87,2,660,9,1,0
32,0,147511.26,1,159891.03,1,566,10,1,0
25,0,78396.08,1,8316.19,1,768,0,1,0
31,0,0.0,0,63736.36,2,610,5,0,0
31,0,110581.29,1,94715.24,1,715,3,0,0
42,1,151836.36,0,68695.38,2,750,8,1,0
45,1,83624.55,0,36899.62,2,431,5,1,0
24,0,148197.15,0,182775.08,2,704,2,1,0
30,0,122924.75,0,62390.59,1,535,5,0,1
38,0,72594.0,1,76042.48,1,614,4,0,0
38,0,115221.36,1,70956.75,1,748,4,1,0
51,1,117808.74,1,67311.12,2,492,8,1,0
40,0,147754.68,1,110454.46,1,573,7,1,0
53,0,0.0,0,88479.02,3,706,3,0,1
31,0,113292.17,1,122639.73,1,680,10,1,0
36,0,0.0,0,79723.78,2,458,5,1,0
44,1,115163.38,1,97677.52,1,612,2,1,1
50,1,118098.62,1,100720.02,1,809,10,1,1
39,0,0.0,1,104730.52,2,590,9,1,0
35,0,0.0,1,22499.29,1,602,8,1,0
37,0,120825.7,0,28257.89,1,540,0,1,0
25,0,0.0,1,109988.09,2,494,6,1,0
29,0,0.0,1,149991.32,1,797,1,1,0
61,1,133845.28,1,45180.8,2,526,6,1,0
38,0,0.0,0,181605.85,2,631,7,1,0
29,0,108541.04,1,126469.09,1,576,5,0,0
39,0,0.0,0,160810.85,1,405,10,1,1
30,0,0.0,0,88146.86,2,555,1,1,0
37,0,113817.06,0,88333.74,1,750,2,0,0
28,0,137300.23,0,90174.83,1,665,8,1,0
37,0,158024.38,0,81298.09,1,640,5,1,0
33,0,127837.54,1,60013.17,1,457,7,0,0
36,0,161533.0,0,100940.91,1,695,4,1,0
31,0,161171.7,0,12599.94,2,645,7,1,1
32,0,80958.36,1,128590.73,1,647,9,1,0
25,0,0.0,1,23180.37,2,808,7,1,0
33,0,146193.6,1,55796.83,2,641,2,1,1
29,0,0.0,1,152097.02,2,700,8,1,0
26,1,115021.76,1,162443.05,1,660,4,1,0
41,0,126773.43,1,55551.26,1,615,1,1,0
40,1,92889.91,1,109496.69,1,705,3,0,0
48,0,0.0,1,72105.63,2,718,9,1,0
61,0,146622.35,1,41815.22,1,754,5,1,1
45,1,131038.14,0,74005.04,1,713,4,1,1
46,0,88820.29,0,70224.34,1,587,6,0,0
31,0,115406.97,0,145528.22,1,569,1,1,0
38,0,132951.92,1,124486.28,1,568,3,0,0
74,1,108891.7,0,10078.02,1,634,5,1,0
46,1,141788.63,0,164967.21,2,770,5,0,0
64,0,116954.32,1,91149.48,1,676,4,0,0
47,1,90450.0,0,103379.31,2,723,10,0,1
39,1,125997.22,1,128049.34,1,614,8,0,1
41,0,0.0,0,54342.83,2,601,3,0,0
60,0,0.0,1,13614.01,4,592,9,1,1
36,0,0.0,1,35521.63,2,605,9,0,0
31,0,144637.86,0,40496.72,2,752,4,0,0
29,0,86616.35,0,91903.9,1,677,3,0,1
31,0,0.0,0,178667.7,2,850,8,1,0
48,1,127924.25,0,32202.61,2,608,2,0,0
34,0,0.0,0,117034.32,2,786,9,0,0
29,0,131240.61,1,163746.09,1,777,9,0,1
31,0,0.0,1,20346.69,2,667,5,1,0
35,0,120046.74,0,84710.65,2,848,5,1,0
39,0,97819.36,1,120531.31,1,486,8,0,0
64,0,62979.93,1,152273.57,1,598,1,0,0
40,0,0.0,1,144345.58,1,506,3,0,0
46,1,161450.03,1,96961.0,1,612,9,1,1
30,0,0.0,0,170307.43,2,545,3,1,0
56,0,119496.25,0,29880.99,2,793,8,1,0
30,0,0.0,1,195104.91,2,682,9,0,0
62,0,43772.66,0,187756.24,3,517,1,1,1
32,0,100249.41,1,67599.69,2,684,9,1,0
46,0,0.0,1,105983.09,2,692,2,1,0
60,0,108028.08,0,25980.42,2,740,5,0,1
71,1,53013.29,1,112222.64,2,666,1,1,0
68,0,0.0,1,59864.96,2,693,2,1,0
33,1,122088.67,0,42581.09,1,757,1,1,0
18,1,90544.0,1,4777.23,1,684,9,1,0
35,0,0.0,1,178038.17,2,691,6,1,0
44,0,141252.18,1,128521.16,4,842,3,1,1
35,0,147813.05,0,109029.72,2,482,5,0,0
55,0,134140.68,0,2267.88,1,735,6,1,0
63,0,0.0,1,55054.48,2,681,7,0,0
31,0,0.0,1,76456.17,1,616,8,0,0
35,0,128548.49,0,75478.95,4,850,2,0,1
43,0,122198.21,1,179144.54,2,635,10,1,0
42,1,145177.84,0,193471.74,1,638,8,1,1
31,0,94222.53,0,103570.8,1,820,2,0,0
58,1,143212.22,0,102628.56,1,694,1,0,1
41,0,0.0,0,55772.04,2,713,3,1,0
41,1,143350.41,1,192070.16,1,543,6,1,1
41,0,130931.83,1,144808.37,1,649,3,0,0
30,0,137851.31,0,5008.23,1,777,4,0,1
33,0,0.0,0,173680.39,2,561,6,1,0
41,0,0.0,1,115753.94,1,724,5,1,0
51,0,0.0,1,38928.48,1,665,8,0,1
60,0,140614.15,1,174381.23,1,441,1,1,0
22,0,118680.57,1,49829.8,1,579,3,1,0
35,1,122917.69,1,76169.68,1,777,7,1,0
36,0,0.0,0,133465.57,2,739,0,0,0
40,0,131754.11,1,38761.61,2,660,5,1,0
35,0,0.0,1,176779.46,2,554,8,0,0
24,0,0.0,1,13159.9,2,850,6,0,0
35,1,119948.09,0,48217.97,1,842,9,0,1
38,0,0.0,0,134964.85,1,785,1,0,1
25,0,0.0,1,184221.11,2,550,0,1,0
39,0,0.0,0,19264.33,2,750,6,0,0
38,0,97266.1,1,92797.23,1,490,3,0,0
28,1,113690.83,0,33114.24,1,605,10,1,0
42,0,99056.22,0,154347.95,2,563,6,0,1
34,0,0.0,1,184842.21,2,675,8,1,0
36,0,116338.68,1,155743.48,1,621,7,0,0
40,0,97339.99,1,88815.25,1,850,6,1,0
41,0,0.0,1,193747.57,2,711,3,1,0
55,1,137592.31,1,116548.02,2,549,1,0,1
34,1,108760.27,0,166324.79,2,764,6,1,1
30,1,128770.88,1,40199.01,2,627,3,1,0
34,0,0.0,0,51919.04,2,850,2,0,0
36,0,44054.84,1,73329.08,1,614,1,0,0
44,1,119657.53,0,145387.05,1,685,2,0,1
49,1,108797.63,0,140763.18,2,683,7,0,0
35,0,0.0,0,67979.35,2,643,2,1,0
49,1,102025.32,0,133051.64,1,561,1,0,1
20,0,122446.61,0,86791.9,2,601,9,0,0
27,0,158786.67,1,47579.25,2,766,7,0,0
29,0,125689.29,1,151623.71,1,699,3,1,0
29,1,154640.41,1,164039.51,1,850,1,1,0
50,1,146710.76,0,16528.4,1,792,4,0,1
67,1,136709.35,1,66753.1,1,636,7,1,1
43,1,129305.09,1,19244.58,2,850,5,1,0
40,0,0.0,0,103832.58,2,628,10,1,0
63,0,0.0,1,502.7,2,736,10,0,0
21,0,82844.33,1,1408.68,2,711,0,0,0
22,0,0.0,1,5985.36,2,583,2,0,0
46,0,0.0,0,37460.05,2,757,0,1,0
33,1,76692.22,1,30396.43,1,749,10,0,0
34,0,117715.84,0,2498.67,1,705,7,1,0
54,0,87105.32,1,55346.14,1,585,8,1,0
43,0,0.0,0,148330.97,1,437,6,0,1
64,0,69311.16,1,59237.72,1,741,2,0,0
26,0,0.0,1,48644.94,2,738,9,1,0
33,0,66948.67,1,140759.03,2,586,10,0,0
57,0,0.0,1,107712.42,2,627,9,0,0
76,0,128410.71,1,181718.73,2,551,2,1,0
38,1,99897.53,0,37054.65,1,606,3,1,0
22,0,0.0,1,173940.59,1,674,3,1,0
31,1,152622.34,0,99298.8,1,584,6,0,0
40,0,0.0,0,62933.03,2,590,8,1,0
56,0,138227.19,1,55287.84,2,585,4,1,0
25,0,111395.53,1,48197.06,1,508,2,0,0
44,1,84386.57,0,178642.73,1,458,7,1,0
36,0,0.0,1,8282.22,2,692,3,0,0
33,1,174673.65,0,33300.56,2,502,5,1,0
46,0,0.0,0,76515.79,2,518,3,1,0
46,1,109019.65,1,33680.56,2,660,5,1,0
52,1,107906.75,0,168886.39,1,698,1,0,1
54,0,128914.97,0,191746.23,1,678,7,1,1
63,0,111179.83,1,93091.02,1,773,9,1,0
52,1,124099.13,0,23904.52,1,619,8,0,0
59,1,122471.09,1,15807.07,1,684,9,1,0
34,0,134692.4,1,83773.02,2,635,3,1,0
25,0,123816.5,1,90162.35,1,680,4,0,0
34,1,106288.54,1,36639.25,1,608,3,1,0
55,1,127723.25,0,139469.11,2,603,7,0,1
43,0,145843.82,1,198402.37,1,579,2,1,1
34,1,148200.72,0,194584.48,1,756,2,0,0
30,0,104145.65,0,159629.64,1,611,2,1,0
24,1,142755.25,0,34231.48,1,532,8,1,0
63,1,81245.79,0,69643.31,1,684,3,0,1
33,1,168560.46,0,90270.16,2,647,3,0,0
38,0,0.0,0,47848.56,1,583,8,1,0
42,1,132193.94,1,162865.52,2,774,2,1,0
58,0,0.0,1,168650.4,1,677,9,1,0
25,1,139330.1,0,54372.37,1,542,8,1,0
29,0,0.0,1,133897.32,2,613,0,1,0
40,0,0.0,0,147878.05,2,666,5,1,0
28,0,134571.5,1,118313.38,1,777,2,0,0
50,1,143829.2,0,181224.24,2,581,2,1,1
32,0,0.0,0,7921.57,2,705,7,1,0
44,0,133444.97,1,5708.19,1,673,8,0,0
23,1,104753.84,0,56756.52,2,594,4,0,1
51,1,116574.84,0,4121.04,1,648,2,0,1
41,0,0.0,1,97213.09,2,605,10,1,0
40,0,176914.8,1,12799.23,1,734,9,0,0
36,0,68348.18,1,50400.32,2,572,8,0,0
33,0,0.0,1,41447.86,2,595,9,0,0
42,0,56726.83,1,185543.35,2,749,2,1,0
46,0,65269.23,1,189988.65,1,573,3,1,1
33,0,66220.17,1,170819.01,1,624,6,1,0
56,0,0.0,0,85547.33,1,703,9,1,1
41,0,96147.55,0,137037.97,1,665,8,0,0
42,0,0.0,0,19283.14,2,648,4,1,0
48,0,0.0,0,169425.3,1,850,2,1,1
32,1,145330.43,1,132038.65,1,569,8,0,0
21,0,0.0,1,3626.47,2,566,3,0,0
47,1,124192.28,1,50881.51,2,537,4,0,0
46,1,111288.18,1,149170.25,1,706,7,0,1
43,0,107805.67,0,182505.68,1,734,7,1,0
36,1,103700.69,0,194072.56,1,586,5,0,1
38,0,0.0,1,9209.21,2,612,1,0,0
34,0,0.0,1,167931.81,1,648,0,1,0
27,0,87739.08,1,123096.56,1,557,3,0,0
20,0,133313.34,1,3965.69,1,643,0,0,0
49,0,0.0,1,87711.61,1,433,10,0,0
41,1,154902.66,1,49667.28,1,643,7,1,0
36,0,0.0,0,136675.22,2,488,0,0,0
68,1,112595.85,0,35865.44,1,758,6,1,1
39,1,119695.75,1,26136.13,1,743,3,1,0
47,0,0.0,0,33373.26,1,730,7,0,1
49,0,0.0,1,10096.25,2,746,7,1,0
59,1,152614.51,1,188782.3,2,666,8,0,0
33,1,131647.01,0,79775.19,2,580,7,0,0
27,0,96654.72,0,152740.16,2,850,6,1,0
22,0,137583.04,1,5791.85,1,563,3,1,0
28,1,62717.84,1,13182.43,2,766,3,0,0
32,0,95377.13,1,187551.24,1,659,9,1,0
28,0,135936.1,1,110560.14,2,607,1,1,0
35,1,161591.11,1,63795.62,3,644,5,1,0
47,0,142382.03,1,62086.62,1,746,8,1,0
33,0,0.0,1,12483.56,2,588,2,1,0
30,0,0.0,1,10963.04,2,691,9,1,0
38,0,127043.09,1,8247.0,1,666,6,0,0
46,0,0.0,1,156260.08,1,640,3,0,0
29,1,78885.88,1,26927.69,2,611,4,0,0
45,0,95922.9,0,84782.42,1,651,8,0,1
29,0,0.0,0,19842.11,2,529,8,0,0
36,0,91711.59,1,95393.43,1,676,3,0,0
46,1,110031.09,1,133995.59,2,639,10,0,0
36,0,81210.72,1,108003.38,2,782,5,1,0
32,1,122947.92,1,99154.86,1,641,5,1,0
38,0,182065.85,0,49503.5,1,697,1,0,0
45,0,0.0,0,196533.72,1,623,0,1,1
41,0,69974.66,0,188426.13,2,494,2,0,1
38,0,123711.73,0,171340.68,2,731,10,0,1
44,0,76495.04,0,79071.89,1,657,6,1,0
38,0,0.0,0,20940.76,2,744,9,0,0
46,0,0.0,1,34774.26,2,774,9,1,0
45,1,121874.89,0,6865.41,1,850,1,0,1
45,0,0.0,1,51143.43,2,551,6,0,0
36,0,188455.19,0,47031.4,1,638,6,1,1
42,0,99045.93,0,47160.01,2,792,0,0,0
36,0,0.0,1,158666.99,1,666,8,0,0
30,1,205770.78,0,65464.66,2,716,2,0,0
31,0,79340.95,0,78255.86,1,594,0,0,0
57,1,138456.03,1,103548.25,2,600,9,1,0
49,0,0.0,1,89609.26,2,565,7,1,0
48,1,101099.9,1,193476.04,2,678,2,1,0
31,0,0.0,1,5199.02,2,648,5,0,0
40,0,109219.83,0,52827.51,1,642,8,1,0
67,1,123276.69,1,86507.88,2,706,1,1,1
43,0,113034.31,1,100423.88,1,668,10,1,0
41,0,0.0,0,175611.5,2,635,1,1,0
30,0,129548.5,1,19282.85,2,603,6,1,0
72,0,74812.84,1,27448.33,1,635,4,0,0
40,0,0.0,0,183963.34,2,642,7,0,0
54,0,0.0,0,45113.92,2,785,1,0,1
28,1,153538.13,0,110776.01,2,628,3,0,0
38,0,0.0,1,183042.2,2,499,9,0,0
34,0,0.0,1,161571.79,2,567,10,1,0
32,0,155619.36,1,166692.03,1,449,0,1,0
35,0,159693.9,1,71173.64,2,701,10,1,0
37,0,171653.17,1,5353.12,1,613,3,1,0
39,1,47685.47,1,86019.48,2,683,2,0,0
35,0,0.0,1,86383.82,2,581,4,1,0
61,0,0.0,0,31641.52,1,620,5,1,1
28,0,123692.0,1,70548.96,1,561,6,1,0
26,1,148853.29,1,24411.02,2,558,1,1,0
35,0,133161.95,1,122254.86,1,642,2,1,0
24,1,143221.35,0,186035.72,2,805,6,1,0
35,0,0.0,1,73133.82,2,687,9,1,0
56,0,0.0,0,187734.49,3,695,1,1,1
33,0,0.0,0,111590.35,2,562,6,1,0
38,1,126265.88,0,15859.95,2,613,9,1,0
37,0,0.0,0,61324.87,1,589,5,1,0
31,0,112713.34,1,176868.89,1,593,8,1,0
34,0,141173.03,1,98896.06,1,714,5,1,0
35,0,0.0,1,108739.15,2,588,7,0,0
39,0,0.0,0,12266.06,2,679,6,1,0
38,0,118866.36,1,163317.5,1,730,5,1,0
47,0,0.0,1,182247.77,2,833,2,1,0
33,0,0.0,1,168261.4,2,586,7,0,0
54,0,92316.31,0,158590.66,2,567,5,0,1
30,1,122185.53,0,102566.46,1,637,1,1,1
38,0,123345.85,0,141827.83,1,711,4,1,0
30,0,73070.18,0,161671.15,2,828,4,1,0
38,0,0.0,0,192013.23,2,500,7,1,0
47,0,95120.59,0,127875.1,1,807,1,1,0
40,0,102800.65,0,60811.56,1,850,8,1,0
70,0,97072.42,1,131177.22,1,782,7,0,0
31,0,132876.55,1,130862.11,1,629,6,1,0
33,0,0.0,1,72970.93,2,582,6,1,0
22,0,0.0,0,28123.99,2,468,2,1,0
36,0,0.0,0,140754.19,1,670,3,1,1
39,0,0.0,0,166650.32,1,805,2,1,0
26,0,51962.91,0,45507.24,2,720,10,1,0
29,0,98759.89,0,112202.64,1,781,6,0,0
33,1,156570.86,1,37140.2,1,592,2,1,0
42,0,0.0,1,178256.58,1,542,1,0,1
42,0,159024.71,0,100982.93,1,532,1,1,1
39,0,73493.17,1,109626.13,1,520,1,0,1
45,0,0.0,1,99251.24,2,759,8,0,0
35,0,69617.36,0,143345.69,1,473,6,0,0
35,0,136526.26,0,59653.03,2,639,5,0,0
25,0,113736.27,1,196864.61,1,705,3,1,0
52,0,106723.28,0,109960.4,1,530,1,1,1
33,1,138847.9,1,127256.7,1,516,10,0,0
40,0,0.0,0,1099.95,2,850,0,0,0
33,1,107868.14,1,146192.4,2,746,2,0,0
33,1,96926.12,0,48553.77,2,622,3,1,0
30,0,77599.23,0,144407.1,1,743,7,1,0
38,1,178787.54,1,195760.53,1,732,5,1,0
81,0,0.0,1,44827.47,2,850,5,1,0
34,1,129668.43,1,88743.99,2,850,3,0,0
34,0,146178.13,1,88837.11,2,686,6,1,0
40,0,0.0,0,62112.7,2,556,8,0,0
37,0,0.0,0,163563.07,2,673,4,1,0
38,0,154763.21,1,174800.31,2,809,2,0,0
56,1,116251.24,1,42429.88,1,634,3,0,1
37,0,0.0,1,82647.65,2,630,6,1,0
30,1,100954.88,0,134175.15,2,564,0,0,0
51,0,124620.01,0,92243.94,2,625,4,0,1
34,0,0.0,1,6175.53,2,677,4,0,0
40,0,112701.04,0,29213.63,1,583,9,1,0
45,0,84692.5,1,67214.02,1,592,8,1,0
49,1,108204.52,0,169037.84,1,637,2,1,1
30,0,86449.39,1,188809.23,1,850,6,1,0
42,0,0.0,1,79408.17,1,633,10,1,0
36,1,73194.99,1,89222.66,1,751,5,1,0
31,1,124593.23,0,86079.67,1,592,7,1,0
50,1,119655.77,1,12944.17,1,716,2,1,1
42,1,121765.37,1,166516.84,2,641,3,1,0
35,0,110837.73,0,126419.8,1,849,4,1,0
47,0,99835.17,1,89103.05,1,647,10,1,0
30,1,91057.37,0,132973.17,2,608,2,0,0
26,0,0.0,0,93122.41,2,555,7,0,0
27,0,149400.27,0,167522.19,1,497,7,1,0
38,1,89111.63,0,157239.6,1,599,9,1,0
33,1,132527.9,1,107429.71,2,545,1,1,0
36,0,114997.42,0,75304.09,1,774,9,0,0
46,0,161798.53,0,182944.47,1,464,6,1,0
27,1,96129.32,1,5983.7,2,696,2,0,0
45,0,0.0,0,163655.01,2,667,3,1,0
32,0,133050.97,0,89385.92,2,812,5,1,0
51,0,120124.35,1,168773.54,2,516,8,1,0
39,0,0.0,0,96864.36,2,645,8,1,0
32,0,133705.74,0,134455.84,1,664,5,1,0
39,0,0.0,0,28368.37,2,427,9,0,0
40,0,0.0,0,103898.59,2,685,7,0,0
33,0,152805.05,0,63239.65,1,585,4,0,0
21,1,151701.45,1,170138.68,3,519,1,0,1
67,0,0.0,1,3837.08,2,708,1,0,0
22,0,112465.06,1,92977.75,1,717,5,0,0
24,1,156007.09,0,191368.37,1,465,6,1,0
28,1,132405.52,0,104889.2,3,829,3,1,1
26,0,142662.68,0,60285.3,1,826,5,1,0
36,1,102603.3,1,180693.61,2,747,8,1,0
32,0,0.0,0,126475.79,2,707,9,1,0
37,0,0.0,0,133535.99,2,590,1,1,0
57,0,105000.85,1,87412.24,2,603,6,1,1
45,0,0.0,1,164886.64,2,615,5,1,0
36,0,69518.95,0,116238.39,1,634,1,0,0
41,1,126145.54,1,138051.19,2,716,8,1,0
41,0,138937.35,1,101617.64,1,647,4,1,1
44,1,113581.98,0,1985.41,1,591,10,0,0
34,0,112572.39,0,165626.6,1,574,1,1,0
51,1,114514.71,0,177784.68,2,467,10,1,1
35,0,0.0,1,65765.22,2,701,2,0,0
34,0,0.0,1,50759.8,2,747,10,0,0
32,0,84906.45,0,163216.48,1,650,2,1,0
39,0,126816.18,1,74850.93,1,731,2,0,0
26,1,105249.76,1,23491.09,2,638,1,0,0
41,0,0.0,0,134272.57,2,569,2,1,0
50,1,109387.9,0,155721.15,1,459,5,1,0
23,1,122478.51,0,147230.77,1,632,3,1,1
73,0,137732.23,1,133210.44,2,683,8,0,0
46,0,157866.77,1,18986.12,1,850,2,0,0
41,0,0.0,1,100507.81,1,512,6,0,0
31,0,136789.14,0,59346.4,1,616,3,0,1
36,0,0.0,1,95372.64,2,664,1,1,0
30,0,144684.03,1,31805.49,1,694,10,1,0
24,0,107065.31,1,51959.82,1,655,9,1,0
33,0,91301.72,1,130824.57,1,607,8,0,0
39,0,207034.96,0,157694.76,2,684,4,1,1
37,0,0.0,1,933.38,2,763,8,1,0
50,0,0.0,1,2560.11,1,671,8,1,0
38,0,0.0,1,12905.89,1,592,3,1,1
36,0,0.0,0,176692.87,2,666,6,0,0
34,0,0.0,1,102908.63,2,667,5,1,0
36,0,0.0,1,41291.05,2,850,6,1,0
42,0,0.0,0,119127.06,2,622,9,1,0
30,0,92472.1,1,126434.61,2,577,8,0,0
21,0,0.0,0,103901.35,2,555,1,1,0
62,0,127738.75,1,85153.0,2,547,10,1,0
50,1,101242.98,0,12493.61,2,613,5,0,0
43,0,92599.55,1,167336.78,2,672,4,0,0
36,0,0.0,1,186180.42,2,624,10,0,0
50,0,0.0,0,88566.9,4,698,1,0,1
37,0,82373.94,0,172526.9,1,606,6,1,1
31,0,141356.47,0,137985.69,1,720,4,1,0
23,0,0.0,0,19793.73,1,835,9,1,1
47,0,72664.0,1,107874.39,2,771,3,0,0
47,0,123365.34,0,171995.34,2,811,3,0,0
33,1,121898.58,0,61829.89,1,734,5,1,0
33,0,0.0,1,31728.35,1,548,6,1,0
31,0,103696.97,0,155221.05,3,652,3,0,1
33,0,0.0,0,130866.95,2,707,2,1,0
56,1,74129.18,1,62199.78,2,605,1,0,1
34,0,0.0,0,24255.21,1,623,9,0,0
29,1,185379.02,0,64679.07,1,686,3,1,0
47,1,118087.68,0,88120.78,1,525,1,0,1
41,0,109402.13,1,66463.62,1,657,8,1,0
33,1,130367.87,0,15142.1,1,730,7,0,1
34,1,108410.87,0,102908.91,2,816,2,0,0
50,0,90408.16,0,48170.57,2,484,2,0,0
34,0,90425.15,1,11597.69,2,728,6,0,0
39,0,140094.59,0,172450.04,1,730,6,0,1
31,0,0.0,1,184061.17,2,477,9,1,0
46,1,95439.4,1,21038.58,1,663,6,0,1
34,1,204017.4,0,109538.35,2,549,6,1,0
29,0,0.0,0,129192.55,2,714,9,1,0
49,1,137115.16,0,146516.86,1,430,3,1,1
43,1,134740.19,0,181430.91,2,504,5,1,0
29,0,0.0,0,121451.21,2,530,5,0,0
29,1,98955.87,1,131712.51,1,619,4,1,0
44,1,49157.09,0,53294.17,2,617,9,1,0
31,1,130240.33,0,96546.55,1,791,1,1,0
48,0,108019.27,1,184524.65,3,609,1,1,1
51,1,126725.25,0,195259.31,1,780,4,1,1
34,1,96693.66,1,172618.52,1,777,5,0,0
27,1,129810.6,1,59259.44,1,817,7,0,0
58,0,156652.13,0,25899.21,1,850,8,1,1
36,0,0.0,0,3749.0,1,732,9,0,1
40,0,130661.96,1,101918.96,1,693,4,1,0
50,0,0.0,1,57802.62,2,576,8,0,0
37,0,0.0,0,142454.77,2,643,6,1,0
47,0,130747.1,0,143829.54,1,757,3,1,0
30,1,106629.49,1,44114.88,1,569,6,1,0
36,0,112029.83,1,186948.35,1,772,3,1,0
29,1,130575.26,1,173629.78,1,576,7,1,0
28,1,96679.71,1,49133.45,1,608,4,1,0
33,0,0.0,0,178122.71,2,794,0,1,0
50,0,171740.69,0,20893.61,1,593,6,1,0
38,0,0.0,0,41303.29,2,597,1,1,0
39,1,100116.67,1,199808.1,1,541,9,0,1
24,1,120596.93,1,180490.53,1,692,2,1,0
48,0,0.0,1,87400.53,2,697,1,0,0
29,0,95984.69,1,73686.75,2,768,2,1,0
38,0,142557.11,1,172497.73,1,802,1,1,0
47,0,0.0,0,89286.29,2,584,5,1,0
66,0,0.0,1,180082.7,2,614,2,1,0
36,1,143644.16,0,22102.25,1,850,6,0,1
38,0,132129.72,1,76068.95,1,671,6,0,0
52,0,0.0,0,32159.46,2,626,0,0,1
68,0,183555.24,0,159557.28,1,770,2,0,1
38,0,91902.56,1,107673.35,2,633,2,1,0
40,0,156218.19,1,33607.72,1,663,6,1,0
43,1,93259.57,0,141035.65,3,581,5,0,1
45,1,168085.38,1,115719.08,2,561,2,0,0
51,1,107714.74,0,86128.21,3,479,1,1,1
31,0,117852.26,0,147668.64,2,769,6,0,0
60,0,0.0,0,177480.45,1,659,2,1,1
51,0,84474.62,1,190937.09,2,590,10,0,0
50,0,0.0,0,84531.79,2,560,3,1,0
35,1,126803.34,1,161133.4,2,437,6,1,0
34,0,0.0,0,185555.63,2,661,0,0,0
36,1,68806.84,0,33075.24,1,677,10,0,0
31,0,115141.18,0,39806.75,1,560,3,0,0
35,0,0.0,1,26389.92,2,578,2,0,0
34,0,90723.36,1,12162.76,1,421,6,1,0
49,1,151249.45,1,167237.94,2,492,2,0,0
32,0,0.0,1,52067.37,2,545,6,0,0
43,1,94752.49,0,184006.36,1,640,9,0,1
34,0,0.0,0,582.59,1,624,6,0,1
28,0,0.0,0,143274.41,1,577,7,1,0
31,0,132084.66,1,54474.48,3,704,5,1,1
45,0,0.0,1,121428.2,2,523,5,1,0
35,0,0.0,1,79704.12,2,793,2,1,0
53,0,45472.28,1,41055.71,1,564,2,0,1
33,0,0.0,0,41590.4,1,711,1,1,0
33,1,130229.71,0,54019.93,2,791,10,0,1
38,1,123948.85,0,76053.07,1,629,9,0,0
39,1,127415.85,1,184977.2,1,729,6,1,1
35,1,110067.71,0,127678.95,1,651,8,1,1
39,0,65521.2,1,1243.97,1,695,4,1,0
31,0,0.0,1,76326.67,2,847,5,1,0
47,0,0.0,1,145338.61,2,704,5,1,0
33,1,155736.42,1,57751.21,2,613,3,1,0
29,0,0.0,0,138880.24,2,692,4,0,0
34,0,118307.57,1,136120.29,2,720,3,0,0
41,0,0.0,1,167621.18,1,577,6,1,0
24,1,103099.17,0,173276.62,2,710,7,0,0
38,0,0.0,1,99661.46,2,716,1,0,0
33,0,125789.69,0,66333.56,1,410,6,1,1
36,1,109646.83,1,70240.79,1,584,4,0,0
30,0,127187.86,1,113553.42,1,792,1,1,0
36,0,0.0,1,690.84,1,605,6,0,0
24,0,0.0,0,98802.76,1,486,1,1,0
41,0,130385.82,1,130661.95,1,615,4,1,0
23,0,107787.47,1,116378.82,1,676,1,1,0
34,0,99325.04,1,186052.15,2,571,1,1,0
37,0,0.0,0,100101.06,1,850,9,0,0
48,0,123764.95,1,169952.82,1,717,7,1,0
39,1,128264.03,0,61792.76,1,642,8,0,1
47,0,86006.21,1,37973.13,1,780,7,1,0
38,1,57068.43,0,188974.81,2,492,8,0,0
29,1,103607.24,1,86334.64,2,760,5,1,0
40,0,99004.24,1,152845.99,1,500,1,1,0
36,0,0.0,1,146652.11,2,654,2,0,0
25,0,147386.72,0,45482.04,3,606,3,0,1
42,0,93608.28,0,168816.73,1,367,6,1,1
38,0,0.0,1,59297.34,2,799,2,1,0
71,1,119496.87,0,125848.88,1,434,9,1,0
32,0,0.0,0,76264.27,1,719,7,0,0
37,0,0.0,0,3939.87,2,641,2,0,0
25,0,0.0,1,15306.29,2,461,6,0,0
25,1,152885.77,0,58214.79,1,790,5,0,0
31,0,99607.37,1,35877.03,2,588,4,1,0
27,0,137003.68,0,21254.06,1,621,4,1,0
48,1,122831.58,1,24533.89,1,768,3,1,1
38,0,99811.44,0,23531.5,2,681,2,1,0
37,0,154712.58,0,89099.18,2,606,8,1,0
37,0,0.0,1,807.06,1,542,8,1,0
24,1,147687.24,1,121592.5,1,713,7,0,0
33,0,0.0,1,4700.66,2,597,2,0,0
27,0,127009.83,0,161909.95,1,635,3,1,0
61,1,124737.96,1,90389.61,1,599,1,1,1
44,0,179356.28,0,2919.21,2,496,0,0,1
31,0,0.0,1,99086.74,2,759,8,1,0
31,1,127320.36,0,163170.32,3,757,1,1,0
31,0,125175.58,1,72757.33,1,564,0,1,0
22,0,186788.96,0,73286.8,2,561,6,0,0
40,0,148556.74,1,146056.29,1,702,3,1,0
40,1,128644.46,0,167673.37,1,678,8,0,0
46,0,127476.73,1,146011.55,2,707,7,0,0
27,0,159561.93,1,103381.47,1,610,9,0,0
42,0,112419.92,1,83022.92,1,744,1,1,0
28,0,129991.76,1,46041.08,2,598,8,1,0
36,0,0.0,1,182843.24,1,562,5,1,0
59,0,0.0,1,171364.18,2,621,2,0,0
50,0,0.0,0,183399.12,1,659,3,0,1
40,1,89175.06,1,152883.95,2,722,6,0,0
39,0,0.0,0,50560.45,2,606,3,0,1
39,0,162390.52,0,54702.66,2,603,5,0,0
59,1,190353.08,0,78365.75,1,506,3,0,0
21,0,0.0,0,68666.63,2,715,8,1,0
47,0,0.0,0,151375.73,2,690,2,1,0
40,0,139180.97,1,19959.67,1,644,10,0,0
36,0,114435.47,0,26955.72,1,589,8,1,0
66,0,149950.19,1,76267.59,1,592,5,0,0
42,0,126115.6,0,100998.5,1,632,4,1,0
59,1,111396.97,1,191070.01,1,577,7,0,0
30,0,115007.08,0,176858.5,1,588,3,1,0
54,0,102141.9,1,45325.26,1,617,6,1,0
36,0,133686.52,0,190958.48,1,668,3,0,1
32,0,120879.73,1,78896.59,2,810,9,1,0
47,0,0.0,0,121964.46,1,767,5,1,1
49,0,82321.88,1,11144.4,1,718,10,0,0
27,0,0.0,0,144181.48,2,589,4,0,0
33,0,116474.28,1,32757.55,2,778,5,1,0
34,0,132352.69,0,80320.3,1,724,3,0,0
39,1,182491.57,0,185830.72,1,477,4,0,0
34,0,0.0,1,160095.31,2,580,6,1,0
63,0,120787.18,1,52198.84,2,566,2,1,0
29,0,130181.47,0,31811.44,2,711,3,0,0
32,1,88348.43,1,104181.78,2,706,5,1,0
31,0,0.0,1,67667.19,2,703,6,1,0
39,1,146186.28,1,193974.47,2,679,2,1,0
32,0,0.0,0,198055.94,1,603,7,1,1
34,0,104488.17,1,43249.67,1,598,0,1,0
32,1,109196.67,0,55218.02,2,836,4,0,0
61,0,80538.56,0,131305.37,1,687,7,0,1
41,1,109026.8,1,43117.1,2,704,4,1,0
75,1,61319.63,1,186655.11,1,605,2,1,0
40,0,0.0,1,33266.29,2,516,9,0,0
39,0,0.0,1,555.28,2,572,2,0,0
42,0,177822.03,0,150944.31,1,557,6,1,1
59,1,110939.3,0,72846.58,1,443,4,1,1
25,1,165413.43,1,35279.74,1,604,7,1,0
27,0,77805.66,1,2101.89,1,483,1,1,0
50,0,0.0,0,94949.84,2,702,3,1,0
57,0,175575.95,0,99061.75,2,670,3,0,1
38,0,124197.22,0,74692.06,1,804,3,0,0
30,0,0.0,0,116692.8,2,850,3,0,0
39,0,160132.75,0,32824.15,1,554,10,0,0
37,1,70258.88,0,139607.61,2,588,7,0,0
32,1,162657.64,1,115525.13,2,758,4,1,0
43,1,132217.45,0,20955.03,1,787,0,1,1
25,0,148042.97,0,52341.15,2,582,9,1,0
33,0,92855.02,1,159813.18,1,633,4,0,0
47,1,129289.98,0,169935.46,1,766,9,1,1
37,0,100252.18,1,146033.52,1,564,9,1,0
37,0,107592.89,1,153122.73,2,602,3,1,0
39,0,113096.41,1,60335.24,1,649,3,1,0
40,0,0.0,1,163757.29,2,679,7,0,0
34,0,149940.04,0,156648.81,2,639,7,1,0
50,1,121438.58,1,176471.78,1,790,8,1,1
32,0,0.0,0,5388.3,2,565,9,1,0
50,0,0.0,1,93332.64,1,478,2,0,1
29,0,148874.01,1,71192.82,2,825,3,1,0
32,0,68138.37,1,170309.19,1,528,0,0,0
35,0,110080.3,1,109794.31,1,577,5,1,0
24,0,0.0,1,166310.82,2,663,7,1,0
25,1,114268.85,1,126728.27,2,505,5,0,0
29,1,117412.35,0,30338.94,1,633,6,1,0
38,0,0.0,1,37935.83,2,586,6,0,0
35,0,0.0,0,25329.48,2,850,9,0,0
37,1,35549.81,0,49676.33,2,629,1,0,0
56,0,0.0,1,169498.61,2,744,9,1,0
36,0,136492.92,1,26500.29,3,750,7,1,1
28,1,123675.69,1,166458.41,1,637,3,1,0
40,0,139532.34,0,181294.39,1,575,1,0,0
58,0,178713.98,1,21768.21,1,671,1,1,0
40,0,0.0,0,72849.29,2,571,5,1,0
41,0,89086.31,0,24499.97,1,590,1,1,0
38,0,96143.47,0,98994.92,1,619,3,1,0
30,1,32197.64,1,141446.01,1,640,5,0,0
38,0,0.0,1,77864.41,2,670,7,1,0
33,0,0.0,0,115115.32,2,737,4,0,0
32,0,0.0,1,168605.96,2,555,10,1,0
33,0,0.0,0,38550.4,2,742,6,1,0
40,1,140306.38,0,160618.61,1,618,0,0,1
35,0,0.0,0,3701.63,2,560,1,0,0
38,0,0.0,0,88659.44,2,654,8,1,0
42,1,74483.97,1,44273.91,2,787,2,0,0
53,0,0.0,1,156495.39,2,611,7,0,1
34,0,0.0,0,182988.94,1,559,0,1,0
37,0,152303.66,1,175082.2,2,481,8,1,0
32,1,159904.79,0,148811.14,1,753,5,1,0
32,0,0.0,0,85901.09,3,675,1,1,0
31,1,99557.94,0,199255.32,1,748,1,0,0
46,0,116886.59,0,107973.44,1,610,5,0,0
32,0,142188.2,1,128028.6,2,580,9,1,0
40,1,149961.99,0,104610.86,2,624,3,0,0
36,0,0.0,1,69676.55,2,709,8,0,0
34,0,0.0,0,35982.42,1,605,2,0,0
53,0,0.0,1,117939.17,2,706,7,1,0
40,0,28649.64,1,95140.62,1,567,8,1,0
21,0,81025.6,0,167682.57,2,747,4,0,0
57,0,0.0,1,56562.57,2,664,1,1,0
39,0,152462.79,0,90305.97,1,711,3,0,0
25,0,0.0,1,109895.16,1,609,10,1,0
28,0,155519.59,0,1843.24,1,632,7,1,0
36,0,118851.05,1,102747.02,1,725,1,0,0
34,0,92899.27,0,97465.89,2,850,9,0,0
40,0,0.0,1,105352.55,1,682,4,1,0
37,0,75263.7,0,85801.77,1,797,4,1,0
38,0,147904.31,1,69370.05,1,668,1,1,0
41,1,106640.5,0,176945.96,1,783,5,0,0
28,1,90696.78,1,21597.2,1,766,4,0,0
36,0,175509.8,0,152039.67,2,704,2,0,0
40,0,0.0,1,111893.09,2,722,6,1,0
34,0,0.0,0,195074.62,2,692,7,0,0
35,0,114321.28,0,15959.01,2,584,2,0,0
51,1,95560.04,0,72628.84,1,644,4,0,1
50,1,88379.81,1,64157.24,3,598,5,0,1
48,1,85915.52,1,23860.5,1,733,7,1,0
58,1,72309.3,1,85687.09,1,615,3,1,1
39,0,0.0,0,179451.42,2,850,2,0,0
43,0,0.0,1,93180.09,1,521,8,1,0
69,0,0.0,0,157097.09,2,675,1,1,0
58,0,0.0,1,80344.96,3,746,3,1,1
33,0,0.0,0,26080.54,1,770,4,0,1
30,0,133844.22,1,31406.93,1,618,3,1,0
36,0,154872.08,1,32044.64,2,556,7,1,0
27,0,0.0,0,132734.87,2,749,9,0,0
43,0,116121.67,0,61602.42,1,702,6,1,0
42,1,107104.5,1,41304.44,1,555,6,1,1
47,0,71026.77,0,57962.41,1,587,6,1,0
38,0,0.0,0,42862.82,1,639,3,1,0
33,0,0.0,1,152992.04,2,643,4,1,0
41,0,0.0,1,91193.65,2,600,1,0,0
53,0,0.0,1,130132.41,2,651,7,1,0
27,0,0.0,0,88751.45,2,666,4,0,0
39,0,145644.05,0,104118.93,1,520,6,0,0
50,0,129667.77,0,42028.16,1,650,7,0,0
33,1,109341.87,0,75632.78,1,564,3,1,0
64,0,0.0,1,53710.23,2,586,1,1,0
35,0,0.0,1,13066.3,2,617,5,0,0
30,0,0.0,0,152417.97,2,712,6,0,0
55,0,87485.67,1,3299.01,1,654,3,1,0
27,0,0.0,0,198091.81,2,605,9,1,0
36,0,53369.13,1,103934.12,1,491,0,0,0
35,0,0.0,1,70403.65,2,707,9,0,0
34,0,146679.77,0,102179.86,1,638,5,1,0
43,0,112499.42,0,30375.18,2,683,2,1,0
38,0,48387.0,0,184796.84,1,815,2,0,0
38,0,68079.8,1,166264.89,1,645,1,1,0
49,1,160133.88,1,88391.97,1,645,4,1,0
30,0,66190.33,1,115186.97,1,683,4,1,0
37,0,0.0,1,13935.53,2,705,10,0,1
35,0,123761.68,0,83910.4,1,647,4,1,0
33,1,122325.58,0,34712.34,1,786,0,0,1
41,0,0.0,0,13871.34,2,534,9,1,0
42,0,138912.17,1,139494.75,1,602,1,0,0
42,0,0.0,1,140724.64,2,695,0,0,0
25,1,128524.19,0,20682.46,2,553,7,0,0
31,0,0.0,0,124202.26,2,516,3,0,0
34,0,0.0,0,159638.77,2,655,3,0,0
49,1,132934.89,0,171056.65,1,849,9,0,1
43,1,150805.17,1,25333.03,3,520,3,1,1
46,0,0.0,1,29372.62,2,568,3,0,0
32,0,0.0,1,38533.79,3,695,9,1,0
28,0,165969.26,0,156122.13,3,807,7,0,1
36,1,124495.98,1,57904.22,3,642,2,0,1
39,1,141559.5,1,31257.1,1,703,1,1,1
38,0,114756.14,0,193214.05,1,556,2,1,0
30,0,0.0,1,137757.69,2,585,6,0,0
49,1,155393.98,0,13308.2,2,587,7,0,1
32,0,0.0,1,132861.9,1,524,6,0,1
31,1,128663.81,0,125083.29,2,556,1,0,0
44,0,113522.64,1,12405.2,1,504,4,1,0
26,0,0.0,0,37697.29,2,731,3,0,0
34,0,0.0,1,105599.65,2,651,3,1,0
40,0,79035.95,0,142783.98,1,675,8,0,1
22,0,0.0,1,168412.07,3,657,6,0,1
33,1,141918.09,1,184036.47,2,686,9,1,0
35,0,107944.33,0,48478.47,2,690,9,0,0
36,0,0.0,1,3896.08,2,567,7,1,0
57,1,120043.13,0,132370.75,1,557,1,1,1
45,0,125191.69,1,128260.86,1,446,10,0,1
31,0,96399.31,0,106534.15,2,850,1,1,0
41,0,0.0,1,102515.42,2,637,2,1,0
60,0,76961.6,1,83643.87,2,499,7,1,0
34,1,98675.74,0,138906.85,1,622,7,0,1
37,1,126817.13,1,29995.83,2,684,1,1,1
32,0,121394.42,0,164081.42,1,612,3,1,0
29,1,106059.4,0,187976.88,1,813,5,0,1
44,1,112755.34,0,158171.36,2,850,2,1,0
29,0,0.0,0,155711.64,2,795,4,1,0
55,0,0.0,0,85890.75,3,628,7,0,1
38,1,145400.69,1,83844.79,2,565,7,0,0
39,0,72647.64,0,41777.9,1,601,3,1,1
40,0,0.0,1,81908.09,2,802,4,1,0
37,1,96340.81,1,139377.24,2,614,6,0,1
55,0,0.0,1,73562.05,1,434,6,1,1
32,1,124450.36,1,165786.1,2,522,8,1,0
36,1,113877.23,0,174921.91,2,550,2,1,0
25,0,0.0,1,120790.02,2,599,3,1,0
36,0,148667.81,0,56092.51,2,493,5,0,0
34,0,0.0,1,158816.03,2,755,3,1,0
62,0,111065.93,1,125660.99,2,605,4,0,0
41,0,0.0,0,128400.62,1,708,0,1,0
44,0,158697.61,0,107181.22,1,699,8,1,0
53,0,0.0,0,77203.72,1,763,4,0,1
25,0,0.0,0,129740.11,2,743,6,1,0
48,0,90044.32,1,187604.97,2,660,0,0,1
38,1,84651.79,1,184754.26,1,619,10,1,0
32,1,102128.27,0,63981.37,1,739,3,1,1
60,1,148846.39,0,192831.67,1,769,9,1,1
69,0,154953.94,1,70849.47,1,692,10,1,0
30,0,108883.29,0,27914.95,1,560,0,0,0
48,0,112070.86,0,173568.3,3,607,4,0,1
29,1,131354.39,1,9324.31,1,630,6,1,1
45,1,132746.2,0,26628.88,2,767,7,0,1
34,0,0.0,1,145601.8,2,543,8,0,0
39,0,125211.55,0,144496.07,2,776,8,1,0
58,0,0.0,1,11779.98,2,535,1,1,1
36,1,139422.37,0,83983.39,1,549,6,1,1
28,0,0.0,1,123318.37,2,844,4,0,0
47,1,157099.47,1,65481.86,2,586,5,0,0
40,0,0.0,0,47728.0,2,583,3,1,0
26,0,83600.24,1,59195.05,1,701,5,1,0
28,0,0.0,0,98060.51,1,726,2,1,0
36,1,81795.74,0,90106.94,2,829,4,1,0
38,0,129378.32,1,13549.34,1,749,9,1,0
46,0,0.0,0,113436.08,1,743,9,0,0
56,0,0.0,1,42442.21,2,619,7,0,0
22,0,99339.0,0,68297.61,1,699,9,1,1
36,0,0.0,0,80134.65,2,749,7,1,0
29,1,74430.1,1,96051.1,2,600,6,0,0
38,0,91241.85,1,80682.35,1,760,3,1,0
32,1,99092.45,1,111149.98,1,528,2,1,0
26,0,0.0,0,182612.38,2,630,5,0,0
39,1,100062.16,0,109201.43,2,683,2,0,0
26,1,98723.67,1,151146.67,1,677,6,0,0
29,0,0.0,1,93901.61,1,669,9,1,0
43,0,128760.32,0,36342.79,1,693,6,1,0
52,0,144772.69,0,98302.57,1,612,5,0,1
44,0,0.0,0,84972.9,1,719,4,1,1
26,0,71281.29,1,108747.12,1,702,2,1,1
29,0,117035.89,1,21862.19,1,755,9,1,0
26,0,0.0,0,121551.93,2,514,1,1,0
40,0,3768.69,0,177065.24,2,753,0,0,1
36,1,108913.84,1,140460.01,2,548,2,0,0
28,1,101100.22,1,35337.31,2,850,2,1,0
38,0,110615.47,1,193502.93,1,612,7,0,0
33,1,152143.89,1,32174.03,1,628,8,1,0
47,0,121797.09,1,5811.9,1,479,6,1,1
41,0,109798.25,1,149593.61,1,724,5,0,0
41,1,122403.24,1,37439.9,1,512,7,1,1
43,0,145860.98,1,142763.51,1,638,3,0,1
40,0,0.0,0,45038.74,2,834,7,1,0
29,0,0.0,0,172097.4,2,781,9,1,0
48,1,105086.74,1,180344.69,1,707,7,0,1
22,0,114991.45,1,37392.56,1,670,2,1,0
33,0,96769.04,1,36864.05,1,663,8,0,0
23,0,0.0,0,132418.59,2,624,5,0,0
34,0,0.0,0,60894.26,2,598,4,0,0
23,1,132725.1,1,143913.33,1,619,5,1,0
70,0,0.0,1,172240.27,2,792,3,0,0
26,0,0.0,0,86619.77,2,683,7,0,0
33,0,0.0,0,164074.89,2,691,6,0,0
33,0,84557.82,1,69039.43,1,765,5,0,0
49,0,93817.41,1,132468.76,2,508,1,1,1
33,0,113913.53,1,65316.5,1,637,9,0,0
44,1,140406.68,1,57164.19,2,667,5,0,0
22,0,105229.34,1,34397.08,1,575,8,0,0
46,0,0.0,1,177431.59,3,744,1,0,1
41,0,137891.35,0,142009.46,1,567,9,0,1
35,0,0.0,1,80618.47,2,502,6,0,0
53,0,0.0,1,124218.27,2,609,6,0,0
37,0,165252.52,0,85286.3,1,715,9,1,0
32,0,0.0,0,40889.14,2,541,8,1,0
71,0,0.0,1,107236.87,2,850,4,0,0
23,0,0.0,1,168085.97,2,595,7,1,0
28,1,122034.4,1,146663.43,3,650,5,0,1
44,0,0.0,0,4791.8,1,625,7,0,0
59,0,118962.58,1,120819.58,1,817,1,1,0
49,0,0.0,0,114539.67,1,526,2,1,1
34,0,71379.53,1,154000.99,2,850,4,0,0
40,0,171178.25,0,137980.58,1,598,2,0,1
36,0,131307.11,0,83343.73,1,613,9,1,0
62,0,0.0,1,82195.15,2,709,3,1,0
27,0,87099.85,0,149550.95,2,678,5,0,0
71,0,183135.39,1,197688.5,2,720,5,1,0
26,0,0.0,1,72929.96,2,662,0,1,0
51,0,0.0,0,171045.35,3,525,10,1,1
31,0,0.0,1,27731.05,2,662,3,1,0
33,0,0.0,1,126131.9,2,770,6,0,0
33,0,72535.45,1,103931.49,1,721,4,0,0
58,1,128137.42,0,147635.33,2,633,2,1,1
51,0,0.0,0,61961.57,2,701,9,1,0
42,1,115915.53,1,125435.47,2,556,0,1,1
66,0,0.0,1,42240.54,2,639,0,1,0
50,0,0.0,0,57942.88,2,632,2,1,0
29,0,107000.49,1,153419.62,1,456,5,1,0
38,0,0.0,0,189727.12,2,729,10,0,0
34,0,0.0,0,165385.55,2,632,2,0,0
34,0,152806.74,0,19687.99,1,433,9,1,0
60,0,92887.06,0,39473.63,1,802,3,0,1
25,0,0.0,1,144723.38,2,670,7,1,0
40,1,114940.67,1,194895.57,2,738,6,0,1
34,1,140641.26,1,77271.91,2,706,0,1,0
70,1,71816.74,0,105096.82,2,592,5,0,1
41,0,0.0,1,176780.39,2,522,7,0,0
48,0,165282.42,0,153786.46,1,746,5,1,1
42,0,143145.87,0,43612.06,2,651,2,1,0
28,0,114731.76,1,79479.74,2,494,9,1,0
46,1,113909.69,0,92320.37,3,753,9,0,1
36,1,116695.27,0,193201.86,1,671,2,1,0
42,0,0.0,0,126353.13,1,696,4,1,1
43,0,0.0,1,135008.92,2,577,3,1,0
36,0,0.0,1,17135.6,2,587,1,1,0
37,1,93978.96,0,60651.77,2,712,7,1,0
35,1,121968.11,1,188343.05,2,498,2,1,0
37,0,97324.91,0,23291.83,1,660,2,1,0
29,0,0.0,0,64443.75,2,678,6,1,0
37,0,0.0,1,287.99,2,530,8,1,0
48,0,0.0,1,137961.41,2,559,2,0,0
42,0,145155.37,0,72169.95,1,624,3,1,1
28,0,137222.77,0,39608.58,1,592,5,1,0
48,0,0.0,1,175458.21,2,767,9,1,0
38,1,114268.22,1,89524.83,2,653,5,0,0
27,0,0.0,1,13221.25,2,678,2,1,0
42,0,0.0,0,102889.34,1,586,2,0,0
40,0,150490.32,0,166468.21,1,550,8,0,1
28,1,160858.13,0,27149.27,2,643,9,1,0
39,0,170288.38,1,59601.15,1,612,5,1,0
27,1,111568.01,1,22026.18,1,674,4,0,0
29,0,83889.03,0,153059.62,1,657,7,1,0
35,1,171982.95,1,167313.07,2,724,0,0,0
34,0,0.0,0,12833.96,2,500,4,0,0
20,0,137624.4,1,197582.79,2,688,8,1,0
50,0,121159.65,0,4033.39,1,599,3,1,1
29,0,0.0,1,125877.22,2,631,7,1,0
52,0,0.0,1,176913.42,2,634,1,1,0
37,0,91184.01,0,105476.65,1,545,3,1,0
18,0,0.0,0,59172.42,2,644,8,1,0
54,1,144027.8,1,108731.02,1,690,1,0,1
34,0,0.0,1,175310.38,2,711,6,0,0
29,0,140170.61,1,38170.04,1,712,8,0,0
27,0,62092.9,1,105887.04,1,627,1,1,0
39,0,0.0,1,95625.03,1,694,3,1,0
35,0,0.0,0,9541.15,2,534,4,1,0
45,0,0.0,0,148516.79,1,603,9,1,0
33,0,103516.87,0,113907.8,1,808,2,0,0
30,0,0.0,0,164647.72,3,723,1,1,1
35,0,0.0,0,98621.04,2,585,2,0,1
34,0,0.0,1,37479.97,2,706,8,1,0
31,0,0.0,1,15846.42,2,671,6,0,0
43,0,85162.26,1,5104.08,1,597,2,1,1
43,0,143061.88,0,61937.6,1,646,8,0,0
46,0,0.0,1,170008.74,2,801,6,0,0
33,0,137388.01,0,165000.68,2,731,5,0,0
25,1,137712.01,1,76197.05,1,620,1,0,0
40,1,106901.42,0,118045.98,2,484,7,1,0
47,0,105603.21,1,157360.9,2,647,5,1,0
40,1,150679.71,1,196226.38,2,688,8,0,0
30,1,108300.27,1,44384.57,2,680,4,1,1
46,0,52016.08,1,72993.65,2,689,7,0,0
34,1,60515.13,0,124571.09,1,513,7,1,0
35,1,158584.28,0,43640.16,2,553,2,1,0
47,1,118812.5,0,31121.42,2,689,2,1,0
46,0,0.0,0,22372.78,1,517,4,1,0
37,0,0.0,1,170338.35,2,731,8,1,0
47,1,91219.29,0,158845.49,1,687,1,0,1
32,0,0.0,0,67926.18,2,507,7,1,0
22,0,76318.64,1,194783.12,1,468,1,0,0
58,0,0.0,0,176036.01,1,682,4,0,0
24,0,0.0,1,198826.03,1,603,3,0,1
25,1,111432.13,1,168683.57,1,522,1,1,0
41,0,150148.51,0,6936.27,1,629,10,1,0
32,0,38550.06,1,179230.23,1,729,7,0,0
39,0,119013.86,0,103421.91,1,574,5,0,0
39,1,111213.64,1,147578.26,2,677,0,0,0
28,1,71097.23,1,130504.49,1,627,5,1,0
36,0,109632.85,1,16149.13,1,788,10,1,0
63,0,148368.02,0,118862.08,1,697,7,1,1
45,0,148600.91,0,143397.14,1,578,1,1,1
48,0,71083.98,0,137959.0,1,519,10,1,0
40,0,139625.34,0,93702.96,1,632,9,0,1
39,0,0.0,0,172939.3,1,679,4,0,1
30,0,0.0,1,108162.13,1,699,9,1,0
64,0,81564.1,1,35896.09,2,615,0,1,0
36,0,0.0,1,104852.6,2,622,9,1,0
28,0,124540.28,1,188850.89,1,755,7,0,0
42,0,133616.39,0,28615.8,1,767,2,0,0
38,1,101648.5,0,172001.44,2,752,10,0,0
26,0,124281.84,1,60116.57,1,633,8,0,0
59,0,0.0,1,170528.63,2,717,4,0,0
45,0,0.0,0,189683.7,2,585,0,1,0
37,0,183613.66,0,49734.94,2,751,9,0,0
65,1,136186.44,1,121529.59,1,754,1,1,1
47,0,137682.68,0,71071.47,1,495,10,1,0
34,0,106005.54,1,142995.32,1,650,4,1,0
31,0,152310.55,0,13054.25,1,529,6,0,0
43,0,0.0,0,89402.54,2,585,2,0,0
32,0,134446.04,1,111241.37,1,668,1,1,0
38,0,142289.28,1,119638.85,1,591,2,0,0
19,0,0.0,1,151581.79,2,731,6,1,0
45,0,0.0,0,73881.68,1,754,6,0,1
46,1,149003.76,0,176902.83,2,650,9,0,0
41,1,131341.46,1,7034.94,2,588,2,1,0
29,0,77919.78,0,122547.58,1,712,7,0,0
34,0,0.0,1,161559.12,2,691,7,0,0
41,0,108309.0,1,137510.41,4,771,10,0,1
39,0,0.0,1,185366.56,1,678,6,0,0
40,0,0.0,0,182224.14,2,719,9,0,0
36,1,115462.02,1,42581.04,1,610,7,1,0
37,0,0.0,0,31921.95,2,722,9,1,0
23,1,122739.1,0,102460.84,1,758,5,0,1
32,0,0.0,0,109681.29,2,709,2,0,0
53,1,113781.5,1,106345.05,2,634,3,0,1
49,0,0.0,1,102472.9,2,678,1,0,0
35,0,0.0,1,36249.76,2,633,3,1,0
43,0,128284.45,0,32996.89,1,710,9,1,1
45,1,120591.19,0,195123.94,1,640,8,1,0
63,0,0.0,1,57014.43,2,656,8,1,0
59,0,166968.28,0,159483.76,1,551,2,0,1
39,0,0.0,0,100929.59,2,786,7,0,0
49,0,0.0,1,12513.07,2,561,8,0,0
42,0,0.0,1,74900.9,2,807,5,1,0
38,1,71667.97,0,137111.89,2,602,2,1,0
31,1,82729.47,0,60212.51,2,727,3,0,0
40,0,0.0,1,187343.4,2,678,1,1,0
23,0,0.0,0,183284.53,2,730,8,1,0
30,0,0.0,0,8125.39,2,596,1,0,0
39,1,129626.19,1,103220.56,2,686,3,1,0
26,1,114035.39,0,96885.19,1,684,2,0,0
32,1,151922.94,0,8877.06,1,797,1,1,0
39,0,0.0,1,147530.06,1,658,4,0,0
27,0,107751.68,1,33389.42,2,653,6,0,0
37,0,0.0,0,45309.24,2,641,6,1,0
41,0,101179.23,1,35230.61,2,656,6,0,0
36,0,0.0,1,59816.41,2,750,6,0,0
40,0,0.0,1,69080.46,2,768,8,0,0
33,0,0.0,0,143450.61,2,568,7,1,0
36,1,58571.18,0,40774.01,2,706,9,1,0
38,1,153058.64,0,99377.27,1,430,8,0,0
35,1,98270.34,0,133617.43,1,745,4,1,0
43,0,130788.71,1,101495.0,1,747,1,1,1
40,1,99165.84,1,119333.95,1,657,7,1,1
42,0,0.0,0,167682.37,2,639,4,0,0
44,0,0.0,1,152884.85,2,704,3,1,0
23,0,115636.05,0,70400.86,2,651,4,1,0
44,1,185932.18,0,65413.41,2,706,2,0,0
30,1,72549.0,1,182728.8,2,632,2,1,0
42,0,0.0,1,81442.6,2,751,4,1,0
35,0,0.0,0,144251.38,2,767,2,0,0
39,0,0.0,1,40207.06,1,741,5,1,0
29,1,121890.06,0,54530.51,1,651,3,1,1
46,0,99786.07,1,32683.88,1,601,2,1,1
34,0,0.0,1,104703.96,2,520,3,1,0
27,1,115084.53,1,26907.43,2,626,4,1,0
30,0,0.0,1,180591.32,2,811,6,1,0
32,0,127661.69,0,60905.51,1,730,9,0,0
47,1,118907.6,1,47777.15,1,604,4,0,1
44,1,77627.33,0,108222.68,2,499,6,0,0
40,0,160625.17,1,3554.63,1,754,2,1,0
29,0,0.0,0,78616.92,2,716,8,0,0
20,0,124266.86,0,100566.81,1,636,10,0,0
25,0,127974.06,1,183259.35,2,470,8,0,0
43,0,0.0,1,159131.21,2,444,3,1,0
48,0,0.0,0,160976.85,1,809,2,0,1
30,1,104911.35,1,42933.26,2,850,3,0,0
27,0,0.0,0,91291.2,2,637,1,1,0
43,0,0.0,1,52471.36,2,512,1,1,0
43,0,110646.54,0,108804.28,1,774,1,0,0
57,0,0.0,1,122449.18,2,641,5,1,0
42,1,126704.49,0,41682.3,2,586,6,1,0
30,0,0.0,1,148887.69,2,611,9,1,0
31,0,84560.04,1,137784.25,1,660,1,1,0
43,0,0.0,0,190573.91,2,532,9,1,1
38,1,129893.56,0,102076.03,1,557,2,0,0
25,0,167385.81,1,56307.51,1,730,5,1,0
27,0,0.0,1,49775.58,2,535,6,0,0
36,1,105858.71,1,4395.45,1,773,4,0,0
44,1,123070.89,0,28461.29,1,510,4,0,1
39,0,0.0,1,28184.7,1,539,1,1,0
48,0,0.0,1,3149.1,2,690,2,0,0
40,0,0.0,0,194273.12,2,821,1,0,0
35,1,125141.24,1,148537.07,2,687,1,1,0
46,0,96173.17,1,116378.31,2,557,4,0,0
37,0,0.0,1,6761.84,2,532,5,0,0
39,0,0.0,0,81995.92,2,540,2,1,0
55,0,0.0,1,14392.68,2,705,8,0,0
35,1,127543.11,0,468.94,2,542,9,0,1
38,0,0.0,0,122379.54,2,706,1,1,0
56,0,0.0,0,13228.93,1,765,1,0,1
67,0,103101.56,1,154002.02,2,529,8,1,1
54,0,126113.28,0,112777.38,1,714,7,1,0
41,0,40488.76,0,128528.83,1,582,1,1,0
40,1,137389.77,0,170122.22,2,609,10,0,0
28,0,85146.36,0,2803.89,1,518,9,0,0
35,1,129828.58,1,181918.26,1,791,5,1,1
42,0,80214.36,0,115241.96,1,747,4,1,1
40,0,0.0,1,129956.13,2,565,2,0,0
34,0,141796.43,0,45858.49,1,735,1,1,0
49,0,195238.29,1,131083.56,4,697,7,0,1
27,1,111348.15,0,46422.46,1,813,6,1,0
43,0,0.0,1,57675.88,2,772,6,1,0
71,0,0.0,1,169741.96,2,606,8,0,0
42,1,64404.26,0,26022.37,2,667,10,0,0
40,1,154309.67,1,125334.16,1,637,9,1,1
67,0,129431.36,1,21343.74,1,542,10,1,0
43,0,134204.67,1,139971.01,1,762,5,0,0
39,0,0.0,1,47455.82,2,698,4,0,0
32,0,0.0,1,55593.8,2,850,8,0,0
50,0,0.0,0,191756.54,2,621,5,0,1
48,1,116711.06,0,76373.38,2,671,9,0,0
31,0,0.0,0,169278.51,2,775,9,1,0
34,0,54980.81,1,136909.88,1,504,0,1,0
37,0,99773.85,0,54865.92,2,751,3,0,0
30,1,101231.77,0,156529.44,2,691,7,1,0
32,1,117070.21,0,113482.2,1,841,2,1,0
23,1,73314.04,0,63446.47,2,709,8,1,0
37,0,0.0,1,13624.02,1,673,2,1,0
37,0,212314.03,1,148814.54,1,541,9,1,0
31,0,136067.82,0,65567.91,2,661,3,0,0
42,0,109052.04,0,6409.55,2,784,2,0,0
35,0,79126.17,1,126997.53,1,742,2,0,0
55,0,0.0,0,171762.87,1,850,7,0,1
35,0,108308.0,0,129031.19,1,443,9,0,1
48,1,102290.56,0,182691.31,2,778,3,0,0
39,0,102025.08,0,12351.01,2,529,6,1,0
37,1,113383.07,1,135123.96,1,678,2,0,0
65,0,102541.1,0,181490.42,1,516,9,0,0
35,0,0.0,0,186490.37,2,469,5,1,0
40,0,0.0,0,41248.8,2,786,6,1,0
41,0,109941.51,0,116267.28,1,703,6,0,0
41,1,141749.68,1,9201.53,1,579,0,1,0
38,0,0.0,1,80630.32,2,565,5,1,0
44,0,0.0,0,159165.7,1,443,2,1,0
37,0,85146.48,0,86490.09,2,589,7,1,1
44,0,134066.1,1,197572.41,2,691,6,0,0
28,0,0.0,0,105159.89,2,711,8,0,0
27,0,0.0,1,40807.26,1,775,4,1,0
35,0,87619.29,0,143.34,1,621,7,1,0
51,0,0.0,1,125823.79,1,350,10,1,1
30,0,0.0,0,138465.7,2,668,8,0,0
27,0,0.0,0,44008.91,2,633,3,1,0
43,1,103409.16,0,66893.28,1,697,8,1,1
30,1,123040.38,1,76503.06,1,734,7,0,0
41,0,108128.52,1,56784.11,1,434,4,1,0
48,1,169023.33,1,175657.55,2,646,8,1,0
30,0,0.0,1,105155.66,2,764,5,1,0
41,0,0.0,1,47468.56,2,727,10,0,0
29,0,0.0,1,64729.51,2,724,6,0,0
42,0,222267.63,0,101108.85,1,749,9,1,1
47,1,144090.42,0,140938.95,1,706,10,0,1
30,0,114835.43,1,37662.49,1,728,10,1,0
44,0,0.0,0,86414.41,2,636,2,1,0
34,0,145030.92,1,41820.65,1,634,3,1,0
43,0,71240.3,1,127734.16,1,627,8,1,0
59,0,138772.15,1,123872.0,1,518,5,1,0
29,0,93617.07,1,113050.92,1,687,7,0,0
23,0,0.0,1,131389.39,2,622,8,0,0
45,0,0.0,1,26589.56,2,693,4,0,0
25,0,74237.2,1,195463.35,2,450,9,1,0
49,1,127421.78,0,108876.75,2,664,5,0,1
28,0,61274.7,0,136054.45,2,663,8,0,0
34,0,106486.66,1,182262.66,2,660,8,1,0
29,0,73194.52,1,129209.09,2,579,10,0,0
44,1,146498.76,0,64853.51,1,655,6,0,1
47,0,0.0,0,148989.15,2,683,1,1,0
32,0,0.0,1,71047.51,1,655,2,0,0
30,0,0.0,0,185341.63,2,575,8,0,0
30,0,120355.0,0,137793.35,1,574,5,1,0
32,0,117265.21,1,198317.23,1,795,2,1,0
43,0,0.0,1,162137.5,2,776,4,0,0
52,0,0.0,0,109688.82,1,707,7,0,1
37,1,109974.22,1,36320.87,1,705,3,0,1
44,1,98009.13,1,31384.86,2,678,2,0,0
34,0,0.0,1,114083.73,1,663,10,1,0
66,0,0.0,1,163331.65,1,748,8,1,0
34,0,171671.9,1,50777.77,1,677,10,0,0
63,0,0.0,0,30772.86,2,634,10,1,1
60,0,0.0,0,113796.15,1,350,3,0,1
61,0,128213.96,1,188729.08,2,727,0,1,1
51,1,116197.65,1,86701.4,2,773,8,1,0
39,0,0.0,0,153129.22,2,675,1,1,0
36,0,86607.39,0,19825.09,1,649,6,0,0
29,0,0.0,0,12186.83,2,552,10,1,0
62,1,98854.34,0,86920.97,1,761,5,1,1
31,0,0.0,0,35408.77,1,622,7,1,0
59,0,0.0,1,165576.55,2,615,8,1,0
31,1,97338.19,0,48226.76,2,681,4,1,0
30,0,0.0,1,199454.37,2,768,6,1,0
34,0,0.0,0,118749.58,2,617,9,1,0
33,0,131698.57,0,151623.91,2,452,6,0,0
37,1,130110.45,1,172097.95,2,807,10,1,0
44,0,0.0,0,87677.15,2,567,9,1,0
24,0,165149.13,0,21858.28,2,603,1,1,0
37,0,101707.8,0,123866.28,1,617,9,0,0
34,0,105588.66,1,74694.41,1,701,3,0,0
39,1,111336.89,0,16770.31,1,820,9,1,1
60,0,78391.17,1,49424.6,1,438,7,1,0
27,0,0.0,1,172031.22,2,600,6,0,0
34,0,0.0,0,183021.06,1,782,9,1,1
41,1,144326.09,0,73979.85,1,638,9,0,1
27,1,101278.25,1,26265.18,2,850,1,1,0
19,1,108711.57,0,24857.25,2,741,8,0,0
73,0,108555.07,1,167969.15,1,689,1,1,0
35,1,146781.24,0,189307.7,1,743,1,0,0
36,0,0.0,1,99770.3,2,493,2,0,0
35,0,0.0,0,119712.78,1,416,8,1,0
25,0,0.0,1,168607.74,2,725,9,0,0
34,0,0.0,1,83087.13,2,497,2,1,0
66,1,103291.25,1,130664.79,2,537,8,1,0
29,0,209490.21,1,133267.69,1,706,1,0,1
38,0,0.0,0,67029.82,3,651,2,1,1
33,0,0.0,1,141031.08,2,720,2,1,0
45,0,0.0,0,125110.02,1,797,8,1,0
23,0,0.0,0,117832.39,2,543,5,1,0
34,0,0.0,0,198817.72,2,454,4,1,0
37,0,149405.18,1,146411.6,1,691,9,1,0
52,0,191665.21,1,131312.56,1,510,6,0,1
40,0,0.0,0,141652.2,1,792,7,0,0
41,0,135071.12,1,64477.25,1,721,6,1,0
41,0,0.0,1,191215.61,2,765,2,1,0
39,0,0.0,1,37090.44,2,850,8,1,0
38,1,181804.34,1,57517.71,2,681,6,1,0
60,0,47020.65,1,63241.21,2,586,3,0,1
36,0,128518.98,1,44567.83,1,753,7,0,1
38,1,142658.04,1,135337.11,2,593,5,0,0
21,0,120150.39,1,33964.03,2,674,9,0,0
35,0,81905.95,1,61623.19,1,610,7,0,0
26,0,137998.2,1,168989.77,2,652,3,1,0
26,1,123126.29,0,74425.41,1,850,8,0,0
51,0,0.0,1,178929.84,2,740,4,0,0
43,1,135645.29,1,101382.86,2,637,1,1,1
31,0,122449.31,1,180769.55,2,685,7,1,0
40,0,161766.87,0,92378.54,1,558,4,1,0
37,0,0.0,1,38252.25,2,677,3,0,0
36,1,123187.51,1,146111.35,1,592,10,1,0
36,1,150956.71,0,72350.17,1,652,9,1,0
42,0,105021.28,0,48242.38,1,662,6,0,0
64,0,0.0,1,148305.82,2,543,4,1,0
50,0,133204.91,1,8270.06,1,675,1,0,0
35,0,0.0,1,41549.64,2,643,6,0,0
49,1,115488.52,1,138656.81,2,611,9,0,1
29,0,0.0,0,12510.53,2,412,5,1,0
41,0,0.0,0,43889.41,2,638,7,1,0
38,0,0.0,0,192800.25,2,824,3,0,0
40,0,0.0,0,75762.0,2,683,1,0,0
39,1,130565.02,0,9854.72,1,562,6,0,1
41,0,91328.71,0,115724.78,1,599,2,0,0
35,0,0.0,1,106303.4,2,753,4,1,0
50,0,81310.34,1,183868.01,1,594,7,1,0
34,0,107136.6,0,153895.46,1,657,3,1,0
34,0,0.0,1,66695.71,1,716,9,1,0
43,0,0.0,1,173851.11,2,850,7,1,0
46,0,0.0,1,177423.02,1,664,2,1,1
33,0,108477.49,1,109096.71,1,558,0,1,1
40,1,144757.97,1,166656.18,2,606,1,1,0
33,0,0.0,1,176921.0,2,776,2,1,0
36,0,113110.26,0,98413.1,1,557,1,1,0
27,0,106414.57,0,77500.81,2,614,9,0,0
42,0,106920.91,1,119747.08,1,620,4,1,0
35,0,0.0,0,160387.98,2,695,7,1,0
39,1,131513.26,1,193715.0,1,729,1,0,0
53,0,0.0,0,28045.77,2,571,2,0,0
40,0,134320.23,0,150757.35,2,457,10,1,0
29,0,79715.36,0,82252.28,1,559,3,0,0
38,0,74306.19,0,154395.56,2,664,4,0,0
50,0,0.0,1,83866.35,4,500,5,0,1
42,1,126428.38,0,39830.1,1,782,7,1,0
38,0,99640.89,0,12429.22,1,708,8,1,0
43,0,66338.68,1,18772.5,1,681,3,1,1
39,0,0.0,1,9574.83,2,674,6,0,0
43,0,128226.37,0,188486.94,1,697,10,1,0
26,0,0.0,1,64716.08,2,774,5,0,0
36,0,0.0,0,84749.96,2,624,6,1,0
37,0,0.0,1,180551.76,2,747,1,1,0
32,0,0.0,0,60907.49,2,715,10,0,0
24,0,122168.65,0,174107.04,1,808,4,1,0
43,0,178074.33,0,110405.9,1,678,7,0,0
59,1,135078.41,0,187636.06,1,813,2,1,1
38,0,69434.4,1,66580.13,2,687,8,1,1
29,0,0.0,0,178779.52,2,832,5,0,0
72,0,0.0,1,70783.61,2,668,2,1,0
34,1,122726.56,1,46772.36,1,526,3,1,0
38,0,164496.99,1,163327.27,1,457,7,0,0
38,0,0.0,0,103760.53,1,649,8,0,0
41,0,150219.41,0,107839.03,2,669,0,0,0
42,0,187534.79,1,32900.41,1,668,8,1,1
30,0,0.0,0,193984.6,1,466,3,0,0
30,0,0.0,1,140889.32,2,685,2,1,0
34,0,103108.17,0,125646.82,1,610,0,1,0
50,1,96486.57,1,20344.02,2,582,6,0,0
36,1,90560.48,0,174268.87,2,702,9,1,0
46,0,131764.96,1,108500.66,1,556,3,1,1
24,0,92476.88,0,83247.14,1,812,1,0,0
47,1,152076.93,0,121840.2,1,645,9,1,1
43,0,0.0,1,132908.07,2,809,2,1,0
49,0,0.0,1,100075.1,1,560,4,1,1
29,0,43504.42,1,119327.75,1,744,1,1,0
39,0,0.0,0,136737.13,2,731,2,0,0
28,0,0.0,1,22356.97,2,471,5,0,0
38,1,93569.86,0,10137.34,3,686,2,0,1
45,0,102486.21,1,158379.25,2,668,4,1,0
36,0,0.0,1,94570.56,1,575,1,1,0
37,1,114346.3,1,980.93,1,435,8,1,1
23,0,110203.77,0,95583.45,1,743,3,1,0
39,0,128362.59,0,86044.98,1,580,9,0,0
49,1,143888.22,1,166236.38,2,599,10,0,1
34,0,170600.78,1,5240.53,1,534,5,1,0
32,0,0.0,1,150684.23,1,680,5,0,0
46,0,0.0,1,129508.96,2,631,10,0,0
39,0,75339.64,1,70665.16,1,485,2,0,0
40,0,122038.34,0,102085.35,1,699,8,0,0
34,0,0.0,1,195052.12,2,712,1,1,0
51,0,186825.57,0,93739.71,1,603,8,1,1
40,0,124788.18,0,65612.12,1,850,6,1,0
41,0,0.0,1,160095.48,2,584,3,0,0
71,0,0.0,1,49506.82,2,604,2,0,0
51,0,138553.57,1,92406.22,1,586,2,1,0
39,0,0.0,1,7415.96,2,467,5,1,0
35,0,105387.89,1,25059.06,1,520,9,1,0
40,0,95053.1,1,116816.54,1,683,4,1,1
36,0,0.0,1,144078.02,1,557,3,1,0
32,0,0.0,1,126675.62,2,613,0,0,0
34,0,137361.96,0,183682.09,1,786,3,1,0
32,0,158537.42,0,166850.57,1,593,10,1,0
29,0,0.0,0,27359.19,2,670,9,0,0
48,1,143595.87,0,101314.65,1,657,5,0,1
32,1,169947.41,1,27979.16,2,718,9,1,0
24,0,148167.83,1,109470.34,2,623,7,0,0
31,0,0.0,0,93713.13,2,496,5,1,0
39,0,48023.83,0,74870.99,1,429,6,0,0
36,0,155655.46,1,192387.51,1,606,1,1,1
46,0,0.0,0,73457.55,2,499,6,0,0
62,0,0.0,1,61120.75,2,642,7,1,0
52,0,0.0,0,90964.54,1,641,4,0,1
32,0,121240.76,0,116969.73,1,673,8,1,0
36,0,0.0,0,92118.75,2,570,3,0,0
37,0,0.0,1,48357.9,2,472,1,0,0
35,1,129847.75,0,197325.4,2,550,9,1,0
55,1,118772.71,0,135853.62,4,625,8,0,1
46,0,0.0,1,169122.54,2,516,2,1,0
32,1,105163.88,1,164170.46,2,682,2,1,0
28,0,0.0,1,199909.32,2,620,8,1,0
39,0,0.0,1,83295.09,2,626,0,0,0
29,0,0.0,0,39382.06,2,623,1,0,0
35,0,93934.63,0,184748.23,1,569,4,0,0
69,0,117866.92,1,62280.91,1,724,5,0,0
55,0,0.0,1,196794.11,1,678,5,0,1
26,0,122857.46,0,144682.17,2,713,4,0,1
32,0,0.0,1,196342.66,2,631,10,1,0
37,0,127103.97,1,41516.44,1,846,6,0,0
43,0,0.0,1,112026.1,1,660,1,0,1
54,0,96402.96,0,52035.29,1,567,9,1,1
31,0,132512.26,1,185466.85,1,731,1,1,0
47,0,107604.66,1,80149.27,1,693,8,1,0
34,0,0.0,0,170980.86,2,772,9,1,0
38,0,0.0,0,185827.74,2,657,7,1,0
34,1,120875.23,1,113407.26,2,774,4,1,0
37,0,71786.9,1,67734.79,2,667,9,0,0
37,0,113143.12,0,3363.36,1,516,8,0,0
49,0,150777.72,1,135757.27,2,551,1,1,0
35,0,174894.53,1,22314.55,1,542,2,1,0
28,0,0.0,0,129526.57,1,623,7,1,0
43,0,160416.56,1,37266.43,1,701,2,0,0
48,0,91246.53,0,60017.46,1,583,3,1,1
46,0,0.0,0,153015.42,2,731,10,1,0
35,0,0.0,1,54209.02,1,461,5,0,0
23,1,98775.23,0,114603.96,1,702,7,0,0
47,1,139756.12,0,165849.49,1,565,10,0,1
42,0,177626.77,1,16392.72,3,711,3,1,1
54,0,0.0,1,162719.69,1,664,8,1,1
50,0,0.0,0,107112.25,1,518,4,1,1
42,0,0.0,1,41823.22,2,728,8,1,0
37,1,152496.82,1,99907.29,1,585,6,1,0
52,0,0.0,1,178229.04,2,573,8,1,0
26,1,112930.28,0,22095.73,2,568,1,1,0
26,1,113674.2,0,197861.16,1,602,8,0,1
44,0,0.0,0,138328.24,1,603,9,1,0
38,0,144450.58,1,137276.83,1,687,0,1,0
52,0,171236.3,0,21834.4,2,741,1,1,1
37,0,96776.49,1,119890.86,1,469,9,1,0
58,1,145984.92,1,24564.7,1,477,8,0,0
43,1,96353.8,0,10209.8,1,737,8,1,0
25,0,0.0,1,83449.65,2,835,7,1,0
33,1,115777.23,1,81508.1,1,717,0,0,0
51,0,122822.0,0,32626.21,2,562,7,0,0
61,0,0.0,1,43982.41,2,758,2,1,0
40,0,0.0,0,124874.23,2,408,3,1,0
32,0,79450.09,1,118324.75,1,650,4,0,0
33,1,122394.0,1,22113.93,1,582,2,1,0
43,0,0.0,0,31962.77,2,706,1,0,0
41,1,134378.89,1,105746.94,1,567,0,1,0
29,0,0.0,0,39925.52,2,720,2,1,0
31,0,88161.85,0,127630.88,2,631,2,0,0
41,0,142412.13,0,28778.98,1,623,2,1,0
35,0,121030.9,0,10008.68,1,514,3,1,0
35,1,165982.43,1,24482.16,2,650,3,0,0
35,0,0.0,0,98618.79,2,673,6,0,0
32,0,206663.75,0,16281.94,1,504,8,0,0
37,1,94661.53,0,121239.65,2,723,3,1,0
25,0,174400.36,0,42669.37,1,645,0,1,0
41,0,123428.69,1,164924.11,1,664,7,1,0
43,0,175735.5,1,157337.29,1,760,6,1,0
36,0,78381.13,1,153831.6,1,766,5,1,0
37,0,115345.86,0,168781.8,2,634,5,1,0
31,1,118613.34,0,168469.65,1,640,10,0,0
28,1,109960.06,1,170829.87,2,784,2,1,0
42,1,142703.4,0,86207.49,1,547,1,0,1
40,1,121729.42,0,61164.45,1,608,8,0,0
35,0,0.0,1,133287.73,1,547,4,0,0
43,0,139496.35,1,77128.23,2,612,4,0,0
28,0,0.0,0,77660.03,2,573,8,1,0
32,0,138521.83,1,56897.1,1,615,5,1,0
33,0,0.0,0,72945.32,2,710,2,0,0
38,1,83727.68,0,45418.12,1,674,10,0,0
38,0,0.0,1,158527.45,2,702,9,0,0
37,0,0.0,0,111312.96,1,616,9,1,0
32,0,124179.3,1,138759.15,1,688,6,1,0
36,0,128829.25,0,190588.59,1,605,7,1,0
33,0,171490.78,0,79099.64,1,676,6,1,0
33,0,0.0,0,138613.21,2,708,3,1,0
38,0,0.0,1,194230.82,2,745,7,0,0
20,0,0.0,0,110252.53,1,661,8,1,0
31,0,0.0,1,106117.3,2,726,9,1,0
40,0,160818.08,1,169642.13,1,475,7,1,1
54,1,156367.6,1,116179.92,2,751,9,1,0
59,1,121669.93,0,91.75,2,645,8,0,1
42,0,133970.22,1,187839.9,2,775,6,1,0
41,0,0.0,0,121098.65,2,540,3,1,0
34,0,96127.27,0,30972.06,1,591,3,0,0
60,0,121907.97,1,30314.04,1,596,7,1,0
41,0,0.0,1,14479.29,2,573,5,1,0
31,0,0.0,1,196395.25,1,577,6,1,0
40,1,77701.64,1,19512.38,1,830,8,0,0
67,0,0.0,1,72318.77,3,663,9,1,0
34,0,0.0,1,96615.23,2,421,2,1,0
34,0,113922.44,0,30772.22,2,718,5,1,0
61,1,183997.7,1,161217.18,2,655,2,0,0
23,0,0.0,1,66795.78,2,712,2,1,0
28,0,0.0,1,123969.64,2,663,4,1,0
47,0,89799.46,1,13783.77,2,640,6,0,1
29,0,0.0,1,168924.41,1,577,2,1,0
36,0,85660.96,0,134778.01,1,546,7,0,0
37,1,115569.21,1,119782.89,1,802,9,1,0
45,0,81828.22,0,52167.97,1,590,2,0,0
18,1,132694.73,0,167689.56,1,594,1,1,0
51,0,108867.0,0,140800.66,1,577,2,1,1
39,0,0.0,0,19823.02,2,541,7,1,0
27,0,0.0,0,72969.9,2,781,5,0,0
34,1,96152.68,0,143711.02,2,806,2,1,0
49,1,153855.52,1,180862.26,1,723,0,0,1
45,0,0.0,0,125658.28,2,535,2,1,0
36,0,141334.95,1,125870.5,1,768,3,0,0
41,1,104584.11,0,15126.32,1,653,1,1,1
50,1,98173.02,0,22457.25,1,803,8,0,1
44,0,0.0,1,82614.89,2,545,1,0,0
38,1,135157.05,1,32919.42,1,581,3,0,0
49,1,171601.27,0,126223.84,1,513,5,0,0
29,0,179539.2,0,112010.02,1,731,5,1,0
39,1,80615.46,0,180962.32,2,727,5,1,0
47,0,0.0,0,128882.66,1,560,1,1,1
27,1,126285.73,0,177614.17,1,766,5,1,1
23,1,137964.51,1,174570.55,1,630,4,0,0
41,1,159434.03,0,178373.93,1,652,9,1,0
40,1,113574.61,0,103396.08,2,729,5,1,0
33,0,0.0,1,59129.72,2,629,6,0,0
33,1,124573.33,0,683.37,2,667,9,1,0
31,1,105864.6,0,145567.34,2,671,6,0,0
47,1,104552.61,0,48137.08,1,768,5,0,1
35,0,0.0,0,90876.95,2,732,3,0,0
30,0,0.0,1,198543.09,2,546,5,0,0
55,0,0.0,1,106202.07,1,630,2,1,1
46,1,119492.88,1,166896.01,2,765,8,0,1
33,0,130499.09,1,74804.36,2,704,0,0,0
48,0,140576.11,1,116971.05,1,470,6,0,0
34,1,91025.58,1,163783.0,2,688,9,0,0
33,0,0.0,1,70221.13,3,685,1,0,1
38,0,125877.65,1,107841.77,2,567,1,0,0
64,0,45752.78,0,79623.28,2,720,3,1,1
39,0,121778.71,1,138399.67,1,609,3,1,0
49,1,127948.57,1,182765.14,1,521,2,0,0
30,0,0.0,1,186648.19,2,556,7,0,0
30,1,115286.68,1,149587.92,2,662,5,1,0
41,1,62078.21,0,129050.67,2,704,9,1,0
38,0,0.0,0,47764.99,2,750,1,0,0
32,0,175406.13,1,172792.43,2,619,4,0,1
26,0,131643.25,0,64436.16,1,468,1,1,0
44,1,151739.65,0,167461.5,1,435,3,1,0
43,0,93616.35,0,98348.66,2,529,6,1,0
60,1,138597.54,1,41536.59,2,702,5,0,1
41,0,0.0,1,72462.25,2,608,5,0,0
40,0,0.0,0,112465.19,2,576,9,1,1
27,0,85225.21,1,64511.44,1,666,1,0,0
36,0,148749.29,0,91830.75,2,730,8,0,0
52,1,130013.12,1,190806.36,1,647,7,1,1
27,0,0.0,1,112311.15,1,516,1,0,0
81,0,0.0,1,72276.24,2,711,6,0,0
54,0,111729.47,1,84920.49,2,736,7,1,0
36,0,180169.44,0,17348.56,2,768,5,0,0
40,0,0.0,1,82870.75,2,427,8,1,0
47,0,0.0,0,32080.69,1,686,6,0,1
42,0,0.0,1,120512.08,2,690,5,0,0
29,0,0.0,0,179032.68,2,647,2,0,0
35,0,0.0,1,95623.28,2,714,3,1,0
36,1,103914.17,1,110035.88,1,736,8,0,1
34,0,88772.87,1,168822.01,1,608,4,0,0
39,0,0.0,0,77705.75,1,809,5,0,0
40,0,131184.67,1,49815.62,1,745,6,0,0
38,0,117810.79,1,65632.33,1,781,2,1,1
31,0,0.0,0,169361.89,1,527,4,1,0
32,1,92466.21,0,4721.3,1,595,0,0,0
38,1,102741.15,1,23974.85,2,850,2,0,0
37,0,178755.84,0,199929.17,1,569,9,1,0
43,0,0.0,0,40023.7,2,728,7,1,0
32,1,146602.25,1,72946.95,2,473,5,0,0
29,0,0.0,1,170421.13,2,738,2,1,0
35,0,0.0,1,58879.11,2,659,6,1,0
38,0,115702.67,1,25059.05,2,597,6,1,0
61,1,137655.31,1,29909.84,1,445,2,0,0
29,0,0.0,0,158043.11,2,671,3,0,0
34,0,59877.33,0,14032.62,1,656,6,0,1
31,0,100082.14,1,49809.88,1,658,5,1,0
52,1,107304.39,0,28806.32,3,698,10,1,1
38,0,0.0,1,90490.33,1,655,9,1,0
41,0,96032.22,1,75825.57,1,772,10,1,0
33,0,0.0,0,158336.36,1,681,10,1,0
29,1,144553.5,0,143454.95,2,688,9,1,0
40,1,86172.81,1,117279.49,2,633,5,1,0
73,0,0.0,1,114283.33,1,735,9,1,0
29,1,87212.8,1,994.86,1,521,2,0,0
36,0,0.0,0,124795.84,2,541,5,1,0
36,1,130700.92,0,77592.8,2,612,2,0,0
62,0,0.0,0,105986.01,2,562,3,1,0
32,0,0.0,0,33606.52,2,703,6,0,0
23,0,0.0,1,134188.11,2,710,6,1,0
40,0,171325.98,1,159718.27,1,731,5,0,1
58,0,92930.92,1,85148.78,1,703,4,1,0
40,0,0.0,0,119059.13,1,618,0,0,0
29,0,77556.79,1,122998.26,2,689,1,0,0
33,0,102874.28,0,117841.06,1,718,7,1,0
37,0,146093.39,0,160593.41,2,608,5,1,0
34,0,0.0,0,174189.04,1,749,2,1,1
51,0,79811.72,1,68260.27,2,753,4,1,1
39,0,105473.74,0,58854.88,1,630,10,1,1
43,1,121927.92,0,87994.95,1,693,1,0,1
40,0,61671.19,1,150659.35,1,838,6,0,1
39,1,149363.12,1,109098.39,2,756,5,0,0
27,0,152309.37,0,104112.0,1,775,4,0,0
33,0,0.0,0,122949.71,2,635,5,0,0
36,0,111629.29,1,21807.16,1,705,1,1,0
40,0,0.0,1,32319.93,1,481,3,1,0
49,0,96296.78,0,190457.87,1,727,7,0,1
20,0,95830.43,0,177738.98,1,595,4,1,0
38,0,135919.33,0,80425.65,1,535,0,0,0
59,0,185966.64,0,9445.42,1,578,10,1,1
29,0,0.0,1,174825.57,2,597,5,0,0
21,0,0.0,0,175743.92,2,449,7,0,0
43,1,92244.83,0,54949.73,2,850,8,0,0
35,0,112727.06,0,183752.91,2,494,9,0,0
34,0,100359.54,0,46038.28,1,676,8,0,0
43,1,105301.5,1,78941.59,1,818,10,1,0
45,0,112994.65,0,198398.68,1,712,6,1,0
40,1,89025.88,0,188892.19,2,672,4,1,0
35,0,95478.17,0,169286.74,1,636,9,1,0
37,0,0.0,0,145004.39,2,698,8,1,0
43,1,119127.46,0,55809.92,2,597,7,0,0
28,0,128206.79,1,54272.12,1,717,4,1,0
49,0,0.0,0,192440.54,2,614,1,1,0
23,1,71433.08,0,103697.57,1,708,4,0,0
36,1,118214.32,0,119110.03,3,507,9,1,1
27,0,102258.11,0,194681.6,2,581,5,0,0
39,0,151963.26,0,158948.63,2,579,2,0,0
46,0,163764.84,1,165122.55,1,504,2,0,1
32,0,128551.36,1,189402.71,2,737,7,0,0
31,0,118158.74,1,158027.57,1,540,10,0,0
32,0,118520.41,0,3815.48,1,609,7,1,0
24,0,0.0,1,162809.2,2,778,4,1,0
40,0,163823.37,0,89519.47,1,621,10,1,0
63,1,104469.58,1,25165.36,1,665,7,1,1
47,0,0.0,1,126012.57,1,608,6,0,0
36,0,0.0,0,20109.21,2,680,7,1,0
46,1,141726.88,1,58257.23,1,663,2,0,0
35,1,137852.96,1,172269.21,1,627,2,0,1
26,0,0.0,0,29818.2,1,607,1,1,0
43,0,154100.3,0,114659.81,1,681,8,0,0
45,0,0.0,0,147184.74,2,766,6,0,0
30,0,0.0,1,15039.41,3,694,2,1,0
54,0,0.0,1,76621.49,1,411,9,0,0
39,0,140004.96,1,92985.78,1,742,8,1,0
43,0,127132.96,1,6009.27,1,673,8,1,1
61,0,0.0,1,191370.97,2,529,1,1,0
38,0,125328.56,0,188225.67,1,519,7,0,0
35,0,0.0,0,11743.89,2,573,9,1,0
28,1,139986.65,0,136846.75,1,453,3,0,0
39,1,119787.76,1,164248.33,1,798,6,0,0
34,0,107556.06,0,154631.35,2,693,10,0,0
44,0,0.0,0,149665.65,2,637,2,0,0
47,0,0.0,0,91574.92,1,672,1,1,0
28,0,142705.95,0,127233.39,1,597,0,0,0
42,0,0.0,1,56650.47,1,543,7,1,0
56,0,0.0,0,84644.76,2,695,4,0,0
35,0,161613.94,1,148238.16,2,584,6,1,0
58,1,116353.2,1,193502.9,2,652,3,0,0
38,0,60013.81,1,38020.05,1,601,4,1,0
28,0,0.0,1,176750.81,2,628,4,1,0
32,1,144272.07,0,176580.63,2,607,9,1,0
46,0,0.0,0,133059.15,2,646,8,0,0
30,0,117696.67,0,100843.82,1,572,6,1,0
58,0,79954.61,1,30484.19,2,801,1,1,0
26,0,149989.39,0,42330.58,1,597,8,0,0
40,0,124339.9,0,193309.58,1,613,7,1,0
29,1,135759.4,0,112813.79,1,529,4,1,1
37,0,0.0,0,68008.85,2,794,9,0,0
34,0,83074.0,0,132673.22,1,557,3,1,0
28,0,141792.61,1,22001.91,1,499,4,0,0
26,0,0.0,0,100200.4,1,544,6,0,1
30,0,0.0,0,122604.44,1,739,6,0,0
43,1,106870.12,0,100564.37,2,458,1,0,0
31,0,120962.59,0,5419.31,1,528,9,1,0
51,0,0.0,0,123587.83,2,773,4,1,1
30,0,0.0,0,13935.32,2,646,5,0,0
31,0,110527.17,1,87060.77,1,564,0,1,0
52,1,133723.43,0,4859.59,1,624,0,0,1
52,0,112670.48,0,21085.17,1,682,5,0,1
44,0,0.0,1,26733.86,2,726,2,0,0
24,0,116084.32,0,89734.7,1,560,1,1,0
36,0,0.0,1,179540.73,1,382,0,1,1
38,0,0.0,0,173219.09,2,457,6,0,0
37,0,0.0,1,37411.35,2,673,10,0,0
40,0,82441.75,0,80852.11,1,584,4,0,0
39,0,0.0,1,43174.49,2,629,10,0,1
37,1,134171.8,1,70927.11,4,584,10,0,1
30,0,0.0,1,54265.55,2,724,10,1,0
31,0,0.0,1,41872.17,2,644,5,1,0
48,1,124442.38,0,15068.53,1,676,2,0,1
31,0,0.0,0,25950.49,1,499,4,1,0
60,0,0.0,0,197727.14,1,598,4,1,1
37,1,108862.76,0,79555.08,1,655,4,0,1
28,0,141099.43,1,15607.27,1,559,3,1,0
67,0,128843.67,1,134612.48,1,543,0,0,0
39,0,86843.61,1,159830.58,1,679,0,1,0
32,1,120074.97,1,162961.79,2,594,4,0,0
27,0,130231.8,1,192427.16,2,586,5,1,0
31,0,0.0,0,92647.94,2,776,5,0,0
39,0,109724.38,1,180022.39,1,699,2,1,0
35,1,111743.43,1,183584.14,1,847,5,0,0
35,1,121309.17,1,28750.67,2,582,8,1,0
38,0,82697.28,0,74846.67,1,648,10,1,0
49,0,44301.43,1,89729.3,3,618,9,0,1
31,0,138317.94,0,61843.73,1,543,4,0,0
49,1,120688.61,0,24770.22,1,642,4,1,1
27,0,176913.52,0,80587.27,1,462,4,1,0
47,0,89047.14,0,116286.25,1,640,6,1,0
40,1,114318.78,0,129333.69,2,740,4,1,1
50,0,0.0,0,129372.94,2,773,4,0,0
32,1,94753.55,1,18149.03,2,583,7,0,0
46,0,0.0,1,168369.37,2,589,10,0,0
35,0,0.0,1,67431.28,2,509,8,1,0
32,1,106520.73,0,177092.16,2,612,9,1,0
37,0,134006.39,1,93736.69,1,505,0,1,0
25,1,132837.7,0,131647.31,1,546,3,0,0
41,0,120549.29,0,175722.31,2,681,0,0,0
20,0,139432.55,1,85606.83,1,762,1,1,0
29,0,80895.44,0,64945.57,2,786,7,1,0
34,0,0.0,0,190347.72,2,629,6,1,0
39,0,171646.76,1,100791.36,1,787,7,0,0
42,0,109121.71,1,167873.49,1,713,0,1,0
39,0,109844.81,0,25289.23,1,541,6,0,0
31,0,140931.82,1,20388.77,1,451,7,0,0
49,0,0.0,1,145089.64,2,644,10,1,0
32,0,0.0,1,179093.26,2,686,6,1,0
41,1,101543.51,0,16025.17,4,847,3,0,1
37,1,102708.77,0,9087.81,1,765,7,1,0
37,1,149000.91,1,21472.42,2,678,8,0,0
20,0,83459.86,1,146752.67,1,539,0,1,0
40,0,75893.11,0,132562.23,2,800,3,0,0
39,1,167395.6,1,139537.43,2,799,7,0,0
61,0,0.0,1,133672.61,2,629,6,0,0
52,1,71283.09,1,38984.37,2,734,6,0,0
31,0,0.0,1,115217.59,2,542,3,0,0
60,0,0.0,1,93844.82,2,414,3,1,0
38,0,104016.88,0,22068.83,1,675,1,0,1
38,0,127616.56,0,123846.07,1,683,5,0,0
32,0,154737.88,1,172638.13,2,748,5,1,0
29,0,0.0,1,1591.19,2,596,2,1,0
35,0,125476.31,1,91775.51,1,642,4,1,0
21,0,176511.08,1,153920.22,1,499,3,0,0
47,0,110783.28,1,71420.16,1,649,8,0,0
42,0,141642.92,0,172149.76,2,739,2,1,0
31,0,0.0,1,54706.75,2,616,1,1,0
33,0,0.0,1,183358.21,1,560,9,0,0
42,1,75681.52,1,57098.0,1,427,1,1,0
54,0,0.0,0,156910.46,1,435,3,1,1
29,0,0.0,1,130224.73,1,633,7,1,0
35,0,161111.45,0,13946.66,1,443,6,1,0
62,0,0.0,1,38652.96,2,727,5,1,0
45,0,72494.69,1,140041.78,1,674,6,0,0
31,0,133964.3,1,166187.1,1,661,3,0,0
34,0,0.0,0,139919.38,1,619,1,1,0
27,0,0.0,0,28137.03,2,562,3,0,0
61,0,157201.48,1,50368.63,1,633,3,1,0
48,0,95679.29,0,94978.1,1,551,5,0,0
29,1,106230.92,1,69903.93,1,720,7,0,1
32,0,0.0,1,177607.77,2,688,5,0,0
36,1,81231.85,0,196731.08,2,635,9,0,0
31,0,81480.27,1,65234.6,2,561,1,0,0
33,0,73059.38,1,186281.0,1,850,8,1,0
36,0,117559.05,1,111573.3,2,636,5,1,0
74,1,186445.31,1,196767.83,2,461,1,0,0
38,1,137657.71,0,72985.61,2,771,5,0,0
36,0,133889.35,1,143265.65,1,713,8,1,0
45,1,134562.8,1,159268.67,1,658,9,0,0
56,1,100781.75,1,54448.41,2,586,9,0,0
30,0,174356.13,0,31928.5,1,737,8,1,0
27,1,190125.43,0,21793.59,2,742,5,1,0
26,0,146266.0,0,21903.62,1,824,7,1,1
41,1,164046.1,0,49405.93,1,701,9,1,0
43,0,123536.52,0,154908.52,2,623,4,0,0
36,0,0.0,1,182867.84,2,744,10,1,0
38,0,171848.38,0,16957.45,1,698,1,0,0
40,0,0.0,0,93717.55,2,616,9,1,0
39,0,139562.05,0,61636.22,2,662,5,0,0
37,0,0.0,1,95864.5,2,594,2,1,0
40,0,168001.34,1,167400.29,2,685,2,1,0
27,0,0.0,1,131534.96,2,742,0,1,0
83,1,123356.63,1,92934.41,1,678,6,1,0
47,0,0.0,1,119808.64,2,651,2,1,0
50,1,125845.66,0,9439.31,1,585,2,1,1
40,1,45408.85,0,18732.91,2,579,10,1,0
37,1,125977.81,0,160162.42,1,722,0,0,0
51,1,147262.11,1,53630.9,1,613,7,0,1
42,0,133767.19,0,36405.21,1,694,8,1,0
49,1,108806.96,0,61446.92,3,550,0,1,1
42,0,106036.52,0,194686.78,1,741,6,1,1
69,0,0.0,1,134483.07,1,668,9,0,0
27,0,0.0,1,37769.98,2,529,1,0,0
31,0,0.0,1,2382.61,2,636,6,1,0
61,0,82182.1,0,106826.92,1,563,1,1,1
35,0,0.0,0,39511.61,2,767,9,0,0
50,0,76817.0,0,196371.13,4,644,9,1,1
71,1,142550.25,1,122506.78,2,780,9,1,0
41,0,0.0,1,61994.2,2,635,10,0,0
35,1,103711.56,1,192464.21,1,641,2,1,1
40,0,0.0,1,5194.95,1,593,2,0,0
35,1,128369.75,0,198256.15,2,540,7,0,0
35,0,0.0,1,62634.94,2,663,5,1,0
34,0,0.0,1,114006.35,2,630,9,1,0
19,1,166133.28,1,107994.99,1,605,8,1,0
62,1,148214.36,0,48571.14,1,710,9,0,1
78,0,121206.96,1,76016.49,1,755,5,0,0
25,0,0.0,1,180808.39,2,641,10,1,0
50,1,127552.85,0,4225.11,2,737,4,1,0
49,0,159458.53,0,135841.35,1,695,9,1,0
47,1,102085.72,1,183536.24,1,466,5,0,1
58,1,142537.18,1,88791.83,1,558,2,1,0
29,0,182781.74,1,63732.9,2,665,1,1,0
45,0,0.0,0,1364.54,2,737,10,1,0
29,0,0.0,1,149184.15,2,654,7,1,0
28,0,0.0,0,53394.12,2,619,3,0,0
43,1,152063.59,0,97910.06,2,845,3,0,0
28,0,110997.76,0,101433.76,1,727,2,0,0
50,0,148942.0,1,116944.3,1,582,2,1,0
41,0,0.0,1,113267.48,1,716,9,1,0
36,0,84438.57,1,181449.51,1,660,0,0,0
34,0,93920.47,0,179913.98,1,664,7,0,0
43,0,158713.08,0,98586.14,2,801,4,1,0
42,0,0.0,1,120321.09,3,615,4,1,0
63,1,123204.88,1,100538.8,1,718,7,1,0
40,0,72945.29,0,98931.5,2,667,8,1,0
37,0,178742.71,1,194493.57,1,670,0,1,0
43,0,0.0,1,143628.31,2,590,8,1,0
40,0,0.0,0,167030.51,1,739,8,0,0
42,0,0.0,0,77786.37,1,373,7,1,1
46,0,0.0,1,81014.5,1,418,9,0,1
29,0,0.0,1,41866.26,2,837,9,0,0
43,1,140121.17,0,11302.7,1,645,9,1,1
39,1,132906.88,1,149384.43,1,552,2,1,0
45,1,179334.83,1,169303.65,2,580,2,1,0
35,0,137179.39,1,37264.11,1,684,3,1,0
35,0,0.0,1,19515.48,2,634,3,1,0
49,0,119960.29,0,103068.22,2,607,9,0,0
29,0,127414.55,1,134459.12,1,802,9,1,0
36,0,0.0,0,70496.66,1,736,6,0,0
40,0,137409.19,0,175877.7,1,629,9,0,1
28,0,0.0,0,106390.01,2,737,8,1,0
39,0,0.0,1,52138.49,1,718,2,0,0
43,0,0.0,0,18522.91,4,561,4,1,1
31,0,112494.99,1,32231.6,1,641,9,1,0
30,0,78133.15,1,174225.88,1,677,1,1,0
36,0,0.0,0,102021.39,2,641,1,0,0
32,0,145553.07,1,31484.76,1,658,5,0,0
48,1,123593.22,0,82469.06,2,659,4,1,1
47,0,0.0,0,110900.43,1,567,2,0,1
26,0,146286.22,0,105105.35,1,584,0,0,0
35,0,111827.27,0,12674.68,2,709,1,0,0
26,0,0.0,1,93255.85,2,690,2,0,0
70,0,94416.78,1,145299.5,1,627,1,1,0
45,0,91549.78,1,47139.44,1,765,2,1,0
38,0,59568.57,1,167723.25,1,645,7,0,0
23,0,94464.81,1,185900.88,2,716,2,0,0
57,0,0.0,0,85876.67,1,771,4,0,1
44,1,95368.14,1,1787.85,2,687,8,1,0
33,1,102185.42,0,23231.93,2,717,10,0,0
32,0,144875.71,0,187740.04,1,524,1,1,0
39,0,0.0,1,100060.54,2,679,5,1,0
32,0,0.0,1,80130.54,1,538,2,0,0
37,1,113291.05,1,132467.54,2,752,5,0,0
61,0,0.0,1,96202.44,2,846,0,1,0
39,0,0.0,0,94977.3,2,532,0,0,0
43,1,111677.88,0,178827.3,1,670,9,1,1
35,1,131101.04,1,192852.67,1,597,8,0,0
52,1,76101.81,1,177238.35,2,627,1,1,0
40,0,0.0,0,199753.97,2,700,2,0,0
52,0,92510.9,1,66193.61,2,766,7,0,0
34,0,0.0,1,181270.84,2,488,2,0,0
39,0,77652.4,1,25407.59,1,694,5,1,0
31,0,98360.03,0,20973.8,1,639,3,0,0
46,1,115518.07,0,76544.9,1,705,4,0,1
69,1,27288.43,1,110509.9,1,810,3,1,0
36,0,0.0,0,164247.51,1,638,6,0,0
43,0,0.0,0,105149.8,2,595,5,0,0
36,0,0.0,1,55868.97,1,575,7,1,1
31,0,131996.66,1,178747.43,2,850,6,1,0
27,0,121580.42,1,134720.51,1,419,2,0,0
55,0,132436.34,0,978.66,1,640,10,1,0
34,0,0.0,1,183387.12,2,570,10,1,0
46,1,107978.4,0,155876.06,2,640,5,0,0
40,1,78119.59,0,119259.34,4,689,4,0,1
26,0,98684.15,0,133720.57,1,725,6,1,0
44,0,0.0,0,170634.49,2,751,10,0,0
53,0,0.0,0,125692.07,1,544,9,0,1
43,1,129264.05,0,19150.14,2,768,2,0,0
37,1,131753.41,0,86894.67,1,648,6,1,0
33,0,0.0,0,57975.8,2,577,6,0,0
27,0,0.0,1,82938.99,1,639,2,0,0
26,1,57422.62,1,79189.4,1,686,1,1,0
28,0,0.0,1,5177.62,2,657,7,0,0
34,0,144094.2,0,44510.26,1,613,5,1,0
33,0,147510.34,0,190611.92,1,701,9,1,0
28,0,161592.76,0,177834.79,1,578,8,0,0
40,0,0.0,1,119446.64,2,689,1,0,0
72,0,0.0,1,50267.69,2,687,4,0,0
53,0,75225.53,0,144849.1,2,499,1,0,1
39,0,0.0,0,81901.6,2,693,0,0,0
70,0,87542.89,1,42576.86,2,737,9,0,0
32,0,144581.96,1,87609.5,1,651,8,0,0
33,0,122568.05,1,82820.85,2,753,5,1,0
24,0,172231.93,1,155144.12,1,523,5,0,0
28,1,171932.26,1,9578.24,2,458,2,0,0
39,0,0.0,1,170392.59,2,643,7,1,0
34,0,0.0,0,3946.29,2,638,7,0,0
38,1,111798.06,1,102184.66,2,685,4,1,0
38,0,0.0,0,75609.84,3,684,4,1,0
27,0,79336.61,1,26170.08,1,670,5,0,0
63,1,120916.52,0,144727.45,3,701,3,1,1
31,0,142905.51,1,58134.97,1,705,3,0,0
27,0,0.0,0,94620.0,3,593,10,1,1
33,0,96834.78,0,108764.69,1,651,1,0,0
37,0,105261.76,1,149503.54,2,741,9,1,0
54,1,123544.0,1,120314.75,1,596,1,1,1
41,1,127913.71,1,44205.95,2,581,2,1,0
28,0,95328.6,0,6129.61,1,689,5,0,1
30,0,73218.89,1,126796.69,1,544,4,1,0
41,0,0.0,1,27509.52,2,718,1,0,1
35,1,149995.72,0,42143.55,2,583,8,1,0
28,1,123674.28,1,87985.2,2,663,8,1,0
33,1,124125.26,0,81884.8,1,666,2,1,0
29,0,159035.45,0,2705.31,1,524,3,1,1
27,0,0.0,0,30546.4,2,599,5,1,0
27,0,156811.74,1,149402.59,1,667,7,1,0
52,0,0.0,1,118429.02,2,727,4,1,0
55,0,0.0,1,58442.25,2,689,4,0,0
39,0,150555.83,0,30414.17,1,639,6,1,0
28,0,109137.12,1,58814.41,1,678,2,1,0
36,0,158351.02,0,155304.53,2,523,8,1,0
47,0,0.0,0,187943.6,1,650,9,0,0
35,0,0.0,1,43036.6,2,744,7,1,0
40,0,0.0,1,26543.28,2,697,4,1,0
46,0,0.0,0,171928.04,2,800,6,0,0
24,0,0.0,1,35611.35,1,664,7,1,0
39,0,0.0,0,19047.23,2,740,9,1,0
56,0,0.0,1,39820.13,2,835,2,0,0
52,0,0.0,0,129013.59,1,559,2,1,1
36,0,82729.49,0,113810.12,1,676,1,1,0
45,1,142765.24,0,34749.65,2,613,9,0,0
25,0,121172.97,1,56268.98,1,713,4,0,0
28,1,132932.14,1,46630.47,2,751,10,0,0
22,0,123374.46,1,124906.59,1,523,8,1,0
74,1,161371.5,1,134869.93,1,775,0,0,0
45,0,0.0,0,36697.48,2,608,4,1,1
51,0,79563.36,1,172200.91,2,673,8,1,0
46,0,0.0,0,137136.46,2,616,2,1,0
48,1,138232.24,0,57594.78,1,650,7,0,0
41,0,0.0,0,36548.0,1,655,5,0,1
53,1,81571.05,0,182960.46,1,782,1,0,1
35,0,0.0,0,42117.9,2,781,1,1,0
33,0,95927.04,0,199478.05,1,593,0,0,0
35,0,116932.59,0,91092.84,1,505,8,1,0
40,0,0.0,0,14090.4,2,707,1,1,1
36,0,79551.12,1,178267.07,1,692,3,0,0
30,1,116416.94,1,85808.22,1,813,1,1,0
37,0,88141.1,0,109659.12,1,850,4,1,0
32,0,177729.13,1,161642.08,1,753,6,1,0
32,0,0.0,1,3830.59,1,850,5,0,0
32,0,123912.78,1,146636.44,2,671,6,1,0
33,0,0.0,1,144413.92,1,791,3,0,1
80,0,0.0,1,65801.44,1,624,3,1,0
35,0,108306.44,1,192486.24,1,649,4,0,0
48,1,102962.62,0,120852.85,1,732,4,0,1
36,0,103502.22,1,146191.82,1,664,0,0,0
43,1,119654.44,1,148412.24,2,789,8,1,1
33,0,183768.47,0,164119.35,1,680,10,1,0
37,0,0.0,0,163457.55,2,701,1,1,0
25,0,0.0,1,144978.47,2,684,1,0,0
52,0,140900.97,1,67288.89,1,586,6,0,0
25,1,94049.92,0,103269.0,2,522,5,0,0
27,0,98926.4,1,106969.98,1,739,8,0,0
18,1,142872.36,1,117632.63,1,835,2,1,0
29,0,46057.96,1,189777.66,2,790,3,1,0
48,0,119769.77,1,66032.65,1,671,6,0,0
44,0,143244.97,0,98661.27,1,560,5,0,0
28,0,79562.98,1,74687.37,1,651,10,1,0
69,0,0.0,1,149604.18,2,682,6,1,0
41,0,0.0,1,79888.78,1,808,0,1,0
26,0,96659.64,1,138775.69,2,644,8,1,0
29,0,0.0,0,154695.57,2,688,1,1,0
26,0,165947.99,1,168834.38,2,617,2,0,0
33,0,92676.3,0,105817.63,1,738,4,1,0
45,0,83195.12,1,48682.1,1,663,5,1,0
48,0,129387.94,1,147955.91,1,515,5,1,1
28,0,0.0,1,56185.98,2,845,9,0,0
38,0,130233.14,1,81861.1,1,639,9,1,0
32,0,123502.53,1,69826.8,1,557,3,0,0
37,1,140894.06,1,118059.19,2,543,8,1,0
44,1,163867.86,1,112333.22,1,585,7,1,0
27,0,0.0,0,14546.76,2,610,2,0,0
18,1,93816.7,0,126172.11,2,727,2,0,0
40,0,0.0,0,3560.0,2,540,8,0,0
35,0,0.0,1,88878.15,2,418,7,1,0
32,0,114668.89,0,84605.0,1,660,0,0,0
38,1,146756.68,0,78268.61,1,850,5,1,0
46,0,150213.71,0,120668.46,1,618,6,0,1
18,1,111183.53,1,10063.75,2,642,5,1,0
40,0,99816.46,1,163989.66,1,850,9,0,1
34,0,0.0,0,60584.33,1,739,9,1,0
41,0,0.0,1,94170.84,2,508,5,0,0
41,0,0.0,0,167181.77,2,667,6,1,0
60,0,0.0,1,38914.51,1,741,5,0,0
29,0,0.0,1,91196.67,2,592,7,1,0
45,1,86714.06,0,85869.89,1,651,6,0,1
52,0,0.0,0,57337.79,2,773,2,1,0
41,0,132838.07,1,175347.28,1,850,8,1,0
42,1,128707.31,0,63092.65,1,550,10,0,1
40,0,0.0,0,109742.55,2,783,6,1,0
29,0,0.0,0,124489.88,2,777,2,1,0
29,0,123192.12,1,56971.41,1,659,6,1,1
46,1,115248.11,0,130752.01,4,727,3,1,1
38,0,59360.77,1,191457.06,1,603,8,1,0
37,0,0.0,1,96442.86,2,644,9,1,0
35,0,112668.7,1,122584.29,1,647,6,0,0
37,1,138503.51,0,57215.85,2,648,7,0,0
57,0,0.0,1,195940.96,1,721,1,1,0
29,0,0.0,1,105448.74,2,524,7,1,0
34,0,0.0,1,37870.29,2,626,3,0,0
43,0,0.0,0,52534.81,2,569,7,1,0
36,0,157267.95,0,141533.19,2,578,1,1,0
40,0,133871.05,1,50568.02,1,769,9,0,0
31,1,141989.27,0,26116.82,2,694,4,1,0
41,0,0.0,1,152054.33,1,664,5,0,0
38,0,0.0,0,1528.4,2,646,7,1,0
29,0,46388.16,0,127939.26,3,779,3,0,1
72,1,148666.99,0,2605.65,1,782,5,0,1
34,1,115101.5,0,57841.89,1,769,7,1,1
67,1,148363.38,1,186995.17,1,655,6,1,0
46,0,0.0,0,5549.11,1,623,4,1,1
39,0,144102.32,1,11682.36,1,705,8,0,0
41,0,128876.71,1,106939.34,3,686,5,1,1
36,1,118448.15,0,53172.02,2,678,6,1,0
39,0,0.0,1,114388.98,2,738,5,1,0
28,0,0.0,1,2151.17,2,703,9,1,0
42,0,0.0,1,183492.9,2,554,1,1,0
38,0,135979.01,1,76582.95,4,582,9,0,1
37,0,117271.8,0,104217.96,2,644,6,1,1
29,0,0.0,0,8982.75,1,724,4,1,0
33,0,0.0,0,9984.4,2,593,1,1,0
30,0,0.0,0,19500.1,2,710,10,0,0
35,0,129205.49,1,79146.36,1,631,8,1,0
41,0,0.0,0,191694.77,1,739,8,0,1
18,0,0.0,1,59645.24,1,644,7,1,1
35,1,104015.54,1,55207.88,2,652,7,1,0
37,0,0.0,0,166177.3,2,554,3,1,0
30,0,0.0,0,136356.97,2,483,9,0,0
42,1,103873.39,0,148611.52,1,669,1,0,0
52,1,112383.03,0,85516.37,1,841,3,0,1
34,0,117731.79,1,55120.79,2,662,2,1,0
45,1,135827.33,1,131778.58,2,821,0,1,0
38,0,114135.17,0,153269.98,1,783,9,1,0
28,0,0.0,1,164864.67,2,850,9,0,0
62,0,118756.62,1,20367.68,1,559,6,1,0
34,0,98382.72,0,39542.0,1,602,8,1,0
41,1,100520.92,1,19412.8,1,563,2,1,1
35,0,79858.13,1,127977.66,2,695,7,0,0
20,0,0.0,1,20508.85,1,546,6,0,0
76,1,95052.29,0,176244.87,1,719,10,0,0
42,1,177728.55,0,105013.63,1,539,1,1,0
71,0,83116.68,1,27597.76,1,632,3,1,0
34,1,111565.91,1,121073.23,1,772,7,1,0
40,0,83015.71,0,101089.76,1,708,8,1,0
28,1,124511.01,0,114258.18,1,668,1,0,0
67,0,130652.52,1,22762.23,1,738,1,0,0
55,0,0.0,1,7008.65,2,785,5,1,0
61,0,0.0,1,81299.17,2,597,5,1,0
37,0,121854.45,0,147521.35,1,531,7,1,0
26,0,0.0,1,6177.83,2,509,10,1,0
35,0,86893.28,0,59374.82,1,508,1,1,0
32,1,79523.13,1,157648.12,1,749,7,0,0
55,1,131033.76,1,75685.59,1,621,7,0,1
33,0,89939.62,0,136540.09,1,659,7,0,0
59,1,95727.05,0,97939.4,1,634,3,0,1
39,0,0.0,1,36267.21,2,675,7,1,0
31,0,155047.56,1,186064.34,2,770,3,1,0
29,0,0.0,0,176152.7,2,736,9,0,0
44,0,118569.03,0,82117.2,2,524,10,1,0
28,0,0.0,1,151925.25,1,674,5,1,0
44,0,0.0,0,142287.65,2,700,9,1,0
35,0,0.0,0,36557.55,2,741,1,0,0
40,0,0.0,1,129975.34,3,455,1,1,0
37,0,130461.02,0,21967.15,1,608,2,1,0
36,0,0.0,0,53477.76,2,776,1,1,0
33,0,0.0,0,178067.33,3,635,1,1,1
37,0,0.0,1,171039.56,2,746,4,0,0
47,0,0.0,0,150802.41,2,692,3,0,1
35,0,61172.04,0,82951.12,1,683,9,1,0
35,1,90194.34,0,57064.57,2,591,2,0,0
24,0,95508.2,1,45755.0,1,581,3,0,0
35,1,99967.76,1,176882.08,1,684,3,1,0
37,0,101470.29,1,88838.14,1,561,4,1,0
33,1,70541.06,0,88592.8,1,718,4,0,0
31,0,112211.61,0,26261.42,1,590,8,1,0
47,0,154543.98,0,29586.73,1,573,8,0,0
40,0,111098.85,1,172321.21,1,350,0,0,1
44,1,131873.07,1,158036.72,2,504,0,0,1
27,0,137275.36,1,115733.16,1,813,1,1,0
31,0,153316.14,0,59927.99,1,641,3,1,0
22,0,0.0,1,44377.65,2,662,9,0,0
44,0,121250.04,1,79691.4,1,497,2,1,0
31,0,109578.04,1,51503.51,2,716,8,1,0
37,0,53573.18,0,62830.97,1,526,5,0,0
34,1,58003.41,0,90346.1,1,760,6,0,0
31,0,113000.66,0,40467.82,1,669,6,0,0
27,0,0.0,0,51620.94,2,655,10,1,0
49,0,0.0,0,65466.93,1,547,2,0,1
40,1,139973.65,1,667.66,1,648,5,0,1
31,0,151290.16,1,172437.12,1,790,2,0,0
50,1,121498.11,1,106061.47,2,744,1,0,1
32,0,103515.39,1,177622.38,2,761,4,0,0
35,0,0.0,0,191520.5,1,750,3,0,0
34,0,0.0,1,95686.6,2,680,9,1,0
38,0,106687.76,0,173776.5,1,704,6,1,0
41,0,0.0,1,113089.43,2,521,2,0,0
35,0,0.0,1,149614.81,2,452,8,0,0
31,0,106089.2,0,99537.68,1,695,5,0,0
71,0,69608.14,0,97893.4,1,850,10,1,1
31,0,0.0,1,90.07,2,625,5,1,0
40,1,96202.32,0,161154.85,1,608,7,0,0
38,0,0.0,1,332.81,2,715,0,0,0
33,0,0.0,0,66285.18,2,834,5,1,0
33,0,127818.52,0,163477.22,1,469,1,1,0
40,0,0.0,0,170332.67,1,480,7,0,1
58,1,137318.42,1,126144.96,1,527,3,1,0
34,0,0.0,0,53437.1,2,834,5,1,0
40,0,55776.39,0,26920.43,2,583,4,0,0
32,1,84421.62,1,52314.71,1,696,4,1,0
32,0,83161.65,1,116885.59,1,606,5,1,0
39,0,0.0,1,126263.97,2,713,10,0,0
42,1,87807.29,1,64613.81,2,821,3,1,0
30,0,0.0,0,89216.29,2,550,4,0,0
39,0,0.0,0,83419.15,2,675,6,0,0
39,0,0.0,1,123998.52,2,748,3,1,0
40,1,95293.86,1,96985.58,2,606,9,1,0
30,1,92847.59,0,146154.06,1,726,7,1,0
30,0,0.0,1,18471.86,2,547,6,1,0
35,0,0.0,0,95009.6,2,758,5,1,0
37,0,0.0,1,121175.86,1,596,2,1,0
34,0,0.0,1,77047.78,2,720,3,1,0
37,0,0.0,0,158049.9,1,674,3,1,0
32,0,0.0,0,147040.25,2,756,4,0,0
78,1,68345.86,1,142566.75,2,649,4,1,0
28,1,76656.4,1,185483.24,2,613,7,1,0
62,0,0.0,0,155870.82,2,643,9,1,0
31,0,0.0,1,121555.51,2,600,8,1,0
39,0,60374.98,0,40223.74,1,735,1,1,0
34,0,0.0,1,75503.6,1,585,1,0,0
33,1,88046.88,1,186942.49,1,724,4,1,1
29,0,0.0,0,117173.8,2,635,2,1,0
19,0,0.0,0,3453.4,2,472,9,1,0
36,0,0.0,0,48876.84,2,590,1,1,0
63,0,129968.67,1,11830.53,1,651,8,0,0
39,1,157731.6,0,162820.6,2,686,4,0,0
32,0,0.0,1,36540.63,2,606,6,1,0
33,0,89276.48,0,6959.0,1,781,3,1,0
45,0,138825.19,0,10828.78,1,593,4,1,0
63,0,103729.79,1,80272.06,2,793,4,1,0
31,0,75499.24,0,22184.14,1,791,10,0,0
68,0,169445.4,1,186335.07,1,850,5,1,0
57,0,111359.55,0,105715.01,2,698,9,0,0
34,0,142388.61,1,68393.64,2,846,10,0,1
42,0,123311.39,1,82868.34,2,765,4,1,0
52,0,115532.52,0,196257.67,1,574,7,1,0
51,1,167273.71,0,93439.75,1,617,10,0,1
25,0,77886.53,0,150319.49,2,581,5,1,0
37,1,135795.63,1,46523.6,1,710,6,1,0
32,0,97514.07,1,199138.84,1,550,8,1,0
51,1,127545.56,0,79559.02,2,533,6,1,1
49,0,106160.37,0,116893.87,1,779,9,1,0
23,0,0.0,0,153983.99,2,763,2,0,0
36,0,143680.47,1,63531.19,2,563,4,0,0
38,0,124483.53,0,126253.31,1,678,3,1,0
31,0,86006.3,1,73922.95,1,644,5,0,0
43,1,111094.05,1,64679.3,2,682,7,0,0
22,0,0.0,0,157072.91,2,625,9,1,0
36,0,0.0,1,108377.82,2,733,1,1,0
30,0,0.0,0,88827.31,2,512,6,0,0
41,0,115171.71,1,37674.47,1,642,7,0,0
22,1,111543.26,0,106327.85,2,737,10,0,0
57,0,137936.94,1,84475.13,1,575,8,0,0
37,1,122304.65,0,33998.7,2,543,3,0,0
41,1,120586.54,1,20491.15,1,521,8,1,0
32,0,0.0,1,197827.06,2,637,3,1,0
40,0,46520.69,1,96687.25,1,714,9,1,0
56,0,105473.74,1,46044.7,1,726,2,0,0
34,0,0.0,0,98949.85,2,680,7,0,0
39,1,115730.71,1,185599.34,3,812,5,1,1
30,0,145396.49,1,198341.15,1,757,3,1,0
62,0,131078.42,0,119348.76,2,710,3,1,1
47,1,128298.74,0,149614.17,1,516,9,0,1
40,0,165526.71,0,12328.08,1,803,6,0,0
38,0,83714.41,1,33245.97,1,560,5,0,0
36,0,0.0,1,2243.41,2,679,3,0,0
32,0,125540.05,0,86786.41,1,526,7,1,0
41,0,100254.76,1,12706.67,2,485,2,1,0
36,0,0.0,0,41295.1,2,625,3,0,1
43,0,138150.57,1,177357.16,1,773,7,1,0
45,0,0.0,1,190663.89,1,530,1,0,1
43,1,95984.21,1,115262.54,1,616,7,0,1
23,0,0.0,1,170099.23,2,651,10,1,0
38,1,136858.42,1,189143.94,1,586,2,1,0
29,1,102609.0,0,163257.44,1,607,7,1,0
39,0,0.0,1,95562.81,2,724,3,1,0
64,0,0.0,1,75272.63,2,733,3,1,0
70,1,77356.92,1,20881.96,2,667,3,1,0
32,0,110923.15,1,161845.81,2,700,8,0,1
78,0,151675.65,1,49978.67,1,659,2,1,0
22,0,0.0,0,107292.91,3,710,8,1,0
37,0,0.0,0,32863.24,1,760,7,1,1
25,0,0.0,0,179608.96,2,677,3,0,0
29,1,80204.11,0,70223.22,2,798,8,0,0
35,0,0.0,0,77951.84,2,758,7,1,0
45,0,0.0,1,55043.93,2,715,4,1,0
32,1,115587.49,1,101677.46,2,752,9,1,0
46,1,106968.96,1,79366.98,1,586,8,1,1
36,0,0.0,1,8037.03,2,818,4,1,0
41,1,139659.04,1,176254.12,1,490,0,0,0
69,1,86038.21,0,192743.06,3,610,5,0,1
24,1,102773.2,0,56793.02,2,627,5,1,1
35,0,0.0,1,187900.12,2,533,8,0,0
51,0,70754.18,1,92920.04,1,708,8,0,1
59,0,122781.51,1,140166.95,1,681,4,1,0
21,0,0.0,1,155782.89,2,690,8,1,0
68,1,153545.11,1,186574.68,1,656,7,1,0
40,0,121629.22,1,3258.6,1,673,1,1,0
36,1,167983.17,1,106714.28,2,806,8,1,0
43,0,81153.82,1,144532.85,1,648,7,0,1
35,0,99760.84,1,13591.52,1,501,6,1,0
43,1,125890.72,1,74854.97,1,556,4,0,0
27,0,0.0,0,125451.01,2,627,2,0,0
31,0,119148.55,0,149740.22,1,652,2,1,0
60,1,72948.58,1,17355.36,2,807,1,0,0
21,1,133974.36,0,50294.09,2,708,8,1,0
27,0,154483.98,0,156394.74,1,619,1,1,0
40,0,98627.13,0,77977.69,2,601,10,1,0
64,0,136770.67,1,43678.06,1,445,2,1,0
39,1,95252.72,0,13906.34,1,800,4,1,0
33,0,117413.95,1,12766.74,1,554,3,1,0
54,1,137986.58,1,51308.54,2,714,4,1,1
44,0,143571.52,0,127444.14,1,656,10,1,0
49,0,121197.64,0,72577.33,1,520,5,1,1
39,0,121626.9,1,82438.13,1,480,5,1,0
30,1,84440.1,1,60485.98,2,660,1,1,0
36,0,0.0,1,132798.78,2,532,4,1,0
42,0,0.0,0,71823.15,2,679,1,1,0
26,0,140356.7,0,117144.15,1,780,3,0,0
29,0,0.0,1,141706.43,2,747,7,1,0
39,0,92224.56,1,54517.25,1,705,3,0,0
43,0,0.0,0,183147.17,2,732,9,0,0
40,0,121355.99,0,138360.29,1,515,10,1,0
40,1,109003.26,1,79580.56,1,816,9,0,0
48,0,147341.43,1,157458.61,1,641,3,0,1
18,0,102983.91,0,171770.58,1,509,7,1,0
49,1,96252.98,0,104263.82,2,601,4,0,0
39,0,0.0,0,167183.07,2,527,4,1,1
27,0,155879.09,0,70774.97,2,455,5,0,0
34,1,142929.16,1,114869.56,2,803,4,1,0
32,0,64082.09,1,109159.58,1,553,7,1,0
28,0,0.0,0,59351.68,1,724,5,0,0
45,0,0.0,1,199657.46,2,610,1,0,0
39,0,0.0,1,121151.1,2,559,2,0,0
35,1,118336.95,0,26342.33,1,825,6,0,1
28,0,168253.21,1,102799.14,1,819,8,0,0
42,1,101979.16,0,90928.48,1,772,0,0,0
23,0,164902.43,0,141152.28,1,685,5,1,0
43,0,0.0,0,105568.6,2,506,2,1,0
22,1,111812.52,1,183045.46,2,642,10,1,0
40,0,0.0,1,194792.42,2,627,10,1,0
30,1,119755.0,1,21852.91,1,600,2,1,0
46,0,119556.1,0,78250.13,1,653,0,1,1
35,0,119349.69,1,47114.18,3,762,3,0,1
30,0,139528.23,1,33230.37,1,569,3,0,0
40,0,94773.11,0,114279.63,1,756,1,1,0
31,0,108345.22,1,38802.03,1,673,1,1,0
36,0,166939.88,1,72504.76,1,637,9,0,0
33,0,174571.36,1,43943.09,1,644,7,1,0
35,0,71829.34,1,68141.92,1,658,9,1,0
36,0,0.0,1,109179.89,2,649,8,0,0
39,0,76769.68,0,48224.72,1,603,9,0,0
39,0,104614.29,0,61538.43,1,820,1,0,1
27,0,0.0,0,94544.88,1,712,10,1,0
31,1,128927.93,1,2850.01,1,645,1,0,0
31,1,110941.93,0,163484.8,2,705,9,0,0
29,0,99250.08,1,129629.41,1,590,10,0,0
36,0,0.0,0,133141.34,2,631,1,1,0
34,0,0.0,1,188078.55,2,604,7,1,0
48,0,0.0,0,174729.3,2,643,8,1,0
30,0,0.0,1,78700.03,2,690,5,0,0
31,0,0.0,0,198269.08,1,558,7,1,0
51,1,104682.83,0,55266.96,1,637,1,1,1
45,1,118886.55,0,51636.7,1,648,5,0,0
28,0,156823.7,0,198251.52,2,652,8,1,0
39,1,124216.93,1,171442.36,1,808,3,1,0
26,0,144258.52,0,49778.79,1,551,2,0,0
26,1,128793.63,0,19262.05,1,711,9,1,0
28,1,126315.26,0,32349.29,1,467,10,1,1
40,0,0.0,0,137402.27,2,789,4,0,0
33,0,0.0,1,64038.34,2,602,5,1,0
39,0,0.0,1,68814.23,2,576,1,1,0
38,0,115341.55,1,173632.92,1,584,1,1,0
32,0,99162.29,0,128384.11,1,593,6,1,0
48,1,156848.13,1,99475.95,2,705,1,0,1
64,1,105736.32,1,89935.73,1,595,2,0,1
41,1,200117.76,0,94142.35,2,699,1,0,0
46,0,62212.29,1,171681.86,1,516,6,0,1
31,0,0.0,0,8222.96,2,838,2,1,0
39,0,0.0,1,170409.45,2,587,10,1,0
38,0,151532.4,1,46555.15,1,750,5,1,0
39,1,121523.51,0,161655.55,1,581,1,1,1
41,0,0.0,1,74267.35,1,484,5,1,0
26,0,0.0,1,34101.06,2,576,8,1,0
46,1,68238.51,1,109572.58,2,567,1,0,0
30,0,136808.53,1,106642.97,2,638,9,1,0
24,1,92398.08,1,18897.29,1,646,0,1,0
40,0,143566.12,1,189607.71,1,658,5,0,0
38,0,0.0,1,148750.16,2,590,9,0,0
25,0,127728.24,1,105279.74,2,546,7,1,0
34,0,0.0,0,167916.35,2,603,9,0,0
38,0,119658.49,1,8646.58,1,619,10,0,0
34,0,0.0,1,124592.84,2,678,6,0,0
26,0,149879.66,0,50016.17,1,459,4,1,0
28,1,119859.52,0,125422.66,2,671,8,1,0
43,0,104533.24,0,81123.59,1,501,6,1,1
37,0,145382.61,0,80408.59,1,719,10,1,0
37,0,121231.39,1,146366.08,1,681,6,0,0
24,0,141078.57,1,24402.87,1,706,2,1,0
32,1,108465.65,0,60552.44,2,763,1,0,1
39,0,70657.61,1,76476.05,2,716,1,1,0
40,1,120105.43,0,92075.01,1,507,3,1,1
55,1,129646.91,1,184125.1,1,678,4,1,1
30,0,191091.74,1,96170.38,2,775,10,0,0
38,0,0.0,1,98208.62,1,544,8,1,0
27,0,0.0,1,157932.75,2,756,8,1,0
43,1,131433.33,1,3497.43,2,757,5,0,1
33,1,137937.95,1,51387.1,1,742,1,1,0
49,0,0.0,0,50123.44,2,591,3,1,0
24,0,0.0,0,180329.83,2,667,4,1,0
32,0,0.0,1,13238.93,2,787,4,1,0
43,0,93143.39,0,167554.86,1,718,0,0,0
38,0,0.0,0,51454.06,2,521,6,1,0
40,0,112544.45,1,19842.22,1,607,1,1,0
34,0,123034.43,1,38315.04,2,633,3,0,0
37,0,0.0,1,187816.59,2,588,2,1,0
33,1,119278.44,1,197148.24,1,724,9,0,0
44,0,0.0,0,163471.01,2,720,4,1,0
39,0,0.0,1,653.58,2,521,7,1,0
36,0,169312.72,0,45414.09,1,620,7,1,0
33,1,106506.77,0,45445.78,3,505,3,0,1
43,0,128412.61,1,139024.31,1,728,8,0,0
62,1,118356.89,0,168034.83,2,486,9,1,1
42,1,137479.13,0,25669.1,1,584,3,1,0
40,0,0.0,0,8207.36,2,687,1,0,0
50,0,105229.72,1,16281.68,1,771,3,1,1
41,0,148088.11,0,14083.12,1,678,2,1,0
48,0,0.0,1,30165.06,1,751,4,0,1
33,0,126679.69,1,39451.09,1,670,8,1,0
31,0,90826.27,0,60270.87,2,675,2,1,0
24,0,143582.89,1,22527.27,1,684,8,1,0
21,0,125712.2,0,175072.47,1,637,10,0,0
32,0,0.0,1,114565.35,1,760,2,0,0
37,0,155187.3,0,48930.8,1,662,4,1,0
49,0,0.0,0,187008.45,2,680,10,1,0
40,0,155455.43,1,113581.85,1,604,5,1,0
40,0,100480.53,0,124095.69,1,764,9,0,0
77,0,0.0,1,49054.1,2,521,6,0,0
56,1,127585.98,1,80593.49,3,684,3,0,1
40,0,101891.1,1,183044.86,1,795,2,0,0
61,0,0.0,1,159938.82,2,678,8,0,0
38,0,0.0,0,95483.48,1,589,4,1,1
28,0,128929.88,1,198069.71,1,660,3,0,0
39,1,121681.91,1,61793.47,2,646,6,1,0
56,1,139603.22,1,86383.61,1,706,3,0,0
27,0,0.0,0,144099.48,2,730,7,0,0
36,0,0.0,1,155641.46,2,606,10,0,0
36,0,91760.11,1,135784.94,1,690,10,0,0
41,1,93925.3,0,123982.14,1,645,2,1,1
38,0,175739.36,1,193130.55,1,579,4,0,0
28,0,0.0,0,145215.96,2,481,10,0,0
45,1,170295.04,0,164741.81,2,492,9,1,0
58,0,101579.28,1,72168.53,1,739,2,1,0
55,0,118793.6,1,95022.02,1,624,7,1,1
44,0,115282.3,0,23766.4,1,682,3,1,0
34,0,107980.37,1,119374.74,1,701,6,0,0
44,0,133866.22,1,139049.24,1,718,1,0,0
34,0,102723.35,0,180844.81,2,496,1,0,0
41,0,0.0,1,143980.29,2,543,5,1,0
44,0,193213.02,1,137392.77,2,616,7,0,0
53,1,117005.55,1,123646.57,1,635,8,1,1
31,0,132862.59,0,158054.49,1,652,1,1,0
26,0,0.0,0,105784.85,2,688,0,1,0
49,0,204510.94,1,738.88,1,678,3,0,1
36,1,65349.71,0,64539.64,1,757,1,1,0
36,0,139753.35,0,79871.16,1,667,8,1,0
29,0,0.0,1,190776.83,2,725,6,0,0
50,1,107959.39,1,6985.34,1,632,5,0,1
38,0,195926.39,1,85522.84,1,694,5,0,0
36,0,0.0,1,149370.93,2,803,1,1,0
31,0,87772.52,0,188516.45,1,814,6,0,0
38,0,71018.6,0,2444.29,2,611,4,1,0
38,1,111096.91,1,19762.88,1,755,4,1,0
40,1,166776.6,1,172646.88,2,425,9,1,0
34,0,101266.51,0,33501.98,1,850,6,0,0
18,0,134796.87,1,114858.9,2,677,8,1,0
46,0,0.0,0,162668.33,1,797,8,0,0
43,1,118588.83,1,161241.65,1,692,10,0,1
28,1,160454.15,1,114957.22,2,735,5,1,0
77,0,0.0,1,18708.76,1,609,1,1,0
42,0,0.0,1,105305.72,2,700,8,0,0
36,0,91132.18,0,58111.71,1,526,5,0,0
57,0,0.0,1,135502.77,2,693,9,0,0
20,0,0.0,0,10792.42,2,748,7,0,0
36,0,0.0,1,123866.43,2,657,8,1,0
25,1,113113.12,0,129181.27,1,739,5,0,0
23,0,0.0,1,6847.73,1,784,2,1,0
41,1,190409.34,1,138361.48,2,744,7,1,0
44,0,0.0,1,166707.22,2,645,10,1,0
33,0,0.0,1,107221.03,2,669,9,0,0
34,0,83503.11,1,73124.53,2,615,1,1,1
53,1,139687.66,1,12913.92,2,724,1,0,0
47,0,137301.87,0,44351.77,1,850,9,0,0
39,1,129845.26,1,96444.88,1,625,10,0,0
46,0,0.0,1,60739.16,2,635,8,1,0
37,1,125489.4,0,118570.53,1,724,6,1,0
47,0,0.0,1,97057.28,2,550,2,1,0
45,0,155417.61,1,3449.22,1,645,6,1,0
29,0,0.0,1,37605.9,2,714,4,1,0
46,0,85216.61,0,117369.52,1,520,10,0,1
25,0,0.0,0,100598.98,1,633,1,1,0
37,0,0.0,1,17802.42,1,537,6,1,0
38,0,113607.47,0,91094.46,1,764,4,1,0
33,1,104552.72,1,120853.83,1,795,9,0,1
44,0,0.0,0,107124.17,2,573,9,1,0
44,0,0.0,0,59207.41,1,702,9,1,1
33,1,126524.11,0,136869.31,1,740,2,1,0
34,0,117593.48,0,113308.29,2,479,5,1,0
33,1,83199.05,0,159334.93,1,627,4,0,0
35,0,125920.98,1,20393.44,1,479,4,1,0
48,0,118469.38,1,158590.25,1,623,5,1,0
40,1,153537.57,0,23101.13,2,512,8,0,0
41,0,0.0,1,112585.19,1,609,6,1,0
42,0,151027.05,0,119377.36,2,518,7,1,0
34,0,144751.81,0,166472.81,1,833,3,0,0
26,0,155739.76,0,171552.02,1,758,4,1,0
27,0,0.0,1,157474.1,2,611,7,1,0
33,0,122531.86,0,13549.24,1,583,7,1,0
50,1,113957.01,0,196526.55,2,610,1,1,1
33,0,103377.81,0,84419.78,1,637,7,0,0
32,0,0.0,1,24991.92,2,683,9,0,0
40,0,93017.47,0,191608.97,2,774,9,1,0
58,0,90022.85,1,2988.28,1,677,1,0,0
35,0,74371.49,0,99595.67,1,741,6,1,0
42,1,152039.7,1,53445.17,1,498,3,1,1
46,1,137145.12,0,115146.4,1,655,7,0,1
40,0,0.0,0,151325.24,1,613,4,1,0
35,1,90602.42,1,51695.41,2,602,7,1,0
36,0,123841.49,0,96833.0,2,659,6,1,0
47,1,183579.54,1,34047.54,2,673,1,1,0
30,0,180307.73,1,1914.41,2,606,8,1,0
30,0,0.0,0,49337.84,2,775,4,1,0
28,0,0.0,1,179436.6,2,841,4,1,0
33,1,35016.6,0,53667.08,1,714,3,1,0
53,0,88381.21,0,69384.71,1,597,4,0,1
36,0,0.0,0,195192.4,1,726,2,1,0
28,0,155060.41,0,29179.52,1,644,7,1,0
29,0,0.0,0,167773.55,2,800,2,0,0
39,0,0.0,0,96270.64,2,771,5,1,0
35,0,57369.61,1,101699.77,1,516,10,1,0
36,0,0.0,1,42085.58,1,709,7,0,1
42,1,75075.31,0,92888.52,2,772,3,1,1
28,0,130142.79,0,38190.78,1,792,4,0,0
